eco00450;trxB
eco00450;ynfE
eco00450;ynfF
eco00450;malY
eco00450;sufS
eco00450;selD
eco00450;metG
eco00450;cysN
eco00450;cysD
eco00450;ygfK
eco00450;ygfM
eco00450;xdhD
eco00450;metC
eco00450;selA
eco00450;metE
eco00450;metB
eco00450;metH
eco00660;leuD
eco00660;leuC
eco00660;leuB
eco00660;ilvI
eco00660;ilvH
eco00660;sucC
eco00660;sucD
eco00660;ilvN
eco00660;ilvB
eco00660;ilvM
eco00430;tauD
eco00430;gadB
eco00430;ackA
eco00430;pta
eco00430;ggt
eco00430;gadA
eco00290;leuD
eco00290;leuC
eco00290;leuB
eco00290;leuA
eco00290;ilvI
eco00290;ilvH
eco00290;alaA
eco00290;tdcB
eco00290;avtA
eco00290;ilvN
eco00290;ilvB
eco00290;ilvM
eco00290;ilvE
eco00290;ilvD
eco00290;ilvA
eco00290;ilvC
eco00473;ddlB
eco00473;ddlA
eco00473;dadX
eco00473;alr
eco00633;nfsB
eco00633;nfsA
eco00633;hyaA
eco00633;hyaB
eco00633;nemA
eco00633;hybC
eco00633;hybO
eco00071;fadE
eco00071;frmA
eco00071;adhE
eco00071;paaF
eco00071;adhP
eco00071;fadD
eco00071;atoB
eco00071;fadJ
eco00071;fadI
eco00071;hcaD
eco00071;aas
eco00071;yqeF
eco00071;yiaY
eco00071;fadA
eco00071;fadB
eco01502;murF
eco01502;mraY
eco01502;murG
eco01502;ddlB
eco01502;ddlA
eco01502;dadX
eco01502;ddpX
eco01502;alr
eco00561;glxK
eco00561;plsX
eco00561;dhaL
eco00561;dhaK
eco00561;plsC
eco00561;plsY
eco00561;garK
eco00561;glpK
eco00561;gldA
eco00561;b4041, plsB
eco00561;dgkA, b4042
eco00561;melA
eco00052;lacZ
eco00052;malZ
eco00052;pgm
eco00052;galM
eco00052;galK
eco00052;galT
eco00052;galE
eco00052;galU
eco00052;pfkB
eco00052;glf
eco00052;wcaN
eco00052;gatD
eco00052;gatB
eco00052;gatA
eco00052;gatZ
eco00052;gatY
eco00052;glk
eco00052;ebgA
eco00052;ebgC
eco00052;kbaZ
eco00052;agaV
eco00052;kbaY
eco00052;agaB
eco00052;agaC
eco00052;agaD
eco00052;agaI
eco00052;dgoK
eco00052;yihQ
eco00052;yihR
eco00052;pfkA
eco00052;melA
eco00052;sgcA
eco00052;sgcC
eco00052;dgoA
eco00052;dgoD
eco00052;sgcB
eco00740;ribF, b0025
eco00740;ribD
eco00740;ribE
eco00740;ssuE
eco00740;ribA
eco00740;ribC
eco00740;ribB
eco00740;fre
eco00362;mhpD
eco00362;mhpF
eco00362;mhpE
eco00362;paaF
eco00362;paaH
eco00362;pptA
eco00362;atoB
eco00362;fadJ
eco00362;fadI
eco00362;yqeF
eco00362;fadA
eco00362;fadB
eco00750;thrC
eco00750;pdxA
eco00750;serC
eco00750;pdxY
eco00750;pdxH
eco00750;pdxB
eco00750;pdxK
eco00750;pdxJ
eco00750;epd
eco00500;yagH
eco00500;mak
eco00500;malZ
eco00500;pgm
eco00500;ybhC
eco00500;treA
eco00500;galU
eco00500;ycjM
eco00500;ycjU
eco00500;uidA
eco00500;malX
eco00500;otsA
eco00500;otsB
eco00500;amyA
eco00500;ugd
eco00500;wcaN
eco00500;bglX
eco00500;glk
eco00500;crr
eco00500;malQ
eco00500;malP
eco00500;glgP
eco00500;glgA
eco00500;glgC
eco00500;glgX
eco00500;glgB
eco00500;treF
eco00500;bcsZ
eco00500;bcsA
eco00500;malS
eco00500;yihQ
eco00500;pgi
eco00500;treC
eco00500;treB
eco00910;can
eco00910;yahI
eco00910;cynT
eco00910;cynS
eco00910;ybcF
eco00910;hcp
eco00910;narK
eco00910;narG
eco00910;narH
eco00910;narJ
eco00910;narI
eco00910;narV
eco00910;narW
eco00910;narY
eco00910;narZ
eco00910;narU
eco00910;gdhA
eco00910;napB
eco00910;napA
eco00910;yqeA
eco00910;gltB
eco00910;gltD
eco00910;nirB
eco00910;nirD
eco00910;glnA
eco00910;nrfA
eco00051;mak
eco00051;manA
eco00051;pfkB
eco00051;manX
eco00051;manY
eco00051;manZ
eco00051;yedP
eco00051;cpsG
eco00051;cpsB
eco00051;wcaG
eco00051;gmd
eco00051;fbaB
eco00051;fruA
eco00051;fruK
eco00051;fruB
eco00051;rhmA
eco00051;rhmD
eco00051;srlA
eco00051;srlE
eco00051;srlB
eco00051;srlD
eco00051;fucA
eco00051;fucI
eco00051;fucK
eco00051;fbaA
eco00051;cmtA
eco00051;cmtB
eco00051;xylA
eco00051;mtlA
eco00051;mtlD
eco00051;rhaD
eco00051;rhaA
eco00051;rhaB
eco00051;pfkA
eco00051;tpiA
eco00051;glpX
eco00051;alsK
eco00051;alsE
eco00051;rpiB
eco00051;fbp
eco00051;yggP
eco00361;ysgA
eco00300;thrA
eco00300;b0031, dapB
eco00300;murE
eco00300;murF
eco00300;dapD
eco00300;yagE
eco00300;dapE
eco00300;dapA
eco00300;lysA
eco00300;argD
eco00300;asd
eco00300;dapF
eco00300;metL
eco00300;lysC
eco00300;yjhH
eco00330;speD
eco00330;speE
eco00330;proB
eco00330;proA
eco00330;codA
eco00330;proC
eco00330;speF
eco00330;aspC
eco00330;putA
eco00330;puuA
eco00330;puuD
eco00330;puuC
eco00330;puuB
eco00330;patD
eco00330;speG
eco00330;astE
eco00330;astB
eco00330;astD
eco00330;astA
eco00330;astC
eco00330;speB
eco00330;speA
eco00330;speC
eco00330;patA
eco00330;adiA
eco00061;fabZ
eco00061;accA
eco00061;fabA
eco00061;fabH
eco00061;fabD
eco00061;fabG
eco00061;fabF
eco00061;fabI
eco00061;fadD
eco00061;accD
eco00061;fabB
eco00061;accB
eco00061;accC
eco00360;mhpA
eco00360;mhpB
eco00360;mhpC
eco00360;mhpD
eco00360;mhpF
eco00360;mhpE
eco00360;aspC
eco00360;dadA
eco00360;feaB
eco00360;tynA
eco00360;paaZ
eco00360;paaA
eco00360;paaB
eco00360;paaC
eco00360;paaD
eco00360;paaE
eco00360;paaF
eco00360;paaG
eco00360;paaH
eco00360;paaI
eco00360;paaJ
eco00360;paaK
eco00360;hisC
eco00360;hcaE
eco00360;hcaF
eco00360;hcaC
eco00360;hcaB
eco00360;hcaD
eco00360;katG
eco00360;tyrB
eco00053;ugd
eco00053;gudD
eco00053;garL
eco00053;garD
eco00053;yiaK
eco00053;lyxK
eco00053;ulaG
eco00053;ulaA
eco00053;ulaB
eco00053;ulaC
eco00053;ulaD
eco00053;ulaE
eco00053;ulaF
eco03430;dnaE
eco03430;dnaQ
eco03430;xseB
eco03430;dnaX
eco03430;holA
eco03430;holB
eco03430;holE
eco03430;exoX
eco03430;sbcB
eco03430;ligA
eco03430;xseA
eco03430;mutS
eco03430;mutH
eco03430;recJ
eco03430;dam
eco03430;ligB
eco03430;dnaN
eco03430;uvrD
eco03430;ssb
eco03430;mutL
eco03430;holC
eco03430;b4372, holD
eco01120;thrA
eco01120;thrB
eco01120;thrC
eco01120;talB
eco01120;b0031, dapB
eco01120;aceE
eco01120;aceF
eco01120;lpd
eco01120;acnB
eco01120;dapD
eco01120;accA
eco01120;yagE
eco01120;paoC
eco01120;paoB
eco01120;paoA
eco01120;yahI
eco01120;mhpA
eco01120;mhpB
eco01120;mhpC
eco01120;mhpD
eco01120;mhpF
eco01120;mhpE
eco01120;frmB
eco01120;frmA
eco01120;phoA
eco01120;allB
eco01120;allE
eco01120;allC
eco01120;allD
eco01120;ybcF
eco01120;folD
eco01120;nfsB
eco01120;pgm
eco01120;gltA
eco01120;sdhC
eco01120;sdhD
eco01120;sdhA
eco01120;sdhB
eco01120;sucA
eco01120;sucB
eco01120;sucC
eco01120;sucD
eco01120;tolQ
eco01120;gpmA
eco01120;galM
eco01120;pgl
eco01120;ybhJ
eco01120;nfsA
eco01120;ltaE
eco01120;serC
eco01120;mgsA
eco01120;yccX
eco01120;hyaA
eco01120;hyaB
eco01120;appA
eco01120;agp
eco01120;ghrA
eco01120;icd
eco01120;prs
eco01120;narG
eco01120;narH
eco01120;narJ
eco01120;narI
eco01120;adhE
eco01120;acnA
eco01120;puuE
eco01120;pfo
eco01120;ldhA
eco01120;feaB
eco01120;paaZ
eco01120;paaA
eco01120;paaB
eco01120;paaC
eco01120;paaD
eco01120;paaE
eco01120;paaF
eco01120;paaG
eco01120;paaH
eco01120;paaJ
eco01120;paaK
eco01120;aldA
eco01120;pptA
eco01120;narV
eco01120;narW
eco01120;narY
eco01120;narZ
eco01120;adhP
eco01120;gadB
eco01120;sad
eco01120;fumC
eco01120;fumA
eco01120;pdxH
eco01120;nemA
eco01120;ydhU
eco01120;pykF
eco01120;ydiF
eco01120;ppsA
eco01120;pfkB
eco01120;ynjE
eco01120;gapA
eco01120;yeaD
eco01120;eda
eco01120;edd
eco01120;zwf
eco01120;pykA
eco01120;hchA
eco01120;hiuH
eco01120;gnd
eco01120;fbaB
eco01120;dld
eco01120;yeiG
eco01120;fruA
eco01120;fruB
eco01120;napB
eco01120;napA
eco01120;mqo
eco01120;atoD
eco01120;atoA
eco01120;atoB
eco01120;rhmA
eco01120;rhmD
eco01120;ackA
eco01120;pta
eco01120;accD
eco01120;fadJ
eco01120;fadI
eco01120;glk
eco01120;cysK
eco01120;cysM
eco01120;eutG
eco01120;eutE
eco01120;maeB
eco01120;talA
eco01120;tktB
eco01120;dapE
eco01120;dapA
eco01120;sseA
eco01120;hcaE
eco01120;hcaF
eco01120;hcaC
eco01120;hcaB
eco01120;hcaD
eco01120;glyA
eco01120;gabD
eco01120;gabT
eco01120;cysC
eco01120;cysN
eco01120;cysD
eco01120;cysH
eco01120;cysI
eco01120;cysJ
eco01120;eno
eco01120;fucO
eco01120;fucA
eco01120;fucI
eco01120;fucK
eco01120;lysA
eco01120;yqeF
eco01120;xdhA
eco01120;xdhB
eco01120;xdhC
eco01120;yqeA
eco01120;serA
eco01120;rpiA
eco01120;scpA
eco01120;fbaA
eco01120;pgk
eco01120;tktA
eco01120;glcB
eco01120;glcD
eco01120;hybC
eco01120;hybO
eco01120;gltB
eco01120;gltD
eco01120;mdh
eco01120;accB
eco01120;accC
eco01120;prkB
eco01120;argD
eco01120;nirB
eco01120;nirD
eco01120;rpe
eco01120;pck
eco01120;glpE
eco01120;asd
eco01120;gntK
eco01120;gadA
eco01120;kdgK
eco01120;ghrB
eco01120;aldB
eco01120;yiaY
eco01120;cysE
eco01120;gpmM
eco01120;dapF
eco01120;ysgA
eco01120;fadA
eco01120;fadB
eco01120;glnA
eco01120;yihR
eco01120;fdoI
eco01120;fdoH
eco01120;fdoG
eco01120;rhaD
eco01120;rhaA
eco01120;rhaB
eco01120;pfkA
eco01120;tpiA
eco01120;glpX
eco01120;metL
eco01120;metF
eco01120;ppc
eco01120;aceB
eco01120;aceA
eco01120;lysC
eco01120;pgi
eco01120;aphA
eco01120;acs
eco01120;nrfA
eco01120;fdhF
eco01120;alsK
eco01120;alsE
eco01120;rpiB
eco01120;yjdM
eco01120;fumB
eco01120;frdD, b4151
eco01120;b4152, frdC
eco01120;b4153, frdB
eco01120;b4154, frdA
eco01120;ulaG
eco01120;ulaA
eco01120;ulaB
eco01120;ulaC
eco01120;ulaD
eco01120;ulaE
eco01120;ulaF
eco01120;cysQ
eco01120;fbp
eco01120;idnK
eco01120;yjhH
eco01120;serB
eco01120;ytjC
eco01120;glcF
eco01120;glcE
eco01120;dgoD
eco00903;paaF
eco00903;fadJ
eco00903;fadB
eco00460;ansA
eco00460;bglX
eco00460;glyA
eco00460;ansB
eco00460;ggt
eco00460;asnA
eco00670;folA
eco00670;folD
eco00670;purU
eco00670;folM
eco00670;purT
eco00670;purN
eco00670;glyA
eco00670;thyA
eco00670;gcvT
eco00670;fau
eco00670;fmt
eco00670;metF
eco00670;purH
eco00670;metH
eco00471;murD
eco00471;murC
eco00471;glsA
eco00471;glsB
eco00471;murI
eco00521;pgm
eco00521;rfbC
eco00521;rfbA
eco00521;rfbD
eco00521;rfbB
eco00521;glk
eco00521;suhB
eco00521;rffG
eco00521;rffH
eco01230;thrA
eco01230;thrB
eco01230;thrC
eco01230;talB
eco01230;b0031, dapB
eco01230;leuD
eco01230;leuC
eco01230;leuB
eco01230;leuA
eco01230;ilvI
eco01230;ilvH
eco01230;acnB
eco01230;mtn
eco01230;dapD
eco01230;proB
eco01230;proA
eco01230;yagE
eco01230;argF
eco01230;proC
eco01230;aroL
eco01230;gltA
eco01230;aroG
eco01230;gpmA
eco01230;ybhJ
eco01230;ltaE
eco01230;serC
eco01230;aroA
eco01230;aspC
eco01230;icd
eco01230;prs
eco01230;trpA
eco01230;trpB
eco01230;trpC
eco01230;trpD
eco01230;trpE
eco01230;acnA
eco01230;malY
eco01230;pykF
eco01230;aroD
eco01230;aroH
eco01230;pfkB
eco01230;gapA
eco01230;sdaA
eco01230;pykA
eco01230;hisG
eco01230;hisD
eco01230;hisC
eco01230;hisB
eco01230;hisH
eco01230;hisA
eco01230;hisF
eco01230;hisI
eco01230;fbaB
eco01230;alaA
eco01230;aroC
eco01230;cysK
eco01230;cysM
eco01230;talA
eco01230;tktB
eco01230;dapE
eco01230;dapA
eco01230;glyA
eco01230;pheA
eco01230;tyrA
eco01230;aroF
eco01230;luxS
eco01230;eno
eco01230;sdaB
eco01230;argA
eco01230;lysA
eco01230;serA
eco01230;rpiA
eco01230;fbaA
eco01230;pgk
eco01230;tktA
eco01230;metK
eco01230;metC
eco01230;tdcB
eco01230;argG
eco01230;gltB
eco01230;gltD
eco01230;aroE
eco01230;argD
eco01230;rpe
eco01230;aroB
eco01230;aroK
eco01230;asd
eco01230;cysE
eco01230;gpmM
eco01230;ilvN
eco01230;ilvB
eco01230;asnA
eco01230;ilvM
eco01230;ilvE
eco01230;ilvD
eco01230;ilvA
eco01230;ilvC
eco01230;dapF
eco01230;metE
eco01230;glnA
eco01230;pfkA
eco01230;tpiA
eco01230;metB
eco01230;metL
eco01230;argE
eco01230;argC
eco01230;argB
eco01230;argH
eco01230;metA
eco01230;metH
eco01230;lysC
eco01230;tyrB
eco01230;rpiB
eco01230;argI
eco01230;yjhH
eco01230;serB
eco01230;ytjC
eco01230;tdcG
eco00640;lpd
eco00640;acnB
eco00640;accA
eco00640;prpB
eco00640;prpC
eco00640;prpD
eco00640;prpE
eco00640;sucC
eco00640;sucD
eco00640;ybiW
eco00640;pflB
eco00640;mgsA
eco00640;puuE
eco00640;paaF
eco00640;ydiF
eco00640;ydjG
eco00640;atoD
eco00640;atoA
eco00640;atoB
eco00640;ackA
eco00640;pta
eco00640;accD
eco00640;fadJ
eco00640;gabT
eco00640;fucO
eco00640;yqeF
eco00640;scpA
eco00640;scpB
eco00640;yqhD
eco00640;tdcE
eco00640;tdcD
eco00640;acuI
eco00640;accB
eco00640;accC
eco00640;fadB
eco00640;gldA
eco00640;pflD
eco00640;acs
eco00332;proB
eco00332;proA
eco00550;ftsI
eco00550;murE
eco00550;murF
eco00550;mraY
eco00550;murD
eco00550;murG
eco00550;murC
eco00550;ddlB
eco00550;mrcB
eco00550;ddlA
eco00550;dacA
eco00550;mrdA
eco00550;dacC
eco00550;ybjG
eco00550;murJ
eco00550;dacD
eco00550;pbpC
eco00550;bacA
eco00550;dacB
eco00550;murA
eco00550;mtgA
eco00550;mrcA
eco00550;murB
eco00040;araD
eco00040;araA
eco00040;araB
eco00040;ybhC
eco00040;galU
eco00040;uxaB
eco00040;rspB
eco00040;rspA
eco00040;uidA
eco00040;ugd
eco00040;wcaN
eco00040;kduD
eco00040;kduI
eco00040;uxaA
eco00040;uxaC
eco00040;rpe
eco00040;xylB
eco00040;xylA
eco00040;yiaK
eco00040;lyxK
eco00040;sgbH
eco00040;sgbU
eco00040;sgbE
eco00040;rhaD
eco00040;rhaB
eco00040;uxuA
eco00040;uxuB
eco03420;uvrB
eco03420;mfd
eco03420;uvrC
eco03420;ligA
eco03420;ligB
eco03420;uvrD
eco03420;polA
eco03420;uvrA
eco00511;lacZ
eco00511;ebgA
eco00511;ebgC
eco00310;ldcC
eco00310;sucA
eco00310;sucB
eco00310;paaF
eco00310;atoD
eco00310;atoA
eco00310;atoB
eco00310;fadJ
eco00310;gabD
eco00310;yqeF
eco00310;fadB
eco00310;cadA
eco02040;flgN
eco02040;flgM
eco02040;flgA
eco02040;flgB
eco02040;flgC
eco02040;flgD
eco02040;flgE
eco02040;flgF
eco02040;flgG
eco02040;flgH
eco02040;flgI
eco02040;flgK
eco02040;flgL
eco02040;flhA
eco02040;flhB
eco02040;motB
eco02040;motA
eco02040;flhC
eco02040;flhD
eco02040;fliC
eco02040;fliD
eco02040;fliS
eco02040;fliT
eco02040;fliE
eco02040;fliF
eco02040;fliG
eco02040;fliH
eco02040;fliI
eco02040;fliJ
eco02040;fliK
eco02040;fliM
eco02040;fliN
eco02040;fliO
eco02040;fliP
eco02040;fliQ
eco02040;fliR
eco01220;mhpA
eco01220;mhpB
eco01220;mhpC
eco01220;mhpD
eco01220;mhpF
eco01220;mhpE
eco01220;frmA
eco01220;adhE
eco01220;pptA
eco01220;adhP
eco01220;hcaE
eco01220;hcaF
eco01220;hcaC
eco01220;hcaB
eco01220;hcaD
eco01220;yiaY
eco00540;lpxC
eco00540;lpxD
eco00540;lpxA
eco00540;lpxB
eco00540;gmhB
eco00540;gmhA
eco00540;lpxH
eco00540;lpxK
eco00540;kdsB
eco00540;lpxL
eco00540;kdsA
eco00540;lpxM
eco00540;hldE
eco00540;kdsD
eco00540;kdsC
eco00540;eptB
eco00540;hldD
eco00540;waaF
eco00540;waaC
eco00540;waaL
eco00540;waaU
eco00540;waaZ
eco00540;waaY
eco00540;waaR
eco00540;waaO
eco00540;waaB
eco00540;waaP
eco00540;waaG
eco00540;waaQ
eco00540;waaA
eco00540;eptC
eco00785;lipA
eco00785;lipB
eco00785;lplA
eco00622;mhpD
eco00622;mhpF
eco00622;mhpE
eco00622;pptA
eco00401;aspC
eco00401;hisC
eco00401;tyrA
eco00401;tyrB
eco00380;sucA
eco00380;paaF
eco00380;katE
eco00380;atoB
eco00380;fadJ
eco00380;yqeF
eco00380;tnaA
eco00380;fadB
eco00380;katG
eco00770;ilvI
eco00770;ilvH
eco00770;coaE
eco00770;panD
eco00770;panC
eco00770;panB
eco00770;acpH
eco00770;panE
eco00770;preT
eco00770;preA
eco00770;acpS
eco00770;hyuA
eco00770;acpT
eco00770;coaD
eco00770;dfp
eco00770;ilvN
eco00770;ilvB
eco00770;ilvM
eco00770;ilvE
eco00770;ilvD
eco00770;ilvC
eco00770;coaA
eco00240;carA, b0032
eco00240;carB
eco00240;pyrH
eco00240;dnaE
eco00240;dnaQ
eco00240;codA
eco00240;dnaX
eco00240;ushA
eco00240;holA
eco00240;trxB
eco00240;cmk
eco00240;pyrD
eco00240;rutF
eco00240;rutE
eco00240;rutD
eco00240;rutC
eco00240;rutB
eco00240;rutA
eco00240;b1062, pyrC
eco00240;tmk
eco00240;holB
eco00240;tdk
eco00240;pyrF
eco00240;ydfG
eco00240;holE
eco00240;dcd
eco00240;udk, b2066
eco00240;cdd
eco00240;preT
eco00240;preA
eco00240;rihB
eco00240;psuG
eco00240;psuK
eco00240;nrdA
eco00240;nrdB
eco00240;yfbR
eco00240;upp
eco00240;ndk
eco00240;nrdE
eco00240;nrdF
eco00240;umpG
eco00240;pyrG
eco00240;mazG
eco00240;thyA
eco00240;hyuA
eco00240;pnp
eco00240;rpoA
eco00240;dut
eco00240;pyrE
eco00240;rpoZ
eco00240;dnaN
eco00240;udp
eco00240;polA
eco00240;rpoB
eco00240;rpoC
eco00240;cpdB
eco00240;nrdD
eco00240;pyrI
eco00240;pyrB
eco00240;holC
eco00240;b4372, holD
eco00240;yjjG
eco00240;deoA
eco00240;deoD
eco03010;rpsT
eco03010;rpsB
eco03010;rrsH
eco03010;rrlH
eco03010;rrfH
eco03010;ykgM
eco03010;rpsA
eco03010;rpmF
eco03010;rplT
eco03010;rpmI
eco03010;rplY
eco03010;rrfG
eco03010;rrlG
eco03010;rrsG
eco03010;rplS
eco03010;rpsP
eco03010;rpsU
eco03010;rpsO
eco03010;rpmA
eco03010;rplU
eco03010;rpsI
eco03010;rplM
eco03010;rrfF
eco03010;rrfD
eco03010;rrlD
eco03010;rrsD
eco03010;rplQ
eco03010;rpsD
eco03010;rpsK
eco03010;rpsM
eco03010;rpmJ
eco03010;rplO
eco03010;rpmD
eco03010;rpsE
eco03010;rplR
eco03010;rplF
eco03010;rpsH
eco03010;rpsN
eco03010;rplE
eco03010;rplX
eco03010;rplN
eco03010;rpsQ
eco03010;rpmC
eco03010;rplP
eco03010;rpsC
eco03010;rplV
eco03010;rpsS
eco03010;rplB
eco03010;rplW
eco03010;rplD
eco03010;rplC
eco03010;rpsJ
eco03010;rpsG
eco03010;rpsL
eco03010;rpmG
eco03010;rpmB
eco03010;rpmH
eco03010;rrsC
eco03010;rrlC
eco03010;rrfC
eco03010;rrsA
eco03010;rrlA
eco03010;rrfA
eco03010;rpmE
eco03010;rrsB
eco03010;rrlB
eco03010;rrfB
eco03010;rplK
eco03010;rplA
eco03010;rplJ
eco03010;rplL
eco03010;rrsE
eco03010;rrlE
eco03010;rrfE
eco03010;rpsF
eco03010;rpsR
eco03010;rplI
eco03010;ykgO
eco00760;nadC
eco00760;ushA
eco00760;nadD
eco00760;nadA
eco00760;pncB
eco00760;sad
eco00760;pntB
eco00760;pntA
eco00760;nadE
eco00760;pncA
eco00760;nadB
eco00760;nadK
eco00760;gabD
eco00760;pncC
eco00760;umpG
eco00760;sthA
eco00760;nudC
eco00760;yjjG
eco00760;deoD
eco00760;b4390, nadR
eco00627;phoA
eco00627;yccX
eco00627;appA
eco00627;paaF
eco00627;ydiF
eco00627;atoD
eco00627;atoA
eco00627;aphA
eco02020;degP
eco02020;glnD
eco02020;rcsF
eco02020;phoA
eco02020;phoB
eco02020;phoR
eco02020;sfmZ
eco02020;appY
eco02020;cusS
eco02020;cusR
eco02020;cusC
eco02020;cusF
eco02020;cusB
eco02020;cusA
eco02020;fepA
eco02020;citT
eco02020;citG
eco02020;citX
eco02020;citF
eco02020;citE
eco02020;citD
eco02020;citC
eco02020;citA
eco02020;citB
eco02020;gltL
eco02020;gltK
eco02020;gltJ
eco02020;gltI
eco02020;kdpE
eco02020;kdpD
eco02020;kdpC
eco02020;kdpB
eco02020;kdpA
eco02020;cydA
eco02020;cydB
eco02020;ompF
eco02020;hyaC
eco02020;cbdA
eco02020;cbdB
eco02020;torS
eco02020;torR
eco02020;torC
eco02020;torA
eco02020;torD
eco02020;phoQ
eco02020;phoP
eco02020;narL
eco02020;narX
eco02020;narG
eco02020;narH
eco02020;narJ
eco02020;narI
eco02020;trg
eco02020;narV
eco02020;narW
eco02020;narY
eco02020;narZ
eco02020;fdnG
eco02020;fdnH
eco02020;fdnI
eco02020;maeA
eco02020;ddpX
eco02020;rstA
eco02020;rstB
eco02020;cheY
eco02020;cheB
eco02020;cheR
eco02020;tap
eco02020;tar
eco02020;cheW
eco02020;cheA
eco02020;motA
eco02020;flhC
eco02020;flhD
eco02020;uvrY
eco02020;sdiA
eco02020;fliA
eco02020;fliC
eco02020;rcsA
eco02020;mdtA
eco02020;mdtB
eco02020;mdtC
eco02020;iceT
eco02020;baeS
eco02020;baeR
eco02020;narP
eco02020;ompC
eco02020;rcsD
eco02020;rcsB
eco02020;rcsC
eco02020;atoS
eco02020;atoC
eco02020;atoD
eco02020;atoA
eco02020;atoE
eco02020;atoB
eco02020;arnB
eco02020;emrY
eco02020;emrK
eco02020;evgA
eco02020;evgS
eco02020;narQ
eco02020;acrD
eco02020;glnB
eco02020;glrR
eco02020;glrK
eco02020;csrA
eco02020;barA
eco02020;yqeF
eco02020;qseB
eco02020;qseC
eco02020;tolC
eco02020;aer
eco02020;rpoN
eco02020;arcB
eco02020;crp
eco02020;envZ
eco02020;ompR
eco02020;dctA
eco02020;uhpT
eco02020;uhpC
eco02020;uhpB
eco02020;uhpA
eco02020;dnaA
eco02020;pstS
eco02020;glnG
eco02020;glnL
eco02020;glnA
eco02020;cpxA
eco02020;cpxR
eco02020;zraP
eco02020;zraS
eco02020;zraR
eco02020;basS
eco02020;basR
eco02020;dcuB
eco02020;dcuR
eco02020;dcuS
eco02020;ampC
eco02020;frdD, b4151
eco02020;b4152, frdC
eco02020;b4153, frdB
eco02020;b4154, frdA
eco02020;tsr
eco02020;creB
eco02020;creC
eco02020;arcA
eco02020;glmY
eco02020;kdpF
eco00790;folA
eco00790;folK
eco00790;phoA
eco00790;queC
eco00790;moaA
eco00790;moaC
eco00790;moaD
eco00790;moaE
eco00790;pabC
eco00790;folM
eco00790;pabB
eco00790;nudB
eco00790;folE
eco00790;folC
eco00790;queD
eco00790;queE
eco00790;queF
eco00790;folB
eco00790;folP
eco00790;pabA
eco00625;frmA
eco00625;adhE
eco00625;adhP
eco00625;yiaY
eco00630;lpd
eco00630;acnB
eco00630;gcl
eco00630;hyi
eco00630;glxR
eco00630;glxK
eco00630;gltA
eco00630;ybhJ
eco00630;ghrA
eco00630;purU
eco00630;acnA
eco00630;aldA
eco00630;katE
eco00630;dmlA
eco00630;eda
eco00630;atoB
eco00630;oxc
eco00630;glyA
eco00630;fucO
eco00630;yqeF
eco00630;gcvP
eco00630;gcvH
eco00630;gcvT
eco00630;scpA
eco00630;glcB
eco00630;glcD
eco00630;ttdA
eco00630;ttdB
eco00630;garK
eco00630;garR
eco00630;mdh
eco00630;gph
eco00630;glnA
eco00630;fdoI
eco00630;fdoH
eco00630;fdoG
eco00630;aceB
eco00630;aceA
eco00630;fdhF
eco00630;glcF
eco00630;glcE
eco00650;ilvI
eco00650;ilvH
eco00650;mhpF
eco00650;sdhC
eco00650;sdhD
eco00650;sdhA
eco00650;sdhB
eco00650;ybiW
eco00650;pflB
eco00650;adhE
eco00650;puuE
eco00650;pfo
eco00650;paaF
eco00650;paaH
eco00650;gadB
eco00650;sad
eco00650;ydiF
eco00650;dmlA
eco00650;atoD
eco00650;atoA
eco00650;atoB
eco00650;fadJ
eco00650;gabD
eco00650;gabT
eco00650;yqeF
eco00650;tdcE
eco00650;gadA
eco00650;ilvN
eco00650;ilvB
eco00650;ilvM
eco00650;fadB
eco00650;yihU
eco00650;pflD
eco00650;frdD, b4151
eco00650;b4152, frdC
eco00650;b4153, frdB
eco00650;b4154, frdA
eco00010;aceE
eco00010;aceF
eco00010;lpd
eco00010;frmA
eco00010;pgm
eco00010;gpmA
eco00010;galM
eco00010;agp
eco00010;ptsG
eco00010;adhE
eco00010;pfo
eco00010;adhP
eco00010;malX
eco00010;pykF
eco00010;pfkB
eco00010;chbF
eco00010;gapA
eco00010;yeaD
eco00010;pykA
eco00010;fbaB
eco00010;glk
eco00010;crr
eco00010;eutG
eco00010;ascF
eco00010;ascB
eco00010;eno
eco00010;bglA
eco00010;fbaA
eco00010;pgk
eco00010;pck
eco00010;aldB
eco00010;yiaY
eco00010;gpmM
eco00010;bglB
eco00010;yihR
eco00010;pfkA
eco00010;tpiA
eco00010;glpX
eco00010;pgi
eco00010;acs
eco00010;fbp
eco00010;ytjC
eco00261;thrA
eco00261;b0031, dapB
eco00261;yagE
eco00261;dapA
eco00261;cysN
eco00261;cysD
eco00261;asd
eco00261;metL
eco00261;lysC
eco00261;yjhH
eco00626;frmA
eco00626;adhE
eco00626;adhP
eco00626;yiaY
eco00030;talB
eco00030;gcd
eco00030;pgm
eco00030;pgl
eco00030;prs
eco00030;pfkB
eco00030;eda
eco00030;edd
eco00030;zwf
eco00030;gnd
eco00030;fbaB
eco00030;talA
eco00030;tktB
eco00030;rpiA
eco00030;fbaA
eco00030;tktA
eco00030;rpe
eco00030;gntK
eco00030;kdgK
eco00030;ghrB
eco00030;rbsK
eco00030;pfkA
eco00030;glpX
eco00030;pgi
eco00030;rpiB
eco00030;phnN
eco00030;fbp
eco00030;idnK
eco00030;deoC
eco00030;b4383, deoB
eco00020;aceE
eco00020;aceF
eco00020;lpd
eco00020;acnB
eco00020;gltA
eco00020;sdhC
eco00020;sdhD
eco00020;sdhA
eco00020;sdhB
eco00020;sucA
eco00020;sucB
eco00020;sucC
eco00020;sucD
eco00020;ybhJ
eco00020;icd
eco00020;acnA
eco00020;pfo
eco00020;fumC
eco00020;fumA
eco00020;mqo
eco00020;mdh
eco00020;pck
eco00020;fumB
eco00020;frdD, b4151
eco00020;b4152, frdC
eco00020;b4153, frdB
eco00020;b4154, frdA
eco00523;rfbC
eco00523;rfbA
eco00523;rfbD
eco00523;rfbB
eco00523;rffG
eco00523;rffH
eco01501;ftsI
eco01501;ampG
eco01501;acrB
eco01501;acrA
eco01501;mrdA
eco01501;ompF
eco01501;nagZ
eco01501;oppA
eco01501;oppB
eco01501;oppC
eco01501;oppD
eco01501;oppF
eco01501;mppA
eco01501;ompC
eco01501;tolC
eco01501;mrcA
eco01501;ampC
eco00281;paaF
eco00281;fadJ
eco00281;fadI
eco00281;fadA
eco00281;fadB
eco00590;btuE
eco00590;pldA
eco03018;dnaK
eco03018;pcnB
eco03018;rhlE
eco03018;rne
eco03018;ppk
eco03018;eno
eco03018;rppH
eco03018;deaD
eco03018;pnp
eco03018;rhlB
eco03018;rho
eco03018;recQ
eco03018;pfkA
eco03018;groL
eco03018;hfq
eco03018;rnr
eco00623;ysgA
eco00250;carA, b0032
eco00250;carB
eco00250;glsA
eco00250;asnB
eco00250;aspC
eco00250;putA
eco00250;purB
eco00250;puuE
eco00250;gadB
eco00250;glsB
eco00250;sad
eco00250;gdhA
eco00250;ansA
eco00250;alaA
eco00250;purF
eco00250;nadB
eco00250;gabD
eco00250;gabT
eco00250;ansB
eco00250;argG
eco00250;gltB
eco00250;gltD
eco00250;gadA
eco00250;glmS
eco00250;asnA
eco00250;glnA
eco00250;argH
eco00250;aspA
eco00250;purA
eco00250;pyrI
eco00250;pyrB
eco00970;ileS
eco00970;proS
eco00970;ileV
eco00970;alaV
eco00970;aspU
eco00970;aspV
eco00970;thrW
eco00970;cysS
eco00970;argU
eco00970;leuS
eco00970;glnX
eco00970;glnV
eco00970;metU
eco00970;glnW
eco00970;glnU
eco00970;leuW
eco00970;metT
eco00970;glnS
eco00970;lysT
eco00970;valT
eco00970;lysW
eco00970;valZ
eco00970;lysY
eco00970;lysZ
eco00970;lysQ
eco00970;serW
eco00970;serS
eco00970;asnS
eco00970;serT
eco00970;serX
eco00970;tyrV
eco00970;tyrT
eco00970;tyrS
eco00970;valV
eco00970;valW
eco00970;pheT
eco00970;pheS
eco00970;thrS
eco00970;aspS
eco00970;argS
eco00970;leuZ
eco00970;cysT
eco00970;glyW
eco00970;serU
eco00970;asnT
eco00970;asnW
eco00970;asnU
eco00970;asnV
eco00970;metG
eco00970;proL
eco00970;argW
eco00970;alaX
eco00970;alaW
eco00970;gltX
eco00970;valU
eco00970;valX
eco00970;valY
eco00970;lysV
eco00970;hisS
eco00970;gltW
eco00970;ileY
eco00970;argQ
eco00970;argZ
eco00970;argY
eco00970;argV
eco00970;serV
eco00970;alaS
eco00970;metZ
eco00970;metW
eco00970;metV
eco00970;glyU
eco00970;lysS
eco00970;pheV
eco00970;ileX
eco00970;metY
eco00970;leuU
eco00970;thrV
eco00970;alaU
eco00970;ileU
eco00970;fmt
eco00970;trpS
eco00970;proK
eco00970;glyS
eco00970;glyQ
eco00970;selA
eco00970;selC
eco00970;gltU
eco00970;aspT
eco00970;trpT
eco00970;argX
eco00970;hisR
eco00970;leuT
eco00970;proM
eco00970;ileT
eco00970;alaT
eco00970;gltT
eco00970;thrU
eco00970;tyrU
eco00970;glyT
eco00970;thrT
eco00970;gltV
eco00970;lysU
eco00970;pheU
eco00970;glyV
eco00970;glyX
eco00970;glyY
eco00970;valS
eco00970;leuX
eco00970;leuV
eco00970;leuP
eco00970;leuQ
eco00350;frmA
eco00350;aspC
eco00350;adhE
eco00350;tynA
eco00350;adhP
eco00350;hisC
eco00350;gabD
eco00350;yiaY
eco00350;tyrB
eco00564;cdsA
eco00564;pgpA
eco00564;clsB
eco00564;clsC
eco00564;plsX
eco00564;clsA
eco00564;pgpB
eco00564;ynbB
eco00564;pgsA
eco00564;glpQ
eco00564;glpA
eco00564;glpB
eco00564;glpC
eco00564;eutC
eco00564;eutB
eco00564;eutA
eco00564;pgpC
eco00564;pssA
eco00564;aas
eco00564;plsC
eco00564;plsY
eco00564;glpD
eco00564;ugpQ
eco00564;gpsA
eco00564;pldA
eco00564;pldB
eco00564;cdh
eco00564;b4041, plsB
eco00564;dgkA, b4042
eco00564;psd
eco01130;thrA
eco01130;talB
eco01130;ispH
eco01130;b0031, dapB
eco01130;ilvI
eco01130;ilvH
eco01130;aceE
eco01130;aceF
eco01130;lpd
eco01130;acnB
eco01130;gcd
eco01130;b0173, dxr
eco01130;accA
eco01130;proB
eco01130;proA
eco01130;yagE
eco01130;argF
eco01130;frmA
eco01130;proC
eco01130;aroL
eco01130;dxs, b0420
eco01130;ispA
eco01130;adk
eco01130;glxK
eco01130;purK
eco01130;purE
eco01130;entD
eco01130;entF
eco01130;entC
eco01130;entE
eco01130;entB
eco01130;entA
eco01130;nagA
eco01130;pgm
eco01130;speF
eco01130;gltA
eco01130;sdhC
eco01130;sdhD
eco01130;sdhA
eco01130;sdhB
eco01130;sucA
eco01130;sucB
eco01130;sucC
eco01130;sucD
eco01130;aroG
eco01130;gpmA
eco01130;galM
eco01130;pgl
eco01130;ybhJ
eco01130;ltaE
eco01130;serC
eco01130;aroA
eco01130;aspC
eco01130;putA
eco01130;purB
eco01130;icd
eco01130;prs
eco01130;ispE
eco01130;galU
eco01130;adhE
eco01130;trpA
eco01130;trpB
eco01130;trpC
eco01130;trpD
eco01130;trpE
eco01130;acnA
eco01130;pfo
eco01130;paaF
eco01130;mnaT
eco01130;adhP
eco01130;fumC
eco01130;fumA
eco01130;pykF
eco01130;ydiB
eco01130;aroD
eco01130;aroH
eco01130;pfkB
eco01130;katE
eco01130;gapA
eco01130;yeaD
eco01130;sdaA
eco01130;purT
eco01130;zwf
eco01130;pykA
eco01130;hisC
eco01130;gnd
eco01130;rfbC
eco01130;rfbA
eco01130;rfbD
eco01130;rfbB
eco01130;wcaN
eco01130;fbaB
eco01130;mqo
eco01130;atoB
eco01130;menF
eco01130;alaA
eco01130;purF
eco01130;accD
eco01130;aroC
eco01130;fadJ
eco01130;fadI
eco01130;glk
eco01130;cysK
eco01130;cysM
eco01130;eutG
eco01130;talA
eco01130;tktB
eco01130;purC
eco01130;dapA
eco01130;purM
eco01130;purN
eco01130;ispG
eco01130;ndk
eco01130;glyA
eco01130;purL
eco01130;pheA
eco01130;tyrA
eco01130;aroF
eco01130;ispF
eco01130;ispD
eco01130;cysN
eco01130;cysD
eco01130;eno
eco01130;sdaB
eco01130;argA
eco01130;lysA
eco01130;yqeF
eco01130;idi
eco01130;gcvP
eco01130;gcvH
eco01130;gcvT
eco01130;serA
eco01130;rpiA
eco01130;fbaA
eco01130;pgk
eco01130;tktA
eco01130;speC
eco01130;glcD
eco01130;tdcB
eco01130;garK
eco01130;argG
eco01130;glmM
eco01130;gltB
eco01130;gltD
eco01130;mdh
eco01130;accB
eco01130;accC
eco01130;aroE
eco01130;argD
eco01130;gph
eco01130;rpe
eco01130;aroB
eco01130;aroK
eco01130;pck
eco01130;asd
eco01130;gntK
eco01130;avtA
eco01130;yiaY
eco01130;gpmM
eco01130;ilvN
eco01130;ilvB
eco01130;glmS
eco01130;glmU
eco01130;ilvM
eco01130;ilvE
eco01130;ilvD
eco01130;ilvA
eco01130;ilvC
eco01130;rffG
eco01130;rffH
eco01130;dapF
eco01130;ysgA
eco01130;fadA
eco01130;fadB
eco01130;yihR
eco01130;pfkA
eco01130;tpiA
eco01130;glpX
eco01130;metB
eco01130;metL
eco01130;argE
eco01130;argC
eco01130;argB
eco01130;argH
eco01130;purD
eco01130;purH
eco01130;lysC
eco01130;pgi
eco01130;tyrB
eco01130;acs
eco01130;rpiB
eco01130;fumB
eco01130;frdD, b4151
eco01130;b4152, frdC
eco01130;b4153, frdB
eco01130;b4154, frdA
eco01130;cysQ
eco01130;fbp
eco01130;argI
eco01130;idnK
eco01130;yjhH
eco01130;serB
eco01130;ytjC
eco01130;glcF
eco01130;glcE
eco01130;tdcG
eco00440;mnaT
eco00440;phnP
eco00440;phnM
eco00440;phnL
eco00440;phnJ
eco00440;phnI
eco00440;phnH
eco00440;phnG
eco00220;argF
eco00220;yahI
eco00220;glsA
eco00220;ybcF
eco00220;aspC
eco00220;glsB
eco00220;gdhA
eco00220;alaA
eco00220;argA
eco00220;yqeA
eco00220;argG
eco00220;argD
eco00220;glnA
eco00220;argE
eco00220;argC
eco00220;argB
eco00220;argH
eco00220;argI
eco03440;dnaE
eco03440;dnaQ
eco03440;priC
eco03440;dnaX
eco03440;recR
eco03440;holA
eco03440;holB
eco03440;holE
eco03440;ruvB
eco03440;ruvA
eco03440;ruvC
eco03440;recO
eco03440;recA
eco03440;recD
eco03440;recB
eco03440;recC
eco03440;recJ
eco03440;recG
eco03440;recF
eco03440;dnaN
eco03440;polA
eco03440;priA
eco03440;ssb
eco03440;priB
eco03440;holC
eco03440;dnaT
eco03440;b4372, holD
eco00190;cyoE
eco00190;cyoD
eco00190;cyoC
eco00190;cyoB
eco00190;cyoA
eco00190;sdhC
eco00190;sdhD
eco00190;sdhA
eco00190;sdhB
eco00190;cydA
eco00190;cydB
eco00190;cbdA
eco00190;cbdB
eco00190;ndh
eco00190;nuoN
eco00190;nuoM
eco00190;nuoL
eco00190;nuoK
eco00190;nuoJ
eco00190;nuoI
eco00190;nuoH
eco00190;nuoG
eco00190;nuoF
eco00190;nuoE
eco00190;nuoC
eco00190;nuoB
eco00190;nuoA
eco00190;ppk
eco00190;atpC
eco00190;atpD
eco00190;atpG
eco00190;atpA
eco00190;atpH
eco00190;atpF
eco00190;atpE
eco00190;atpB
eco00190;frdD, b4151
eco00190;b4152, frdC
eco00190;b4153, frdB
eco00190;b4154, frdA
eco00190;ppa
eco01503;degP
eco01503;lpxA
eco01503;nlpE
eco01503;acrB
eco01503;acrA
eco01503;pagP
eco01503;ldtC
eco01503;phoQ
eco01503;phoP
eco01503;sapF
eco01503;sapD
eco01503;sapC
eco01503;sapB
eco01503;sapA
eco01503;marA
eco01503;arnB
eco01503;arnC
eco01503;arnA
eco01503;arnD
eco01503;arnT
eco01503;arnF
eco01503;pmrD
eco01503;amiA
eco01503;amiC
eco01503;tolC
eco01503;ppiA
eco01503;eptB
eco01503;dsbA
eco01503;cpxA
eco01503;cpxR
eco01503;basS
eco01503;basR
eco01503;eptA
eco01503;amiB
eco01503;arnE
eco01503;mgrR
eco00270;thrA
eco00270;speD
eco00270;speE
eco00270;mtn
eco00270;mmuM
eco00270;aspC
eco00270;malY
eco00270;ynjE
eco00270;sdaA
eco00270;dcyD
eco00270;dcm
eco00270;cysK
eco00270;cysM
eco00270;sseA
eco00270;luxS
eco00270;gshA, b2688
eco00270;sdaB
eco00270;metK
eco00270;gshB
eco00270;metC
eco00270;mdh
eco00270;asd
eco00270;cysE
eco00270;ilvE
eco00270;metE
eco00270;metB
eco00270;metL
eco00270;metA
eco00270;metH
eco00270;lysC
eco00270;tyrB
eco00270;tdcG
eco00280;lpd
eco00280;paaF
eco00280;atoB
eco00280;fadJ
eco00280;fadI
eco00280;gabT
eco00280;yqeF
eco00280;scpA
eco00280;ilvE
eco00280;fadA
eco00280;fadB
eco03020;rpoA
eco03020;rpoZ
eco03020;rpoB
eco03020;rpoC
eco00562;appA
eco00562;suhB
eco00562;tpiA
eco01053;entD
eco01053;entF
eco01053;entC
eco01053;entE
eco01053;entB
eco01053;entA
eco01053;menF
eco00520;yagH
eco00520;mak
eco00520;nagA
eco00520;nagB
eco00520;nagE
eco00520;pgm
eco00520;galK
eco00520;galT
eco00520;galE
eco00520;ptsG
eco00520;nagZ
eco00520;nagK
eco00520;galU
eco00520;manA
eco00520;malX
eco00520;manX
eco00520;manY
eco00520;manZ
eco00520;ugd
eco00520;glf
eco00520;wcaN
eco00520;cpsG
eco00520;cpsB
eco00520;wcaG
eco00520;gmd
eco00520;arnB
eco00520;arnC
eco00520;arnA
eco00520;arnD
eco00520;glk
eco00520;crr
eco00520;murQ
eco00520;murP
eco00520;glmM
eco00520;murA
eco00520;nanK
eco00520;nanE
eco00520;nanA
eco00520;chiA
eco00520;glgC
eco00520;glmS
eco00520;glmU
eco00520;wecB
eco00520;wecC
eco00520;murB
eco00520;pgi
eco00621;mhpD
eco00621;mhpF
eco00621;mhpE
eco00621;pptA
eco00364;ysgA
eco00930;paaF
eco00930;fadJ
eco00930;fadB
eco00340;hisG
eco00340;hisD
eco00340;hisC
eco00340;hisB
eco00340;hisH
eco00340;hisA
eco00340;hisF
eco00340;hisI
eco00920;tauA
eco00920;tauB
eco00920;tauC
eco00920;tauD
eco00920;dmsA
eco00920;dmsB
eco00920;dmsC
eco00920;ssuB
eco00920;ssuC
eco00920;ssuD
eco00920;ssuA
eco00920;ssuE
eco00920;ydhU
eco00920;ynjE
eco00920;cysK
eco00920;cysM
eco00920;cysA
eco00920;cysW
eco00920;cysU
eco00920;cysP
eco00920;sseA
eco00920;cysC
eco00920;cysN
eco00920;cysD
eco00920;cysH
eco00920;cysI
eco00920;cysJ
eco00920;glpE
eco00920;cysE
eco00920;sbp
eco00920;metB
eco00920;metA
eco00920;cysQ
eco00900;ispH
eco00900;b0173, dxr
eco00900;ispU
eco00900;dxs, b0420
eco00900;ispA
eco00900;ispE
eco00900;atoB
eco00900;ispG
eco00900;ispF
eco00900;ispD
eco00900;yqeF
eco00900;idi
eco00900;ispB
eco02060;nagE
eco02060;mngA
eco02060;ptsG
eco02060;malX
eco02060;chbA
eco02060;chbC
eco02060;chbB
eco02060;manX
eco02060;manY
eco02060;manZ
eco02060;gatB
eco02060;gatA
eco02060;fruA
eco02060;fruB
eco02060;fryA
eco02060;ptsH
eco02060;ptsI
eco02060;crr
eco02060;murP
eco02060;srlA
eco02060;srlE
eco02060;srlB
eco02060;ascF
eco02060;ptsP
eco02060;cmtA
eco02060;cmtB
eco02060;agaV
eco02060;agaB
eco02060;agaC
eco02060;agaD
eco02060;ptsN
eco02060;npr
eco02060;mtlA
eco02060;bglF
eco02060;frwA
eco02060;ulaA
eco02060;ulaB
eco02060;ulaC
eco02060;treB
eco02060;sgcA
eco02060;sgcC
eco02060;sgcB
eco03060;lspA
eco03060;secM
eco03060;secA
eco03060;yajC
eco03060;secD
eco03060;secF
eco03060;ffs
eco03060;tatE
eco03060;lepB
eco03060;ffh
eco03060;secG
eco03060;secY
eco03060;ftsY
eco03060;secB
eco03060;yidC
eco03060;b3836, tatA
eco03060;tatB
eco03060;tatC
eco03060;secE
eco00400;aroL
eco00400;aroG
eco00400;aroA
eco00400;aspC
eco00400;trpA
eco00400;trpB
eco00400;trpC
eco00400;trpD
eco00400;trpE
eco00400;ydiB
eco00400;aroD
eco00400;aroH
eco00400;hisC
eco00400;aroC
eco00400;pheA
eco00400;tyrA
eco00400;aroF
eco00400;aroE
eco00400;aroB
eco00400;aroK
eco00400;tyrB
eco03070;secM
eco03070;secA
eco03070;yajC
eco03070;secD
eco03070;secF
eco03070;tatE
eco03070;ffh
eco03070;yghD
eco03070;tolC
eco03070;secG
eco03070;secY
eco03070;gspC
eco03070;gspD
eco03070;gspE
eco03070;gspF
eco03070;gspG
eco03070;gspH
eco03070;gspI
eco03070;gspJ
eco03070;gspK
eco03070;gspL
eco03070;gspM
eco03070;gspO
eco03070;ftsY
eco03070;secB
eco03070;yidC
eco03070;b3836, tatA
eco03070;tatB
eco03070;tatC
eco03070;secE
eco00130;entC
eco00130;ubiF
eco00130;wrbA
eco00130;menI
eco00130;ubiG
eco00130;menE
eco00130;menC
eco00130;menB
eco00130;menH
eco00130;menD
eco00130;menF
eco00130;ubiX
eco00130;ubiI
eco00130;ubiH
eco00130;ubiE
eco00130;ubiD
eco00130;menA
eco00130;ubiC
eco00130;ubiA
eco00130;qorB
eco03410;nei
eco03410;nth
eco03410;xthA
eco03410;alkA
eco03410;nfo
eco03410;ligA
eco03410;ung
eco03410;recJ
eco03410;mutY
eco03410;mug
eco03410;tag
eco03410;mutM
eco03410;ligB
eco03410;polA
eco02010;thiQ
eco02010;thiP
eco02010;thiB
eco02010;fhuC
eco02010;fhuD
eco02010;fhuB
eco02010;btuF
eco02010;metQ
eco02010;metI
eco02010;metN
eco02010;afuC
eco02010;tauA
eco02010;tauB
eco02010;tauC
eco02010;fepC
eco02010;fepG
eco02010;fepD
eco02010;fepB
eco02010;gltL
eco02010;gltK
eco02010;gltJ
eco02010;gltI
eco02010;modF
eco02010;modA
eco02010;modB
eco02010;modC
eco02010;glnQ
eco02010;glnP
eco02010;glnH
eco02010;gsiA
eco02010;gsiB
eco02010;gsiC
eco02010;gsiD
eco02010;potF
eco02010;potG
eco02010;potH
eco02010;potI
eco02010;artJ
eco02010;artM
eco02010;artQ
eco02010;artI
eco02010;artP
eco02010;macB
eco02010;cydC
eco02010;cydD
eco02010;msbA
eco02010;ssuB
eco02010;ssuC
eco02010;ssuA
eco02010;lolC
eco02010;lolD
eco02010;lolE
eco02010;potD
eco02010;potC
eco02010;potB
eco02010;potA
eco02010;oppA
eco02010;oppB
eco02010;oppC
eco02010;oppD
eco02010;oppF
eco02010;sapF
eco02010;sapD
eco02010;sapC
eco02010;sapB
eco02010;sapA
eco02010;mppA
eco02010;yddA
eco02010;lsrA
eco02010;lsrC
eco02010;lsrD
eco02010;lsrB
eco02010;btuD
eco02010;btuC
eco02010;znuA
eco02010;znuC
eco02010;znuB
eco02010;araG
eco02010;araF
eco02010;yecC
eco02010;yecS
eco02010;fliY
eco02010;yehW
eco02010;yehX
eco02010;yehY
eco02010;osmF
eco02010;mglC
eco02010;mglA
eco02010;mglB
eco02010;yejA
eco02010;yejB
eco02010;yejE
eco02010;yejF
eco02010;ccmD
eco02010;ccmC
eco02010;ccmB
eco02010;ccmA
eco02010;yojI
eco02010;hisP
eco02010;hisM
eco02010;hisQ
eco02010;hisJ
eco02010;argT
eco02010;cysA
eco02010;cysW
eco02010;cysU
eco02010;cysP
eco02010;proV
eco02010;proW
eco02010;proX
eco02010;mlaB
eco02010;mlaC
eco02010;mlaD
eco02010;mlaE
eco02010;mlaF
eco02010;lptB
eco02010;yhdX
eco02010;yhdY
eco02010;yhdZ
eco02010;ugpC
eco02010;ugpE
eco02010;ugpA
eco02010;ugpB
eco02010;livF
eco02010;livG
eco02010;livM
eco02010;livH
eco02010;livK
eco02010;livJ
eco02010;ftsX
eco02010;ftsE
eco02010;nikA
eco02010;nikB
eco02010;nikC
eco02010;nikD
eco02010;nikE
eco02010;dppF
eco02010;dppD
eco02010;dppC
eco02010;dppB
eco02010;dppA
eco02010;xylF
eco02010;xylG
eco02010;xylH
eco02010;nlpA
eco02010;pstB
eco02010;pstA
eco02010;pstC
eco02010;pstS
eco02010;rbsD
eco02010;rbsA
eco02010;rbsC
eco02010;rbsB
eco02010;sbp
eco02010;malG
eco02010;malF
eco02010;malE
eco02010;malK
eco02010;alsC
eco02010;alsA
eco02010;alsB
eco02010;phnD
eco02010;phnC
eco02010;lptF
eco02010;lptG
eco02010;fecE
eco02010;fecD
eco02010;fecC
eco02010;fecB
eco02010;araH
eco00260;thrA
eco00260;thrB
eco00260;thrC
eco00260;lpd
eco00260;betA
eco00260;betB
eco00260;glxK
eco00260;gpmA
eco00260;ltaE
eco00260;serC
eco00260;ghrA
eco00260;trpA
eco00260;trpB
eco00260;tynA
eco00260;ydfG
eco00260;sdaA
eco00260;dsdA
eco00260;glyA
eco00260;pssA
eco00260;sdaB
eco00260;gcvP
eco00260;gcvH
eco00260;gcvT
eco00260;serA
eco00260;tdcB
eco00260;garK
eco00260;asd
eco00260;gpmM
eco00260;tdh
eco00260;kbl
eco00260;ilvA
eco00260;metL
eco00260;lysC
eco00260;serB
eco00260;ytjC
eco00260;tdcG
eco04931;malP
eco04931;glgP
eco04931;glmS
eco00620;leuA
eco00620;aceE
eco00620;aceF
eco00620;lpd
eco00620;accA
eco00620;gloB
eco00620;mhpF
eco00620;ybiW
eco00620;poxB
eco00620;pflB
eco00620;yccX
eco00620;ghrA
eco00620;adhE
eco00620;pfo
eco00620;ldhA
eco00620;aldA
eco00620;maeA
eco00620;fumC
eco00620;fumA
eco00620;gloA
eco00620;pykF
eco00620;ppsA
eco00620;pykA
eco00620;hchA
eco00620;dld
eco00620;mqo
eco00620;atoB
eco00620;ackA
eco00620;pta
eco00620;accD
eco00620;eutE
eco00620;eutD
eco00620;maeB
eco00620;yqeF
eco00620;glcB
eco00620;tdcE
eco00620;mdh
eco00620;accB
eco00620;accC
eco00620;pck
eco00620;aldB
eco00620;lldD
eco00620;pflD
eco00620;ppc
eco00620;aceB
eco00620;acs
eco00620;fumB
eco00620;frdD, b4151
eco00620;b4152, frdC
eco00620;b4153, frdB
eco00620;b4154, frdA
eco01040;tesB
eco01040;tesA
eco01040;fabG
eco01040;yciA
eco01040;fadJ
eco01040;fadB
eco00410;speE
eco00410;panD
eco00410;panC
eco00410;puuE
eco00410;tynA
eco00410;paaF
eco00410;patD
eco00410;gadB
eco00410;preT
eco00410;preA
eco00410;fadJ
eco00410;gabT
eco00410;hyuA
eco00410;gadA
eco00410;fadB
eco01110;thrA
eco01110;thrB
eco01110;thrC
eco01110;talB
eco01110;ribF, b0025
eco01110;ispH
eco01110;b0031, dapB
eco01110;leuD
eco01110;leuC
eco01110;leuB
eco01110;leuA
eco01110;ilvI
eco01110;ilvH
eco01110;aceE
eco01110;aceF
eco01110;lpd
eco01110;acnB
eco01110;gcd
eco01110;b0125, hpt
eco01110;panD
eco01110;panC
eco01110;panB
eco01110;hemL
eco01110;b0173, dxr
eco01110;ispU
eco01110;cdsA
eco01110;accA
eco01110;ldcC
eco01110;gpt
eco01110;proA
eco01110;mmuM
eco01110;yagE
eco01110;argF
eco01110;frmA
eco01110;hemB
eco01110;proC
eco01110;aroL
eco01110;ribD
eco01110;ribE
eco01110;dxs, b0420
eco01110;ispA
eco01110;panE
eco01110;cyoE
eco01110;adk
eco01110;hemH
eco01110;ushA
eco01110;glxK
eco01110;purK
eco01110;purE
eco01110;entD
eco01110;entF
eco01110;entC
eco01110;entE
eco01110;entB
eco01110;entA
eco01110;ubiF
eco01110;asnB
eco01110;pgm
eco01110;speF
eco01110;gltA
eco01110;sdhC
eco01110;sdhD
eco01110;sdhA
eco01110;sdhB
eco01110;sucA
eco01110;sucB
eco01110;sucC
eco01110;sucD
eco01110;aroG
eco01110;gpmA
eco01110;galM
eco01110;pgl
eco01110;ybhJ
eco01110;ltaE
eco01110;aroA
eco01110;aspC
eco01110;wrbA
eco01110;putA
eco01110;ghrA
eco01110;plsX
eco01110;purB
eco01110;icd
eco01110;prs
eco01110;ispE
eco01110;hemA
eco01110;adhE
eco01110;trpA
eco01110;trpB
eco01110;trpC
eco01110;trpD
eco01110;trpE
eco01110;acnA
eco01110;ribA
eco01110;tynA
eco01110;paaF
eco01110;ynbB
eco01110;adhP
eco01110;gadB
eco01110;fumC
eco01110;fumA
eco01110;manA
eco01110;malY
eco01110;ribC
eco01110;pykF
eco01110;menI
eco01110;ydiB
eco01110;aroD
eco01110;aroH
eco01110;pfkB
eco01110;katE
eco01110;ansA
eco01110;gapA
eco01110;yeaD
eco01110;sdaA
eco01110;purT
eco01110;zwf
eco01110;pykA
eco01110;hisG
eco01110;hisD
eco01110;hisC
eco01110;hisB
eco01110;hisH
eco01110;hisA
eco01110;hisF
eco01110;hisI
eco01110;gnd
eco01110;cpsG
eco01110;cpsB
eco01110;fbaB
eco01110;bglX
eco01110;mqo
eco01110;atoB
eco01110;ubiG
eco01110;glpA
eco01110;glpB
eco01110;glpC
eco01110;menE
eco01110;menC
eco01110;menB
eco01110;menH
eco01110;menD
eco01110;menF
eco01110;alaA
eco01110;ubiX
eco01110;purF
eco01110;accD
eco01110;aroC
eco01110;fadJ
eco01110;fadI
eco01110;glk
eco01110;gltX
eco01110;xapA
eco01110;cysK
eco01110;cysM
eco01110;hemF
eco01110;eutG
eco01110;talA
eco01110;tktB
eco01110;purC
eco01110;dapA
eco01110;purM
eco01110;purN
eco01110;guaB
eco01110;ispG
eco01110;ndk
eco01110;glyA
eco01110;purL
eco01110;pssA
eco01110;pheA
eco01110;tyrA
eco01110;aroF
eco01110;umpG
eco01110;ispF
eco01110;ispD
eco01110;eno
eco01110;sdaB
eco01110;argA
eco01110;lysA
eco01110;yqeF
eco01110;idi
eco01110;gcvP
eco01110;gcvH
eco01110;gcvT
eco01110;ubiI
eco01110;ubiH
eco01110;rpiA
eco01110;fbaA
eco01110;pgk
eco01110;tktA
eco01110;metK
eco01110;yggW
eco01110;ansB
eco01110;speC
eco01110;glcB
eco01110;glcD
eco01110;metC
eco01110;plsC
eco01110;ribB
eco01110;plsY
eco01110;tdcB
eco01110;garK
eco01110;argG
eco01110;ispB
eco01110;gltB
eco01110;gltD
eco01110;mdh
eco01110;accB
eco01110;accC
eco01110;aroE
eco01110;argD
eco01110;cysG
eco01110;gph
eco01110;rpe
eco01110;aroB
eco01110;aroK
eco01110;pck
eco01110;malP
eco01110;glpD
eco01110;glgP
eco01110;glgA
eco01110;glgC
eco01110;glgX
eco01110;glgB
eco01110;asd
eco01110;gntK
eco01110;gadA
eco01110;avtA
eco01110;aldB
eco01110;yiaY
eco01110;cysE
eco01110;gpsA
eco01110;gpmM
eco01110;ilvN
eco01110;ilvB
eco01110;asnA
eco01110;ilvM
eco01110;ilvE
eco01110;ilvD
eco01110;ilvA
eco01110;ilvC
eco01110;hemX
eco01110;hemD
eco01110;hemC
eco01110;dapF
eco01110;pldA
eco01110;metE
eco01110;ysgA
eco01110;ubiE
eco01110;ubiD
eco01110;fadA
eco01110;fadB
eco01110;hemG
eco01110;hemN
eco01110;yihR
eco01110;pfkA
eco01110;cdh
eco01110;tpiA
eco01110;glpX
eco01110;menA
eco01110;metB
eco01110;metL
eco01110;katG
eco01110;argE
eco01110;argC
eco01110;argB
eco01110;argH
eco01110;hemE
eco01110;purD
eco01110;purH
eco01110;metA
eco01110;aceB
eco01110;aceA
eco01110;metH
eco01110;lysC
eco01110;pgi
eco01110;ubiC
eco01110;ubiA
eco01110;b4041, plsB
eco01110;dgkA, b4042
eco01110;tyrB
eco01110;acs
eco01110;rpiB
eco01110;fumB
eco01110;cadA
eco01110;frdD, b4151
eco01110;b4152, frdC
eco01110;b4153, frdB
eco01110;b4154, frdA
eco01110;psd
eco01110;miaA
eco01110;qorB
eco01110;fbp
eco01110;argI
eco01110;idnK
eco01110;yjhH
eco01110;yjjG
eco01110;deoD
eco01110;ytjC
eco01110;glcF
eco01110;glcE
eco01110;tdcG
eco00592;fadI
eco00592;pldA
eco00592;fadA
eco01210;leuD
eco01210;leuC
eco01210;leuB
eco01210;leuA
eco01210;ilvI
eco01210;ilvH
eco01210;acnB
eco01210;gltA
eco01210;ybhJ
eco01210;aspC
eco01210;icd
eco01210;acnA
eco01210;alaA
eco01210;argA
eco01210;argD
eco01210;asd
eco01210;ilvN
eco01210;ilvB
eco01210;ilvM
eco01210;ilvE
eco01210;ilvD
eco01210;ilvC
eco01210;argE
eco01210;argC
eco01210;argB
eco01210;lysC
eco00480;speE
eco00480;pepD
eco00480;speF
eco00480;gstB
eco00480;pepN
eco00480;icd
eco00480;gstA
eco00480;btuE
eco00480;zwf
eco00480;gnd
eco00480;yfcF
eco00480;pepB
eco00480;gshA, b2688
eco00480;gshB
eco00480;speC
eco00480;gss
eco00480;ggt
eco00480;gor
eco00480;pepA
eco00230;apaH
eco00230;guaC
eco00230;b0125, hpt
eco00230;dgt
eco00230;dnaE
eco00230;dnaQ
eco00230;gpt
eco00230;paoC
eco00230;paoB
eco00230;paoA
eco00230;yahI
eco00230;apt
eco00230;dnaX
eco00230;adk
eco00230;gsk
eco00230;ushA
eco00230;allA
eco00230;allB
eco00230;allE
eco00230;allC
eco00230;allD
eco00230;ybcF
eco00230;purK
eco00230;purE
eco00230;holA
eco00230;pgm
eco00230;holB
eco00230;purB
eco00230;prs
eco00230;add
eco00230;pykF
eco00230;holE
eco00230;purT
eco00230;pykA
eco00230;hiuH
eco00230;amn
eco00230;rihB
eco00230;nrdA
eco00230;nrdB
eco00230;purF
eco00230;xapA
eco00230;purC
eco00230;purM
eco00230;purN
eco00230;ppx
eco00230;guaA
eco00230;guaB
eco00230;ndk
eco00230;purL
eco00230;nrdE
eco00230;nrdF
eco00230;umpG
eco00230;cysC
eco00230;cysN
eco00230;cysD
eco00230;mazG
eco00230;relA
eco00230;xdhA
eco00230;xdhB
eco00230;xdhC
eco00230;yqeA
eco00230;guaD
eco00230;rdgB
eco00230;nudF
eco00230;pnp
eco00230;rpoA
eco00230;nudE
eco00230;gmk
eco00230;rpoZ
eco00230;spoT
eco00230;adeD
eco00230;dnaN
eco00230;gpp
eco00230;cyaA
eco00230;polA
eco00230;rpoB
eco00230;rpoC
eco00230;purD
eco00230;purH
eco00230;purA
eco00230;cpdB
eco00230;nrdD
eco00230;holC
eco00230;b4372, holD
eco00230;yjjG
eco00230;b4383, deoB
eco00230;deoD
eco00565;pldA
eco00780;fabZ
eco00780;bioA
eco00780;bioB
eco00780;bioF
eco00780;bioC
eco00780;bioD
eco00780;fabG
eco00780;fabF
eco00780;fabI
eco00780;ynfK
eco00780;fabB
eco00780;bioH
eco00780;bisC
eco00780;birA
eco00600;lacZ
eco00600;aslA
eco00600;melA
eco00730;thiL
eco00730;dxs, b0420
eco00730;thiI
eco00730;thiK
eco00730;thiD
eco00730;thiM
eco00730;iscS
eco00730;thiH
eco00730;thiG
eco00730;thiF
eco00730;thiE
eco00730;thiC
eco01100;thrA
eco01100;thrB
eco01100;thrC
eco01100;talB
eco01100;ribF, b0025
eco01100;ispH
eco01100;b0031, dapB
eco01100;carA, b0032
eco01100;carB
eco01100;folA
eco01100;pdxA
eco01100;araD
eco01100;araA
eco01100;araB
eco01100;leuD
eco01100;leuC
eco01100;leuB
eco01100;leuA
eco01100;ilvI
eco01100;ilvH
eco01100;murF
eco01100;mraY
eco01100;murD
eco01100;murG
eco01100;murC
eco01100;ddlB
eco01100;lpxC
eco01100;coaE
eco01100;nadC
eco01100;aceE
eco01100;aceF
eco01100;lpd
eco01100;acnB
eco01100;speD
eco01100;speE
eco01100;gcd
eco01100;b0125, hpt
eco01100;panD
eco01100;panC
eco01100;panB
eco01100;folK
eco01100;hemL
eco01100;mtn
eco01100;dapD
eco01100;pyrH
eco01100;b0173, dxr
eco01100;cdsA
eco01100;lpxD
eco01100;fabZ
eco01100;lpxA
eco01100;lpxB
eco01100;dnaE
eco01100;accA
eco01100;ldcC
eco01100;gmhB
eco01100;dnaQ
eco01100;fadE
eco01100;gmhA
eco01100;pepD
eco01100;gpt
eco01100;proB
eco01100;proA
eco01100;mmuM
eco01100;yagE
eco01100;yagH
eco01100;argF
eco01100;paoC
eco01100;paoB
eco01100;paoA
eco01100;betA
eco01100;betB
eco01100;yahI
eco01100;prpE
eco01100;codA
eco01100;lacZ
eco01100;mhpD
eco01100;mhpF
eco01100;mhpE
eco01100;frmA
eco01100;hemB
eco01100;ddlA
eco01100;phoA
eco01100;proC
eco01100;aroL
eco01100;mak
eco01100;malZ
eco01100;ribD
eco01100;ribE
eco01100;thiL
eco01100;pgpA
eco01100;dxs, b0420
eco01100;ispA
eco01100;thiI
eco01100;panE
eco01100;cyoE
eco01100;cyoD
eco01100;cyoC
eco01100;cyoB
eco01100;cyoA
eco01100;queC
eco01100;apt
eco01100;dnaX
eco01100;adk
eco01100;hemH
eco01100;ushA
eco01100;glsA
eco01100;allA
eco01100;gcl
eco01100;hyi
eco01100;glxR
eco01100;allB
eco01100;glxK
eco01100;ybcF
eco01100;purK
eco01100;purE
eco01100;lpxH
eco01100;folD
eco01100;entC
eco01100;lipA
eco01100;lipB
eco01100;dacA
eco01100;cobC
eco01100;nadD
eco01100;holA
eco01100;ubiF
eco01100;asnB
eco01100;nagB
eco01100;glnS
eco01100;pgm
eco01100;speF
eco01100;gltA
eco01100;sdhC
eco01100;sdhD
eco01100;sdhA
eco01100;sdhB
eco01100;sucA
eco01100;sucB
eco01100;sucC
eco01100;sucD
eco01100;cydA
eco01100;cydB
eco01100;nadA
eco01100;aroG
eco01100;gpmA
eco01100;galM
eco01100;galK
eco01100;galT
eco01100;galE
eco01100;pgl
eco01100;ybhJ
eco01100;ybhC
eco01100;bioA
eco01100;bioB
eco01100;bioF
eco01100;bioC
eco01100;bioD
eco01100;moaA
eco01100;moaC
eco01100;moaD
eco01100;moaE
eco01100;clsB
eco01100;ybiW
eco01100;dacC
eco01100;ltaE
eco01100;pflB
eco01100;serC
eco01100;aroA
eco01100;cmk
eco01100;lpxK
eco01100;kdsB
eco01100;aspC
eco01100;pncB
eco01100;pepN
eco01100;ssuE
eco01100;pyrD
eco01100;fabA
eco01100;cbdA
eco01100;cbdB
eco01100;rutF
eco01100;rutE
eco01100;rutD
eco01100;rutC
eco01100;rutB
eco01100;rutA
eco01100;putA
eco01100;ghrA
eco01100;clsC
eco01100;lpxL
eco01100;b1062, pyrC
eco01100;plsX
eco01100;fabH
eco01100;fabD
eco01100;fabG
eco01100;fabF
eco01100;tmk
eco01100;holB
eco01100;thiK
eco01100;nagZ
eco01100;nagK
eco01100;purB
eco01100;icd
eco01100;dadX
eco01100;treA
eco01100;dhaL
eco01100;dhaK
eco01100;prs
eco01100;ispE
eco01100;hemA
eco01100;kdsA
eco01100;galU
eco01100;tdk
eco01100;adhE
eco01100;clsA
eco01100;trpA
eco01100;trpB
eco01100;trpC
eco01100;trpD
eco01100;trpE
eco01100;btuR
eco01100;acnA
eco01100;ribA
eco01100;pgpB
eco01100;pyrF
eco01100;fabI
eco01100;puuA
eco01100;puuD
eco01100;puuC
eco01100;puuB
eco01100;puuE
eco01100;pfo
eco01100;feaB
eco01100;tynA
eco01100;paaF
eco01100;paaH
eco01100;ynbB
eco01100;patD
eco01100;pptA
eco01100;adhP
eco01100;gadB
eco01100;uxaB
eco01100;glsB
eco01100;sad
eco01100;ydfG
eco01100;rspB
eco01100;rspA
eco01100;speG
eco01100;ynfK
eco01100;pntB
eco01100;pntA
eco01100;folM
eco01100;fumC
eco01100;fumA
eco01100;manA
eco01100;uidA
eco01100;malY
eco01100;add
eco01100;pdxY
eco01100;pdxH
eco01100;ribC
eco01100;pykF
eco01100;sufS
eco01100;menI
eco01100;ydiB
eco01100;aroD
eco01100;ydiF
eco01100;ppsA
eco01100;aroH
eco01100;pfkB
eco01100;nadE
eco01100;astE
eco01100;astB
eco01100;astD
eco01100;astA
eco01100;astC
eco01100;ynjE
eco01100;gdhA
eco01100;selD
eco01100;ansA
eco01100;pncA
eco01100;gapA
eco01100;yeaD
eco01100;fadD
eco01100;sdaA
eco01100;manX
eco01100;manY
eco01100;manZ
eco01100;holE
eco01100;purT
eco01100;eda
eco01100;edd
eco01100;zwf
eco01100;pykA
eco01100;lpxM
eco01100;otsA
eco01100;otsB
eco01100;pgsA
eco01100;amyA
eco01100;dcm
eco01100;hiuH
eco01100;cobT
eco01100;cobS
eco01100;cobU
eco01100;dacD
eco01100;hisG
eco01100;hisD
eco01100;hisC
eco01100;hisB
eco01100;hisH
eco01100;hisA
eco01100;hisF
eco01100;hisI
eco01100;ugd
eco01100;gnd
eco01100;rfbC
eco01100;rfbA
eco01100;rfbD
eco01100;rfbB
eco01100;wcaN
eco01100;cpsG
eco01100;cpsB
eco01100;wcaG
eco01100;gmd
eco01100;dcd
eco01100;udk, b2066
eco01100;gatD
eco01100;gatB
eco01100;gatA
eco01100;gatZ
eco01100;gatY
eco01100;fbaB
eco01100;thiD
eco01100;thiM
eco01100;bglX
eco01100;cdd
eco01100;preT
eco01100;preA
eco01100;folE
eco01100;rihB
eco01100;fruA
eco01100;fruB
eco01100;mqo
eco01100;atoD
eco01100;atoA
eco01100;atoB
eco01100;ubiG
eco01100;nrdA
eco01100;nrdB
eco01100;menE
eco01100;menC
eco01100;menB
eco01100;menH
eco01100;menD
eco01100;menF
eco01100;nuoN
eco01100;nuoM
eco01100;nuoL
eco01100;nuoK
eco01100;nuoJ
eco01100;nuoI
eco01100;nuoH
eco01100;nuoG
eco01100;nuoF
eco01100;nuoE
eco01100;nuoC
eco01100;nuoB
eco01100;nuoA
eco01100;alaA
eco01100;yfbR
eco01100;ackA
eco01100;pta
eco01100;ubiX
eco01100;purF
eco01100;folC
eco01100;accD
eco01100;pdxB
eco01100;fabB
eco01100;aroC
eco01100;fadJ
eco01100;fadI
eco01100;oxc
eco01100;glk
eco01100;gltX
eco01100;xapA
eco01100;cysK
eco01100;pdxK
eco01100;cysM
eco01100;murQ
eco01100;hemF
eco01100;eutC
eco01100;eutB
eco01100;eutA
eco01100;eutG
eco01100;eutE
eco01100;eutD
eco01100;maeB
eco01100;talA
eco01100;tktB
eco01100;dapE
eco01100;purC
eco01100;dapA
eco01100;upp
eco01100;purM
eco01100;purN
eco01100;guaA
eco01100;guaB
eco01100;ispG
eco01100;ndk
eco01100;sseA
eco01100;pepB
eco01100;iscS
eco01100;suhB
eco01100;glyA
eco01100;purL
eco01100;pdxJ
eco01100;nadB
eco01100;pssA
eco01100;pheA
eco01100;tyrA
eco01100;aroF
eco01100;nadK
eco01100;gabD
eco01100;gabT
eco01100;nrdE
eco01100;nrdF
eco01100;luxS
eco01100;gshA, b2688
eco01100;umpG
eco01100;ispF
eco01100;ispD
eco01100;cysC
eco01100;cysN
eco01100;cysD
eco01100;cysH
eco01100;cysI
eco01100;cysJ
eco01100;queD
eco01100;queE
eco01100;eno
eco01100;pyrG
eco01100;mazG
eco01100;gudD
eco01100;queF
eco01100;sdaB
eco01100;argA
eco01100;thyA
eco01100;lysA
eco01100;yqeF
eco01100;xdhA
eco01100;xdhB
eco01100;xdhC
eco01100;hyuA
eco01100;yqeA
eco01100;guaD
eco01100;idi
eco01100;gcvP
eco01100;gcvH
eco01100;gcvT
eco01100;ubiI
eco01100;ubiH
eco01100;fau
eco01100;serA
eco01100;rpiA
eco01100;scpA
eco01100;fbaA
eco01100;pgk
eco01100;epd
eco01100;tktA
eco01100;speB
eco01100;speA
eco01100;metK
eco01100;gshB
eco01100;yggW
eco01100;ansB
eco01100;speC
eco01100;glcB
eco01100;glcD
eco01100;gss
eco01100;metC
eco01100;plsC
eco01100;ribB
eco01100;hldE
eco01100;folB
eco01100;plsY
eco01100;patA
eco01100;ebgA
eco01100;ebgC
eco01100;uxaA
eco01100;uxaC
eco01100;tdcE
eco01100;tdcD
eco01100;tdcB
eco01100;garK
eco01100;garR
eco01100;kbaZ
eco01100;kbaY
eco01100;argG
eco01100;glmM
eco01100;folP
eco01100;murA
eco01100;kdsD
eco01100;kdsC
eco01100;gltB
eco01100;gltD
eco01100;nanK
eco01100;mdh
eco01100;acuI
eco01100;accB
eco01100;accC
eco01100;aroE
eco01100;rpoA
eco01100;chiA
eco01100;prkB
eco01100;argD
eco01100;cysG
eco01100;gph
eco01100;rpe
eco01100;aroB
eco01100;aroK
eco01100;mrcA
eco01100;pck
eco01100;bioH
eco01100;malQ
eco01100;malP
eco01100;glgP
eco01100;glgA
eco01100;glgC
eco01100;glgX
eco01100;glgB
eco01100;asd
eco01100;gntK
eco01100;ggt
eco01100;gadA
eco01100;treF
eco01100;kdgK
eco01100;bcsZ
eco01100;bcsA
eco01100;bisC
eco01100;ghrB
eco01100;xylB
eco01100;xylA
eco01100;malS
eco01100;avtA
eco01100;sgbE
eco01100;aldB
eco01100;yiaY
eco01100;lldD
eco01100;cysE
eco01100;gpmM
eco01100;hldD
eco01100;waaF
eco01100;waaC
eco01100;waaL
eco01100;waaU
eco01100;waaY
eco01100;waaR
eco01100;waaO
eco01100;waaB
eco01100;waaP
eco01100;waaG
eco01100;waaQ
eco01100;waaA
eco01100;coaD
eco01100;dfp
eco01100;dut
eco01100;pyrE
eco01100;gmk
eco01100;rpoZ
eco01100;adeD
eco01100;ilvN
eco01100;ilvB
eco01100;dgoK
eco01100;dnaN
eco01100;glmS
eco01100;glmU
eco01100;atpC
eco01100;atpD
eco01100;atpG
eco01100;atpA
eco01100;atpH
eco01100;atpF
eco01100;atpE
eco01100;atpB
eco01100;asnA
eco01100;rbsK
eco01100;ilvM
eco01100;ilvE
eco01100;ilvD
eco01100;ilvA
eco01100;ilvC
eco01100;wecB
eco01100;rffG
eco01100;rffH
eco01100;hemX
eco01100;hemD
eco01100;hemC
eco01100;dapF
eco01100;pldA
eco01100;metE
eco01100;ysgA
eco01100;udp
eco01100;ubiE
eco01100;ubiD
eco01100;fadA
eco01100;fadB
eco01100;hemG
eco01100;polA
eco01100;hemN
eco01100;glnA
eco01100;yihQ
eco01100;yihR
eco01100;yihU
eco01100;fdoI
eco01100;fdoH
eco01100;fdoG
eco01100;pfkA
eco01100;tpiA
eco01100;glpX
eco01100;glpK
eco01100;menA
eco01100;metB
eco01100;metL
eco01100;metF
eco01100;katG
eco01100;gldA
eco01100;pflD
eco01100;ppc
eco01100;argE
eco01100;argC
eco01100;argB
eco01100;argH
eco01100;sthA
eco01100;murI
eco01100;murB
eco01100;birA
eco01100;coaA
eco01100;rpoB
eco01100;rpoC
eco01100;thiH
eco01100;thiG
eco01100;thiF
eco01100;thiE
eco01100;thiC
eco01100;nudC
eco01100;hemE
eco01100;purD
eco01100;purH
eco01100;metA
eco01100;aceB
eco01100;aceA
eco01100;metH
eco01100;lysC
eco01100;pgi
eco01100;ubiC
eco01100;ubiA
eco01100;b4041, plsB
eco01100;dgkA, b4042
eco01100;alr
eco01100;tyrB
eco01100;acs
eco01100;fdhF
eco01100;rpiB
eco01100;adiA
eco01100;fumB
eco01100;cadA
eco01100;aspA
eco01100;frdD, b4151
eco01100;b4152, frdC
eco01100;b4153, frdB
eco01100;b4154, frdA
eco01100;psd
eco01100;miaA
eco01100;purA
eco01100;ulaG
eco01100;ulaA
eco01100;ulaB
eco01100;ulaC
eco01100;ulaD
eco01100;ulaE
eco01100;ulaF
eco01100;cysQ
eco01100;fbp
eco01100;nrdD
eco01100;pyrI
eco01100;pyrB
eco01100;argI
eco01100;holC
eco01100;pepA
eco01100;idnK
eco01100;yjhH
eco01100;sgcA
eco01100;sgcC
eco01100;uxuA
eco01100;uxuB
eco01100;opgB
eco01100;b4372, holD
eco01100;yjjG
eco01100;deoA
eco01100;deoD
eco01100;serB
eco01100;b4390, nadR
eco01100;ytjC
eco01100;glcF
eco01100;glcE
eco01100;tdcG
eco01100;dgoA
eco01100;dgoD
eco01100;sgcB
eco01200;talB
eco01200;aceE
eco01200;aceF
eco01200;lpd
eco01200;acnB
eco01200;accA
eco01200;yahI
eco01200;frmB
eco01200;frmA
eco01200;ybcF
eco01200;folD
eco01200;gltA
eco01200;sdhC
eco01200;sdhD
eco01200;sdhA
eco01200;sdhB
eco01200;sucA
eco01200;sucB
eco01200;sucC
eco01200;sucD
eco01200;gpmA
eco01200;pgl
eco01200;ybhJ
eco01200;serC
eco01200;icd
eco01200;prs
eco01200;acnA
eco01200;pfo
eco01200;maeA
eco01200;fumC
eco01200;fumA
eco01200;pykF
eco01200;ppsA
eco01200;pfkB
eco01200;katE
eco01200;gapA
eco01200;sdaA
eco01200;eda
eco01200;edd
eco01200;zwf
eco01200;pykA
eco01200;gnd
eco01200;fbaB
eco01200;yeiG
eco01200;mqo
eco01200;atoB
eco01200;ackA
eco01200;pta
eco01200;accD
eco01200;fadJ
eco01200;glk
eco01200;cysK
eco01200;cysM
eco01200;maeB
eco01200;talA
eco01200;tktB
eco01200;glyA
eco01200;eno
eco01200;sdaB
eco01200;yqeF
eco01200;yqeA
eco01200;gcvP
eco01200;gcvT
eco01200;serA
eco01200;rpiA
eco01200;scpA
eco01200;fbaA
eco01200;pgk
eco01200;tktA
eco01200;glcB
eco01200;tdcB
eco01200;mdh
eco01200;accB
eco01200;accC
eco01200;prkB
eco01200;rpe
eco01200;pck
eco01200;gntK
eco01200;kdgK
eco01200;cysE
eco01200;gpmM
eco01200;ilvA
eco01200;fadB
eco01200;yihU
eco01200;fdoI
eco01200;fdoH
eco01200;fdoG
eco01200;pfkA
eco01200;tpiA
eco01200;glpX
eco01200;metF
eco01200;ppc
eco01200;aceB
eco01200;aceA
eco01200;pgi
eco01200;acs
eco01200;fdhF
eco01200;rpiB
eco01200;fumB
eco01200;frdD, b4151
eco01200;b4152, frdC
eco01200;b4153, frdB
eco01200;b4154, frdA
eco01200;fbp
eco01200;idnK
eco01200;serB
eco01200;ytjC
eco01200;tdcG
eco03030;rnhB
eco03030;dnaE
eco03030;rnhA
eco03030;dnaQ
eco03030;dnaX
eco03030;holA
eco03030;holB
eco03030;holE
eco03030;ligA
eco03030;dnaG
eco03030;ligB
eco03030;dnaN
eco03030;polA
eco03030;b4052, dnaB
eco03030;ssb
eco03030;holC
eco03030;b4372, holD
eco04122;mog
eco04122;thiI
eco04122;moaA
eco04122;moaC
eco04122;moaD
eco04122;moaE
eco04122;moeB
eco04122;tusE
eco04122;mnmA
eco04122;ynjE
eco04122;sseA
eco04122;iscS
eco04122;tusB
eco04122;tusC
eco04122;tusD
eco04122;tusA
eco04122;thiF
eco04122;thiS
eco00680;frmB
eco00680;frmA
eco00680;gpmA
eco00680;serC
eco00680;ppsA
eco00680;pfkB
eco00680;fbaB
eco00680;yeiG
eco00680;ackA
eco00680;pta
eco00680;glyA
eco00680;eno
eco00680;serA
eco00680;fbaA
eco00680;mdh
eco00680;gpmM
eco00680;fdoI
eco00680;fdoH
eco00680;fdoG
eco00680;pfkA
eco00680;glpX
eco00680;ppc
eco00680;acs
eco00680;fdhF
eco00680;fbp
eco00680;serB
eco00680;ytjC
eco00860;hemL
eco00860;hemB
eco00860;cyoE
eco00860;hemH
eco00860;cobC
eco00860;hemA
eco00860;btuR
eco00860;uidA
eco00860;cobT
eco00860;cobS
eco00860;cobU
eco00860;gltX
eco00860;hemF
eco00860;eutT
eco00860;yggW
eco00860;bfr
eco00860;cysG
eco00860;hemX
eco00860;hemD
eco00860;hemC
eco00860;fre
eco00860;hemG
eco00860;hemN
eco00860;hemE
eco02030;trg
eco02030;cheZ
eco02030;cheY
eco02030;cheB
eco02030;cheR
eco02030;tap
eco02030;tar
eco02030;cheW
eco02030;cheA
eco02030;motB
eco02030;motA
eco02030;fliG
eco02030;fliM
eco02030;fliN
eco02030;mglB
eco02030;aer
eco02030;dppA
eco02030;rbsB
eco02030;malE
eco02030;tsr
eco01212;fabZ
eco01212;accA
eco01212;fadE
eco01212;fabA
eco01212;fabH
eco01212;fabD
eco01212;fabG
eco01212;fabF
eco01212;fabI
eco01212;paaF
eco01212;fadD
eco01212;atoB
eco01212;accD
eco01212;fabB
eco01212;fadJ
eco01212;fadI
eco01212;yqeF
eco01212;accB
eco01212;accC
eco01212;fadA
eco01212;fadB
