mtu00240;dnaN
mtu00240;nrdB
mtu00240;dcd
mtu00240;pyrE
mtu00240;nrdZ
mtu00240;rpoB
mtu00240;rpoC
mtu00240;pyrR
mtu00240;pyrB
mtu00240;pyrC
mtu00240;carA
mtu00240;carB
mtu00240;pyrF
mtu00240;rpoZ
mtu00240;trxB1
mtu00240;dnaE1
mtu00240;polA
mtu00240;pyrG
mtu00240;cmk
mtu00240;nrdF1
mtu00240;pyrD
mtu00240;Rv2191
mtu00240;Rv2413c
mtu00240;ndkA
mtu00240;dut
mtu00240;thyX
mtu00240;thyA
mtu00240;gpsI
mtu00240;pyrH
mtu00240;nrdF2
mtu00240;nrdE
mtu00240;tmk
mtu00240;deoD
mtu00240;upp
mtu00240;deoA
mtu00240;cdd
mtu00240;rpoA
mtu00240;Rv3644c
mtu00240;dnaQ
mtu00240;dnaZX
mtu00240;trxB2
mtu03420;ercc3
mtu03420;uvrD1
mtu03420;mfd
mtu03420;uvrC
mtu03420;polA
mtu03420;uvrB
mtu03420;uvrA
mtu03420;ligA
mtu03420;ligB
mtu03420;uvrD2
mtu03420;Rv3201c
mtu03070;secE1
mtu03070;secY
mtu03070;tatB
mtu03070;secG
mtu03070;secA2
mtu03070;tatC
mtu03070;tatA
mtu03070;secF
mtu03070;secD
mtu03070;yajC
mtu03070;ffh
mtu03070;ftsY
mtu03070;secA1
mtu03070;Rv3921c
mtu03450;mku
mtu03450;ligD
mtu01502;lpqR
mtu01502;murG
mtu01502;murX
mtu01502;murF
mtu01502;ddlA
mtu01502;alr
mtu00450;Rv0075
mtu00450;metS
mtu00450;metB
mtu00450;metE
mtu00450;cysD
mtu00450;Rv1286
mtu00450;csd
mtu00450;trxB1
mtu00450;metH
mtu00450;Rv2294
mtu00450;trxB2
mtu00280;fadE1
mtu00280;Rv0147
mtu00280;fadE2
mtu00280;echA1
mtu00280;Rv0223c
mtu00280;fadE4
mtu00280;fadA2
mtu00280;echA2
mtu00280;lpdC
mtu00280;echA3
mtu00280;echA4
mtu00280;echA5
mtu00280;mmsB
mtu00280;mmsA
mtu00280;aldA
mtu00280;Rv0794c
mtu00280;Rv0859
mtu00280;fadB
mtu00280;echA6
mtu00280;Rv0914c
mtu00280;echA7
mtu00280;accA2
mtu00280;fadE13
mtu00280;echA8
mtu00280;echA9
mtu00280;fadA3
mtu00280;echA11
mtu00280;echA10
mtu00280;fadA4
mtu00280;echA12
mtu00280;mutA
mtu00280;mutB
mtu00280;Rv1867
mtu00280;echA13
mtu00280;ilvE
mtu00280;accD6
mtu00280;echA14
mtu00280;accA1
mtu00280;accD1
mtu00280;scoB
mtu00280;scoA
mtu00280;gabT
mtu00280;echA15
mtu00280;ltp1
mtu00280;echA16
mtu00280;aldC
mtu00280;echA17
mtu00280;fadE23
mtu00280;accD5
mtu00280;accA3
mtu00280;pcd
mtu00280;lpdA
mtu00280;echA18
mtu00280;echA19
mtu00280;ltp3
mtu00280;fadA5
mtu00280;echA20
mtu00280;fadA6
mtu00280;echA21
mtu00020;icd2
mtu00020;pckA
mtu00020;Rv0247c
mtu00020;Rv0248c
mtu00020;lpdC
mtu00020;Rv0794c
mtu00020;Rv0843
mtu00020;citA
mtu00020;gltA2
mtu00020;sucC
mtu00020;sucD
mtu00020;fum
mtu00020;prpC
mtu00020;mdh
mtu00020;acn
mtu00020;frdA
mtu00020;frdB
mtu00020;frdC
mtu00020;frdD
mtu00020;dlaT
mtu00020;aceE
mtu00020;Rv2454c
mtu00020;Rv2455c
mtu00020;bkdC
mtu00020;bkdB
mtu00020;bkdA
mtu00020;mqo
mtu00020;pca
mtu00020;lpdA
mtu00020;sdhC
mtu00020;sdhD
mtu00020;sdhA
mtu00020;sdhB
mtu00020;icd1
mtu00592;ltp1
mtu00630;glyA2
mtu00630;oxcA
mtu00630;fadA2
mtu00630;lpdC
mtu00630;icl1
mtu00630;Rv0794c
mtu00630;Rv0859
mtu00630;citA
mtu00630;gltA2
mtu00630;Rv0914c
mtu00630;accA2
mtu00630;fadA3
mtu00630;glyA1
mtu00630;prpC
mtu00630;mdh
mtu00630;Rv1257c
mtu00630;fadA4
mtu00630;acn
mtu00630;mutA
mtu00630;mutB
mtu00630;gcvH
mtu00630;gcvB
mtu00630;glcB
mtu00630;Rv1867
mtu00630;glnA3
mtu00630;aceAa
mtu00630;aceAb
mtu00630;Rv2205c
mtu00630;gcvT
mtu00630;glnA1
mtu00630;glnA2
mtu00630;accD6
mtu00630;accA1
mtu00630;glnA4
mtu00630;purU
mtu00630;accD5
mtu00630;accA3
mtu00630;lpdA
mtu00630;ltp3
mtu00630;fadA5
mtu00630;fadA6
mtu01230;icd2
mtu01230;sdaA
mtu01230;glyA2
mtu01230;Rv0075
mtu01230;mtn
mtu01230;ilvD
mtu01230;aspC
mtu01230;fba
mtu01230;gpm1
mtu01230;proC
mtu01230;serA2
mtu01230;cysK2
mtu01230;dapC
mtu01230;serC
mtu01230;citA
mtu01230;gltA2
mtu01230;Rv0948c
mtu01230;prsA
mtu01230;eno
mtu01230;cbs
mtu01230;metB
mtu01230;glyA1
mtu01230;prpC
mtu01230;metE
mtu01230;dapD
mtu01230;dapE
mtu01230;lysA
mtu01230;thrA
mtu01230;thrC
mtu01230;thrB
mtu01230;cysM
mtu01230;metK
mtu01230;rpe
mtu01230;gap
mtu01230;pgk
mtu01230;tpi
mtu01230;tal
mtu01230;tkt
mtu01230;acn
mtu01230;ilvA
mtu01230;hisD
mtu01230;hisC1
mtu01230;hisB
mtu01230;hisH
mtu01230;hisA
mtu01230;hisF
mtu01230;hisI
mtu01230;trpE
mtu01230;trpC
mtu01230;trpB
mtu01230;trpA
mtu01230;pykA
mtu01230;argC
mtu01230;argJ
mtu01230;argB
mtu01230;argD
mtu01230;argF
mtu01230;argG
mtu01230;argH
mtu01230;ilvG
mtu01230;glnA3
mtu01230;Rv1885c
mtu01230;pfkB
mtu01230;hisG
mtu01230;hisE
mtu01230;metH
mtu01230;aroG
mtu01230;trpD
mtu01230;ilvE
mtu01230;glnA1
mtu01230;glnA2
mtu01230;Rv2228c
mtu01230;Rv2294
mtu01230;cysK1
mtu01230;cysE
mtu01230;gpgP
mtu01230;proA
mtu01230;proB
mtu01230;rpiB
mtu01230;aroD
mtu01230;aroB
mtu01230;aroK
mtu01230;aroF
mtu01230;aroE
mtu01230;dapF
mtu01230;argA
mtu01230;dapA
mtu01230;dapB
mtu01230;glnA4
mtu01230;pca
mtu01230;leuD
mtu01230;leuC
mtu01230;leuB
mtu01230;serA1
mtu01230;ilvC
mtu01230;ilvN
mtu01230;ilvB1
mtu01230;pfkA
mtu01230;serB2
mtu01230;Rv3137
mtu01230;gpm2
mtu01230;aroA
mtu01230;icd1
mtu01230;ilvB2
mtu01230;ilvX
mtu01230;Rv3684
mtu01230;asd
mtu01230;ask
mtu01230;leuA
mtu01230;tyrA
mtu01230;hisC2
mtu01230;Rv3837c
mtu01230;pheA
mtu01230;gltD
mtu01230;gltB
mtu00740;Rv0306
mtu00740;ribG
mtu00740;ribC
mtu00740;ribA2
mtu00740;ribH
mtu00740;ribA1
mtu00740;ribD
mtu00740;ribF
mtu00401;hisC1
mtu00401;tyrA
mtu00401;hisC2
mtu03020;rpoB
mtu03020;rpoC
mtu03020;rpoZ
mtu03020;rpoA
mtu00380;Rv0147
mtu00380;echA1
mtu00380;Rv0223c
mtu00380;fadA2
mtu00380;fadE7
mtu00380;echA2
mtu00380;echA3
mtu00380;echA4
mtu00380;echA5
mtu00380;aldA
mtu00380;pdc
mtu00380;Rv0859
mtu00380;fadB
mtu00380;echA6
mtu00380;Rv0914c
mtu00380;echA7
mtu00380;echA8
mtu00380;echA9
mtu00380;fadA3
mtu00380;echA11
mtu00380;echA10
mtu00380;amiB2
mtu00380;fadA4
mtu00380;echA12
mtu00380;Rv1867
mtu00380;katG
mtu00380;echA13
mtu00380;amiA2
mtu00380;echA14
mtu00380;echA15
mtu00380;echA16
mtu00380;aldC
mtu00380;amiC
mtu00380;echA17
mtu00380;aofH
mtu00380;Rv3175
mtu00380;pcd
mtu00380;echA18
mtu00380;amiD
mtu00380;echA19
mtu00380;ltp3
mtu00380;fadA5
mtu00380;echA20
mtu00380;fadA6
mtu00380;echA21
mtu00300;dapC
mtu00300;dapD
mtu00300;dapE
mtu00300;lysA
mtu00300;thrA
mtu00300;murF
mtu00300;murE
mtu00300;dapF
mtu00300;dapA
mtu00300;dapB
mtu00300;asd
mtu00300;ask
mtu00633;Rv0373c
mtu00633;Rv0374c
mtu00633;Rv0375c
mtu00633;nat
mtu00040;Rv0147
mtu00040;Rv0223c
mtu00040;udgA
mtu00040;xylB
mtu00040;aldA
mtu00040;galU
mtu00040;rpe
mtu00040;aldC
mtu00040;pcd
mtu00100;cyp51
mtu00623;Rv2054
mtu00623;Rv2765
mtu00130;menA
mtu00130;menE
mtu00130;menB
mtu00130;menC
mtu00130;menD
mtu00130;menH
mtu00130;entC
mtu00471;murI
mtu00471;murC
mtu00471;murD
mtu00650;echA1
mtu00650;gabD1
mtu00650;fadA2
mtu00650;Rv0247c
mtu00650;Rv0248c
mtu00650;echA2
mtu00650;fadB2
mtu00650;echA3
mtu00650;echA4
mtu00650;echA5
mtu00650;Rv0859
mtu00650;fadB
mtu00650;echA6
mtu00650;Rv0914c
mtu00650;echA7
mtu00650;echA8
mtu00650;echA9
mtu00650;fadA3
mtu00650;echA11
mtu00650;echA10
mtu00650;fadA4
mtu00650;echA12
mtu00650;frdA
mtu00650;frdB
mtu00650;frdC
mtu00650;frdD
mtu00650;fadB3
mtu00650;gabD2
mtu00650;ilvG
mtu00650;Rv1867
mtu00650;echA13
mtu00650;Rv2454c
mtu00650;Rv2455c
mtu00650;echA14
mtu00650;scoB
mtu00650;scoA
mtu00650;gabT
mtu00650;echA15
mtu00650;echA16
mtu00650;ilvN
mtu00650;ilvB1
mtu00650;echA17
mtu00650;sdhC
mtu00650;sdhD
mtu00650;sdhA
mtu00650;sdhB
mtu00650;echA18
mtu00650;gadB
mtu00650;ilvB2
mtu00650;ilvX
mtu00650;echA19
mtu00650;ltp3
mtu00650;hsaG
mtu00650;fadA5
mtu00650;echA20
mtu00650;fadA6
mtu00650;echA21
mtu00460;glyA2
mtu00460;bglS
mtu00460;ggtA
mtu00460;glyA1
mtu00460;ansA
mtu00460;ggtB
mtu01053;mbtG
mtu01053;mbtF
mtu01053;mbtE
mtu01053;mbtD
mtu01053;mbtC
mtu01053;mbtB
mtu01053;mbtA
mtu01053;mbtI
mtu01053;entC
mtu00621;mhpE
mtu00621;hsaF
mtu00621;hsaG
mtu00621;hsaE
mtu01040;fabG4
mtu01040;Rv0769
mtu01040;desA1
mtu01040;fadB
mtu01040;desA2
mtu01040;fabG2
mtu01040;tesB1
mtu01040;tesB2
mtu01040;Rv3502c
mtu01040;Rv3559c
mtu00903;Rv0147
mtu00903;echA1
mtu00903;Rv0223c
mtu00903;echA2
mtu00903;echA3
mtu00903;echA4
mtu00903;echA5
mtu00903;aldA
mtu00903;fadB
mtu00903;echA6
mtu00903;echA7
mtu00903;echA8
mtu00903;echA9
mtu00903;echA11
mtu00903;echA10
mtu00903;echA12
mtu00903;echA13
mtu00903;echA14
mtu00903;echA15
mtu00903;ephG
mtu00903;echA16
mtu00903;aldC
mtu00903;echA17
mtu00903;pcd
mtu00903;echA18
mtu00903;echA19
mtu00903;echA20
mtu00903;Rv3618
mtu00903;echA21
mtu00190;Rv0247c
mtu00190;Rv0248c
mtu00190;ndhA
mtu00190;atpB
mtu00190;atpE
mtu00190;atpF
mtu00190;atpH
mtu00190;atpA
mtu00190;atpG
mtu00190;atpD
mtu00190;atpC
mtu00190;Rv1451
mtu00190;Rv1456c
mtu00190;frdA
mtu00190;frdB
mtu00190;frdC
mtu00190;frdD
mtu00190;cydB
mtu00190;cydA
mtu00190;Rv1812c
mtu00190;ndh
mtu00190;ctaE
mtu00190;qcrC
mtu00190;qcrA
mtu00190;qcrB
mtu00190;ctaC
mtu00190;ppk1
mtu00190;ctaD
mtu00190;nuoA
mtu00190;nuoB
mtu00190;nuoC
mtu00190;nuoD
mtu00190;nuoE
mtu00190;nuoF
mtu00190;nuoG
mtu00190;nuoH
mtu00190;nuoI
mtu00190;nuoJ
mtu00190;nuoK
mtu00190;nuoL
mtu00190;nuoM
mtu00190;nuoN
mtu00190;sdhC
mtu00190;sdhD
mtu00190;sdhA
mtu00190;sdhB
mtu00190;ppa
mtu00785;lipB
mtu00785;lipA
mtu00472;aao
mtu01100;dnaN
mtu01100;bioF2
mtu01100;ino1
mtu01100;celA1
mtu01100;icd2
mtu01100;sdaA
mtu01100;glyA2
mtu01100;Rv0075
mtu01100;mtn
mtu01100;gmhA
mtu01100;gmhB
mtu01100;oxcA
mtu01100;treS
mtu01100;fbpC
mtu01100;fadE1
mtu01100;Rv0147
mtu01100;fadE2
mtu01100;pntAa
mtu01100;pntAb
mtu01100;pntB
mtu01100;adhE1
mtu01100;bglS
mtu01100;ilvD
mtu01100;pckA
mtu01100;echA1
mtu01100;Rv0223c
mtu01100;fadE4
mtu01100;nrdB
mtu01100;gabD1
mtu01100;lpqI
mtu01100;fabG4
mtu01100;fadA2
mtu01100;Rv0247c
mtu01100;Rv0248c
mtu01100;cobU
mtu01100;cobQ1
mtu01100;Rv0260c
mtu01100;Rv0306
mtu01100;dcd
mtu01100;udgA
mtu01100;rmlA
mtu01100;aspC
mtu01100;purA
mtu01100;fba
mtu01100;pyrE
mtu01100;purT
mtu01100;metZ
mtu01100;fadE7
mtu01100;pta
mtu01100;ackA
mtu01100;thiE
mtu01100;thiO
mtu01100;thiG
mtu01100;thiD
mtu01100;thiC
mtu01100;pssA
mtu01100;psd
mtu01100;echA2
mtu01100;Rv0458
mtu01100;lpdC
mtu01100;icl1
mtu01100;fadB2
mtu01100;murB
mtu01100;gpm1
mtu01100;proC
mtu01100;galE2
mtu01100;hemA
mtu01100;hemC
mtu01100;hemD
mtu01100;hemB
mtu01100;hemL
mtu01100;menA
mtu01100;Rv0535
mtu01100;menE
mtu01100;menB
mtu01100;menC
mtu01100;menD
mtu01100;menH
mtu01100;nrdZ
mtu01100;pncB2
mtu01100;galK
mtu01100;echA3
mtu01100;fabD2
mtu01100;Rv0650
mtu01100;rpoB
mtu01100;rpoC
mtu01100;Rv0669c
mtu01100;echA4
mtu01100;echA5
mtu01100;Rv0694
mtu01100;serA2
mtu01100;xylB
mtu01100;adk
mtu01100;mmsB
mtu01100;mmsA
mtu01100;Rv0760c
mtu01100;adhB
mtu01100;cyp51
mtu01100;aldA
mtu01100;Rv0769
mtu01100;Rv0771
mtu01100;purD
mtu01100;ggtA
mtu01100;purB
mtu01100;purC
mtu01100;Rv0787A
mtu01100;purQ
mtu01100;Rv0794c
mtu01100;purL
mtu01100;cpsY
mtu01100;purF
mtu01100;purM
mtu01100;cysA2
mtu01100;Rv0843
mtu01100;cysK2
mtu01100;pdc
mtu01100;far
mtu01100;dapC
mtu01100;Rv0859
mtu01100;fadB
mtu01100;moaC2
mtu01100;moaE2
mtu01100;moaA2
mtu01100;serC
mtu01100;citA
mtu01100;gltA2
mtu01100;accD3
mtu01100;echA6
mtu01100;Rv0914c
mtu01100;pgi
mtu01100;Rv0948c
mtu01100;sucC
mtu01100;sucD
mtu01100;purN
mtu01100;purH
mtu01100;Rv0958
mtu01100;echA7
mtu01100;accA2
mtu01100;fadE13
mtu01100;galU
mtu01100;arcA
mtu01100;ispE
mtu01100;prsA
mtu01100;glmU
mtu01100;eno
mtu01100;echA8
mtu01100;echA9
mtu01100;fadA3
mtu01100;cbs
mtu01100;metB
mtu01100;coaA
mtu01100;glyA1
mtu01100;fum
mtu01100;glpX
mtu01100;lytB2
mtu01100;zwf1
mtu01100;gnd2
mtu01100;ppdK
mtu01100;prpC
mtu01100;metE
mtu01100;echA11
mtu01100;echA10
mtu01100;mcr
mtu01100;rocA
mtu01100;Rv1188
mtu01100;dapD
mtu01100;dapE
mtu01100;folP2
mtu01100;glgA
mtu01100;glgC
mtu01100;mdh
mtu01100;Rv1257c
mtu01100;cysD
mtu01100;Rv1286
mtu01100;lysA
mtu01100;thrA
mtu01100;thrC
mtu01100;thrB
mtu01100;atpB
mtu01100;atpE
mtu01100;atpF
mtu01100;atpH
mtu01100;atpA
mtu01100;atpG
mtu01100;atpD
mtu01100;atpC
mtu01100;Rv1314c
mtu01100;murA
mtu01100;fadA4
mtu01100;glgB
mtu01100;glgP
mtu01100;pncB1
mtu01100;cysM
mtu01100;murI
mtu01100;fabG2
mtu01100;pyrR
mtu01100;pyrB
mtu01100;pyrC
mtu01100;carA
mtu01100;carB
mtu01100;pyrF
mtu01100;gmk
mtu01100;rpoZ
mtu01100;dfp
mtu01100;metK
mtu01100;rpe
mtu01100;ribG
mtu01100;ribC
mtu01100;ribA2
mtu01100;ribH
mtu01100;gap
mtu01100;pgk
mtu01100;tpi
mtu01100;bisC
mtu01100;devB
mtu01100;zwf2
mtu01100;tal
mtu01100;tkt
mtu01100;Rv1451
mtu01100;Rv1456c
mtu01100;csd
mtu01100;echA12
mtu01100;acn
mtu01100;hemZ
mtu01100;mutA
mtu01100;mutB
mtu01100;gmdA
mtu01100;epiA
mtu01100;adh
mtu01100;ansA
mtu01100;dnaE1
mtu01100;plsB1
mtu01100;frdA
mtu01100;frdB
mtu01100;frdC
mtu01100;frdD
mtu01100;ilvA
mtu01100;treZ
mtu01100;treY
mtu01100;treX
mtu01100;bioA
mtu01100;bioF1
mtu01100;bioD
mtu01100;bioB
mtu01100;nadA
mtu01100;nadB
mtu01100;nadC
mtu01100;hisD
mtu01100;hisC1
mtu01100;hisB
mtu01100;hisH
mtu01100;hisA
mtu01100;impA
mtu01100;hisF
mtu01100;hisI
mtu01100;trpE
mtu01100;trpC
mtu01100;trpB
mtu01100;trpA
mtu01100;pykA
mtu01100;cydB
mtu01100;cydA
mtu01100;polA
mtu01100;coaE
mtu01100;argC
mtu01100;argJ
mtu01100;argB
mtu01100;argD
mtu01100;argF
mtu01100;argG
mtu01100;argH
mtu01100;ppnK
mtu01100;pyrG
mtu01100;Rv1703c
mtu01100;cmk
mtu01100;fadB3
mtu01100;gabD2
mtu01100;idi
mtu01100;Rv1771
mtu01100;malQ
mtu01100;ilvG
mtu01100;pgsA2
mtu01100;gcvH
mtu01100;gcvB
mtu01100;Rv1833c
mtu01100;glcB
mtu01100;guaB1
mtu01100;gnd1
mtu01100;ureA
mtu01100;ureB
mtu01100;ureC
mtu01100;adhA
mtu01100;Rv1867
mtu01100;lldD2
mtu01100;glnA3
mtu01100;Rv1885c
mtu01100;fbpB
mtu01100;aao
mtu01100;katG
mtu01100;aceAa
mtu01100;aceAb
mtu01100;echA13
mtu01100;ribA1
mtu01100;nrdF1
mtu01100;fabG3
mtu01100;otsB1
mtu01100;pfkB
mtu01100;pncA
mtu01100;Rv2054
mtu01100;cobN
mtu01100;cobG
mtu01100;cobH
mtu01100;cobIJ
mtu01100;cobK
mtu01100;cobM
mtu01100;cobL
mtu01100;hisG
mtu01100;hisE
mtu01100;metH
mtu01100;cysQ
mtu01100;pyrD
mtu01100;murC
mtu01100;murG
mtu01100;murD
mtu01100;murX
mtu01100;murF
mtu01100;idsA2
mtu01100;aroG
mtu01100;Rv2182c
mtu01100;fadD15
mtu01100;Rv2191
mtu01100;trpD
mtu01100;ctaE
mtu01100;qcrC
mtu01100;qcrA
mtu01100;qcrB
mtu01100;ctaC
mtu01100;asnB
mtu01100;adoK
mtu01100;Rv2205c
mtu01100;cobT
mtu01100;cobS
mtu01100;ilvE
mtu01100;gcvT
mtu01100;pepB
mtu01100;dlaT
mtu01100;lipB
mtu01100;lipA
mtu01100;glnA1
mtu01100;glnA2
mtu01100;panB
mtu01100;Rv2228c
mtu01100;cobD
mtu01100;aceE
mtu01100;fabD
mtu01100;accD6
mtu01100;Rv2251
mtu01100;Rv2252
mtu01100;sseB
mtu01100;Rv2294
mtu01100;Rv2296
mtu01100;cysK1
mtu01100;cysE
mtu01100;plcC
mtu01100;plcB
mtu01100;plcA
mtu01100;hemN
mtu01100;sirA
mtu01100;cysH
mtu01100;ggtB
mtu01100;Rv2413c
mtu01100;gpgP
mtu01100;nadD
mtu01100;proA
mtu01100;rbsK
mtu01100;nadE
mtu01100;proB
mtu01100;ndkA
mtu01100;folC
mtu01100;Rv2454c
mtu01100;Rv2455c
mtu01100;mmuM
mtu01100;rpiB
mtu01100;pepN
mtu01100;aglA
mtu01100;gdh
mtu01100;plsB2
mtu01100;echA14
mtu01100;bkdC
mtu01100;bkdB
mtu01100;bkdA
mtu01100;accA1
mtu01100;accD1
mtu01100;fas
mtu01100;Rv2531c
mtu01100;aroD
mtu01100;aroB
mtu01100;aroK
mtu01100;aroF
mtu01100;aroE
mtu01100;Rv2573
mtu01100;dhaA
mtu01100;apt
mtu01100;gabT
mtu01100;speE
mtu01100;pdxH
mtu01100;Rv2611c
mtu01100;pgsA1
mtu01100;ribD
mtu01100;hemY
mtu01100;hemE
mtu01100;echA15
mtu01100;dxs1
mtu01100;dut
mtu01100;suhB
mtu01100;ppgK
mtu01100;sthA
mtu01100;dapF
mtu01100;miaA
mtu01100;pgsA3
mtu01100;argA
mtu01100;dapA
mtu01100;thyX
mtu01100;dfrA
mtu01100;thyA
mtu01100;Rv2765
mtu01100;dapB
mtu01100;ald
mtu01100;ribF
mtu01100;ltp1
mtu01100;echA16
mtu01100;cysG
mtu01100;cobB
mtu01100;cobO
mtu01100;Rv2850c
mtu01100;mqo
mtu01100;aldC
mtu01100;glnA4
mtu01100;gcpE
mtu01100;dxr
mtu01100;cdsA
mtu01100;pyrH
mtu01100;dacB2
mtu01100;kdtB
mtu01100;pca
mtu01100;thiL
mtu01100;ddlA
mtu01100;leuD
mtu01100;leuC
mtu01100;gltS
mtu01100;leuB
mtu01100;serA1
mtu01100;ilvC
mtu01100;ilvN
mtu01100;ilvB1
mtu01100;gatB
mtu01100;pfkA
mtu01100;gatA
mtu01100;gatC
mtu01100;iscS
mtu01100;Rv3031
mtu01100;echA17
mtu01100;serB2
mtu01100;ctaD
mtu01100;nrdF2
mtu01100;nrdE
mtu01100;pgmA
mtu01100;adhD
mtu01100;lipY
mtu01100;agpS
mtu01100;moaA1
mtu01100;moaC1
mtu01100;moaD1
mtu01100;cysA3
mtu01100;moaE1
mtu01100;Rv3137
mtu01100;fadE23
mtu01100;nuoA
mtu01100;nuoB
mtu01100;nuoC
mtu01100;nuoD
mtu01100;nuoE
mtu01100;nuoF
mtu01100;nuoG
mtu01100;nuoH
mtu01100;nuoI
mtu01100;nuoJ
mtu01100;nuoK
mtu01100;nuoL
mtu01100;nuoM
mtu01100;nuoN
mtu01100;aofH
mtu01100;nudC
mtu01100;gpm2
mtu01100;entC
mtu01100;aroA
mtu01100;desA3
mtu01100;tmk
mtu01100;sahH
mtu01100;manA
mtu01100;pmmA
mtu01100;manB
mtu01100;rmlD
mtu01100;purE
mtu01100;purK
mtu01100;birA
mtu01100;accD5
mtu01100;sseA
mtu01100;accA3
mtu01100;lat
mtu01100;pcd
mtu01100;lpdA
mtu01100;deoD
mtu01100;pmmB
mtu01100;upp
mtu01100;add
mtu01100;deoA
mtu01100;cdd
mtu01100;sdhC
mtu01100;sdhD
mtu01100;sdhA
mtu01100;sdhB
mtu01100;moaX
mtu01100;moaC3
mtu01100;dacB1
mtu01100;icd1
mtu01100;metC
mtu01100;metA
mtu01100;folD
mtu01100;otsB2
mtu01100;echA18
mtu01100;dxs2
mtu01100;Rv3382c
mtu01100;idsB
mtu01100;iunH
mtu01100;guaA
mtu01100;phyA
mtu01100;idsA1
mtu01100;guaB3
mtu01100;guaB2
mtu01100;alr
mtu01100;gadB
mtu01100;glmS
mtu01100;mrsA
mtu01100;rpoA
mtu01100;rmlB
mtu01100;rmlC
mtu01100;Rv3468c
mtu01100;mhpE
mtu01100;ilvB2
mtu01100;otsA
mtu01100;Rv3502c
mtu01100;ilvX
mtu01100;echA19
mtu01100;ltp3
mtu01100;kshA
mtu01100;hsaF
mtu01100;hsaG
mtu01100;hsaE
mtu01100;kstD
mtu01100;fadA5
mtu01100;echA20
mtu01100;fadA6
mtu01100;Rv3559c
mtu01100;fadD3
mtu01100;nat
mtu01100;hsaB
mtu01100;hsaC
mtu01100;hsaD
mtu01100;hsaA
mtu01100;kshB
mtu01100;ispF
mtu01100;ispD
mtu01100;Rv3600c
mtu01100;panD
mtu01100;panC
mtu01100;folK
mtu01100;folB
mtu01100;folP1
mtu01100;folE
mtu01100;hpt
mtu01100;galE1
mtu01100;Rv3644c
mtu01100;acs
mtu01100;Rv3684
mtu01100;glpK
mtu01100;gshA
mtu01100;asd
mtu01100;ask
mtu01100;leuA
mtu01100;dnaQ
mtu01100;dnaZX
mtu01100;tyrA
mtu01100;hisC2
mtu01100;echA21
mtu01100;Rv3784
mtu01100;fbpA
mtu01100;Rv3837c
mtu01100;pheA
mtu01100;gltD
mtu01100;gltB
mtu01120;icd2
mtu01120;glyA2
mtu01120;Rv0147
mtu01120;adhE1
mtu01120;pckA
mtu01120;echA1
mtu01120;Rv0223c
mtu01120;gabD1
mtu01120;fadA2
mtu01120;Rv0247c
mtu01120;Rv0248c
mtu01120;nirB
mtu01120;nirD
mtu01120;fba
mtu01120;Rv0373c
mtu01120;Rv0374c
mtu01120;Rv0375c
mtu01120;fadE7
mtu01120;pta
mtu01120;ackA
mtu01120;echA2
mtu01120;Rv0458
mtu01120;lpdC
mtu01120;icl1
mtu01120;fadB2
mtu01120;gpm1
mtu01120;echA3
mtu01120;Rv0650
mtu01120;echA4
mtu01120;echA5
mtu01120;fucA
mtu01120;serA2
mtu01120;Rv0760c
mtu01120;adhB
mtu01120;aldA
mtu01120;Rv0771
mtu01120;Rv0794c
mtu01120;cysA2
mtu01120;Rv0843
mtu01120;cysK2
mtu01120;dapC
mtu01120;Rv0859
mtu01120;fadB
mtu01120;serC
mtu01120;citA
mtu01120;gltA2
mtu01120;accD3
mtu01120;echA6
mtu01120;Rv0914c
mtu01120;pgi
mtu01120;sucC
mtu01120;sucD
mtu01120;echA7
mtu01120;accA2
mtu01120;prsA
mtu01120;eno
mtu01120;echA8
mtu01120;echA9
mtu01120;fadA3
mtu01120;glyA1
mtu01120;fum
mtu01120;glpX
mtu01120;zwf1
mtu01120;gnd2
mtu01120;ppdK
mtu01120;prpC
mtu01120;echA11
mtu01120;echA10
mtu01120;narG
mtu01120;narH
mtu01120;narJ
mtu01120;narI
mtu01120;fbiC
mtu01120;dapD
mtu01120;dapE
mtu01120;mdh
mtu01120;Rv1257c
mtu01120;amiB2
mtu01120;cysD
mtu01120;Rv1286
mtu01120;lysA
mtu01120;thrA
mtu01120;thrC
mtu01120;thrB
mtu01120;fadA4
mtu01120;cysM
mtu01120;rpe
mtu01120;gap
mtu01120;pgk
mtu01120;tpi
mtu01120;devB
mtu01120;zwf2
mtu01120;tal
mtu01120;tkt
mtu01120;echA12
mtu01120;acn
mtu01120;mutA
mtu01120;mutB
mtu01120;adh
mtu01120;frdA
mtu01120;frdB
mtu01120;frdC
mtu01120;frdD
mtu01120;pykA
mtu01120;fadB3
mtu01120;gabD2
mtu01120;narX
mtu01120;Rv1833c
mtu01120;glcB
mtu01120;gnd1
mtu01120;ureA
mtu01120;ureB
mtu01120;ureC
mtu01120;adhA
mtu01120;Rv1867
mtu01120;Rv1869c
mtu01120;glnA3
mtu01120;aceAa
mtu01120;aceAb
mtu01120;echA13
mtu01120;pfkB
mtu01120;Rv2054
mtu01120;cysQ
mtu01120;dlaT
mtu01120;glnA1
mtu01120;glnA2
mtu01120;Rv2228c
mtu01120;aceE
mtu01120;accD6
mtu01120;sseB
mtu01120;Rv2296
mtu01120;cysK1
mtu01120;cysE
mtu01120;amiA2
mtu01120;sirA
mtu01120;cysH
mtu01120;gpgP
mtu01120;Rv2454c
mtu01120;Rv2455c
mtu01120;rpiB
mtu01120;echA14
mtu01120;bkdC
mtu01120;bkdB
mtu01120;bkdA
mtu01120;accA1
mtu01120;dhaA
mtu01120;gabT
mtu01120;pdxH
mtu01120;echA15
mtu01120;ppgK
mtu01120;dapF
mtu01120;dapA
mtu01120;Rv2765
mtu01120;dapB
mtu01120;ltp1
mtu01120;echA16
mtu01120;mqo
mtu01120;aldC
mtu01120;glnA4
mtu01120;amiC
mtu01120;acyP
mtu01120;pca
mtu01120;Rv2983
mtu01120;serA1
mtu01120;pfkA
mtu01120;echA17
mtu01120;serB2
mtu01120;pgmA
mtu01120;adhD
mtu01120;cysA3
mtu01120;Rv3175
mtu01120;gpm2
mtu01120;fbiA
mtu01120;fbiB
mtu01120;accD5
mtu01120;sseA
mtu01120;accA3
mtu01120;pcd
mtu01120;lpdA
mtu01120;sapM
mtu01120;sdhC
mtu01120;sdhD
mtu01120;sdhA
mtu01120;sdhB
mtu01120;icd1
mtu01120;folD
mtu01120;echA18
mtu01120;amiD
mtu01120;gadB
mtu01120;mhpE
mtu01120;echA19
mtu01120;ltp3
mtu01120;kshA
mtu01120;hsaF
mtu01120;hsaG
mtu01120;hsaE
mtu01120;kstD
mtu01120;fadA5
mtu01120;echA20
mtu01120;fadA6
mtu01120;fadD3
mtu01120;nat
mtu01120;hsaC
mtu01120;hsaD
mtu01120;hsaA
mtu01120;kshB
mtu01120;acs
mtu01120;Rv3684
mtu01120;asd
mtu01120;ask
mtu01120;echA21
mtu01120;Rv3837c
mtu01120;ethA
mtu01120;gltD
mtu01120;gltB
mtu00780;bioF2
mtu00780;fabG4
mtu00780;Rv0769
mtu00780;fabG2
mtu00780;bisC
mtu00780;bioA
mtu00780;bioF1
mtu00780;bioD
mtu00780;bioB
mtu00780;birA
mtu00780;Rv3502c
mtu00780;Rv3559c
mtu03410;xthA
mtu03410;end
mtu03410;Rv0944
mtu03410;tagA
mtu03410;alkA
mtu03410;polA
mtu03410;mpg
mtu03410;Rv2464c
mtu03410;fpg
mtu03410;ung
mtu03410;ligA
mtu03410;ligB
mtu03410;nei
mtu03410;mutY
mtu03410;nth
mtu00561;fbpC
mtu00561;Rv0147
mtu00561;Rv0223c
mtu00561;aldA
mtu00561;plsB1
mtu00561;fbpB
mtu00561;Rv2182c
mtu00561;Rv2205c
mtu00561;Rv2252
mtu00561;plsB2
mtu00561;aldC
mtu00561;lipY
mtu00561;pcd
mtu00561;glpK
mtu00561;fbpA
mtu00362;echA1
mtu00362;fadA2
mtu00362;fadE7
mtu00362;echA2
mtu00362;fadB2
mtu00362;echA3
mtu00362;echA4
mtu00362;echA5
mtu00362;Rv0771
mtu00362;Rv0859
mtu00362;fadB
mtu00362;echA6
mtu00362;Rv0914c
mtu00362;echA7
mtu00362;echA8
mtu00362;echA9
mtu00362;fadA3
mtu00362;echA11
mtu00362;echA10
mtu00362;fadA4
mtu00362;echA12
mtu00362;fadB3
mtu00362;Rv1867
mtu00362;echA13
mtu00362;echA14
mtu00362;echA15
mtu00362;ltp1
mtu00362;echA16
mtu00362;echA17
mtu00362;echA18
mtu00362;mhpE
mtu00362;echA19
mtu00362;ltp3
mtu00362;hsaF
mtu00362;hsaG
mtu00362;hsaE
mtu00362;fadA5
mtu00362;echA20
mtu00362;fadA6
mtu00362;echA21
mtu01210;icd2
mtu01210;ilvD
mtu01210;aspC
mtu01210;citA
mtu01210;gltA2
mtu01210;prpC
mtu01210;acn
mtu01210;argC
mtu01210;argJ
mtu01210;argB
mtu01210;argD
mtu01210;ilvG
mtu01210;ilvE
mtu01210;argA
mtu01210;leuD
mtu01210;leuC
mtu01210;leuB
mtu01210;ilvC
mtu01210;ilvN
mtu01210;ilvB1
mtu01210;icd1
mtu01210;ilvB2
mtu01210;ilvX
mtu01210;asd
mtu01210;ask
mtu01210;leuA
mtu01200;icd2
mtu01200;sdaA
mtu01200;glyA2
mtu01200;fadE1
mtu01200;fadE2
mtu01200;fadE4
mtu01200;fadA2
mtu01200;Rv0247c
mtu01200;Rv0248c
mtu01200;fba
mtu01200;Rv0373c
mtu01200;Rv0374c
mtu01200;Rv0375c
mtu01200;pta
mtu01200;ackA
mtu01200;lpdC
mtu01200;icl1
mtu01200;gpm1
mtu01200;Rv0650
mtu01200;serA2
mtu01200;mmsA
mtu01200;adhB
mtu01200;Rv0794c
mtu01200;Rv0843
mtu01200;cysK2
mtu01200;Rv0859
mtu01200;fadB
mtu01200;serC
mtu01200;citA
mtu01200;gltA2
mtu01200;accD3
mtu01200;Rv0914c
mtu01200;pgi
mtu01200;sucC
mtu01200;sucD
mtu01200;accA2
mtu01200;fadE13
mtu01200;prsA
mtu01200;eno
mtu01200;fadA3
mtu01200;glyA1
mtu01200;fum
mtu01200;glpX
mtu01200;zwf1
mtu01200;gnd2
mtu01200;ppdK
mtu01200;prpC
mtu01200;mdh
mtu01200;fadA4
mtu01200;cysM
mtu01200;rpe
mtu01200;gap
mtu01200;pgk
mtu01200;tpi
mtu01200;devB
mtu01200;zwf2
mtu01200;tal
mtu01200;tkt
mtu01200;acn
mtu01200;mutA
mtu01200;mutB
mtu01200;frdA
mtu01200;frdB
mtu01200;frdC
mtu01200;frdD
mtu01200;ilvA
mtu01200;pykA
mtu01200;gcvB
mtu01200;glcB
mtu01200;gnd1
mtu01200;Rv1867
mtu01200;aceAa
mtu01200;aceAb
mtu01200;pfkB
mtu01200;gcvT
mtu01200;dlaT
mtu01200;Rv2228c
mtu01200;aceE
mtu01200;accD6
mtu01200;mez
mtu01200;cysK1
mtu01200;cysE
mtu01200;gpgP
mtu01200;Rv2454c
mtu01200;Rv2455c
mtu01200;rpiB
mtu01200;bkdC
mtu01200;bkdB
mtu01200;bkdA
mtu01200;accA1
mtu01200;ppgK
mtu01200;mqo
mtu01200;pca
mtu01200;serA1
mtu01200;pfkA
mtu01200;serB2
mtu01200;adhD
mtu01200;fadE23
mtu01200;gpm2
mtu01200;accD5
mtu01200;accA3
mtu01200;lpdA
mtu01200;sdhC
mtu01200;sdhD
mtu01200;sdhA
mtu01200;sdhB
mtu01200;icd1
mtu01200;folD
mtu01200;ltp3
mtu01200;fadA5
mtu01200;fadA6
mtu01200;acs
mtu01200;Rv3684
mtu01200;Rv3837c
mtu01503;ppiA
mtu01503;Rv3717
mtu00260;sdaA
mtu00260;glyA2
mtu00260;pssA
mtu00260;lpdC
mtu00260;gpm1
mtu00260;serA2
mtu00260;Rv0794c
mtu00260;serC
mtu00260;cbs
mtu00260;glyA1
mtu00260;thrA
mtu00260;thrC
mtu00260;thrB
mtu00260;ilvA
mtu00260;trpB
mtu00260;trpA
mtu00260;gcvH
mtu00260;gcvB
mtu00260;aao
mtu00260;Rv2205c
mtu00260;gcvT
mtu00260;Rv2228c
mtu00260;gpgP
mtu00260;serA1
mtu00260;serB2
mtu00260;aofH
mtu00260;gpm2
mtu00260;lpdA
mtu00260;asd
mtu00260;ask
mtu00260;Rv3837c
mtu00430;pta
mtu00430;ackA
mtu00430;ggtA
mtu00430;ggtB
mtu00430;gdh
mtu00430;ald
mtu00430;Rv3406
mtu00430;gadB
mtu00220;aspC
mtu00220;arcA
mtu00220;argC
mtu00220;argJ
mtu00220;argB
mtu00220;argD
mtu00220;argF
mtu00220;argG
mtu00220;argH
mtu00220;ureA
mtu00220;ureB
mtu00220;ureC
mtu00220;glnA3
mtu00220;glnA1
mtu00220;glnA2
mtu00220;gdh
mtu00220;argA
mtu00220;glnA4
mtu00670;glyA2
mtu00670;purT
mtu00670;purN
mtu00670;purH
mtu00670;glyA1
mtu00670;fmt
mtu00670;metH
mtu00670;gcvT
mtu00670;thyX
mtu00670;dfrA
mtu00670;thyA
mtu00670;purU
mtu00670;folD
mtu00332;proA
mtu00332;proB
mtu00523;rmlA
mtu00523;galE3
mtu00523;rmlD
mtu00523;rmlB
mtu00523;rmlC
mtu00523;Rv3468c
mtu00523;Rv3784
mtu03430;dnaN
mtu03430;ssb
mtu03430;uvrD1
mtu03430;xseB
mtu03430;xseA
mtu03430;dnaE1
mtu03430;Rv2191
mtu03430;Rv2413c
mtu03430;Rv2478c
mtu03430;ligA
mtu03430;ligB
mtu03430;uvrD2
mtu03430;Rv3201c
mtu03430;Rv3644c
mtu03430;dnaQ
mtu03430;dnaZX
mtu00250;gabD1
mtu00250;aspC
mtu00250;purA
mtu00250;purB
mtu00250;purF
mtu00250;rocA
mtu00250;pyrB
mtu00250;carA
mtu00250;carB
mtu00250;ansA
mtu00250;nadB
mtu00250;argG
mtu00250;argH
mtu00250;gabD2
mtu00250;glnA3
mtu00250;asnB
mtu00250;glnA1
mtu00250;glnA2
mtu00250;gdh
mtu00250;gabT
mtu00250;ald
mtu00250;glnA4
mtu00250;gadB
mtu00250;glmS
mtu00250;gltD
mtu00250;gltB
mtu00660;sucC
mtu00660;sucD
mtu00660;ilvG
mtu00660;leuD
mtu00660;leuC
mtu00660;leuB
mtu00660;ilvN
mtu00660;ilvB1
mtu00660;ilvB2
mtu00660;ilvX
mtu00627;echA1
mtu00627;echA2
mtu00627;echA3
mtu00627;echA4
mtu00627;echA5
mtu00627;echA6
mtu00627;echA7
mtu00627;echA8
mtu00627;echA9
mtu00627;echA11
mtu00627;echA10
mtu00627;amiB2
mtu00627;echA12
mtu00627;echA13
mtu00627;amiA2
mtu00627;echA14
mtu00627;echA15
mtu00627;echA16
mtu00627;amiC
mtu00627;acyP
mtu00627;echA17
mtu00627;Rv3175
mtu00627;sapM
mtu00627;echA18
mtu00627;amiD
mtu00627;echA19
mtu00627;echA20
mtu00627;echA21
mtu00627;ethA
mtu02020;dnaA
mtu02020;fadA2
mtu02020;senX3
mtu02020;regX3
mtu02020;lpqR
mtu02020;narL
mtu02020;Rv0859
mtu02020;prrB
mtu02020;prrA
mtu02020;Rv0914c
mtu02020;pstS3
mtu02020;pstS2
mtu02020;pstS1
mtu02020;mprA
mtu02020;mprB
mtu02020;pepD
mtu02020;kdpE
mtu02020;kdpD
mtu02020;kdpA
mtu02020;kdpB
mtu02020;kdpC
mtu02020;trcS
mtu02020;trcR
mtu02020;fadA3
mtu02020;narG
mtu02020;narH
mtu02020;narJ
mtu02020;narI
mtu02020;fadA4
mtu02020;Rv1456c
mtu02020;frdA
mtu02020;frdB
mtu02020;frdC
mtu02020;frdD
mtu02020;cydB
mtu02020;cydA
mtu02020;narX
mtu02020;Rv1867
mtu02020;glnA3
mtu02020;glnA1
mtu02020;glnA2
mtu02020;mez
mtu02020;dctA
mtu02020;citE
mtu02020;glnA4
mtu02020;glnD
mtu02020;glnB
mtu02020;Rv3075c
mtu02020;devS
mtu02020;devR
mtu02020;mtrB
mtu02020;mtrA
mtu02020;ltp3
mtu02020;fadA5
mtu02020;fadA6
mtu01212;fadE1
mtu01212;fadE2
mtu01212;echA1
mtu01212;fadE4
mtu01212;fabG4
mtu01212;fadA2
mtu01212;echA2
mtu01212;echA3
mtu01212;fabD2
mtu01212;echA4
mtu01212;echA5
mtu01212;Rv0769
mtu01212;desA1
mtu01212;Rv0859
mtu01212;fadB
mtu01212;accD3
mtu01212;echA6
mtu01212;Rv0914c
mtu01212;echA7
mtu01212;fadE13
mtu01212;echA8
mtu01212;echA9
mtu01212;fadA3
mtu01212;desA2
mtu01212;echA11
mtu01212;echA10
mtu01212;fadA4
mtu01212;fabG2
mtu01212;echA12
mtu01212;Rv1867
mtu01212;echA13
mtu01212;fadD15
mtu01212;fabD
mtu01212;accD6
mtu01212;echA14
mtu01212;accA1
mtu01212;fas
mtu01212;echA15
mtu01212;ltp1
mtu01212;echA16
mtu01212;echA17
mtu01212;fadE23
mtu01212;accA3
mtu01212;echA18
mtu01212;Rv3502c
mtu01212;echA19
mtu01212;ltp3
mtu01212;fadA5
mtu01212;echA20
mtu01212;fadA6
mtu01212;Rv3559c
mtu01212;echA21
mtu00564;glpQ2
mtu00564;pssA
mtu00564;psd
mtu00564;gpdA1
mtu00564;plsB1
mtu00564;pgsA2
mtu00564;Rv2182c
mtu00564;glpD1
mtu00564;Rv2252
mtu00564;cdh
mtu00564;plcC
mtu00564;plcB
mtu00564;plcA
mtu00564;plsB2
mtu00564;pgsA1
mtu00564;pgsA3
mtu00564;cdsA
mtu00564;gpdA2
mtu00564;glpD2
mtu00564;glpQ1
mtu00400;Rv0948c
mtu00400;hisC1
mtu00400;hisA
mtu00400;trpE
mtu00400;trpC
mtu00400;trpB
mtu00400;trpA
mtu00400;Rv1885c
mtu00400;aroG
mtu00400;trpD
mtu00400;aroD
mtu00400;aroB
mtu00400;aroK
mtu00400;aroF
mtu00400;aroE
mtu00400;aroA
mtu00400;tyrA
mtu00400;hisC2
mtu00400;pheA
mtu00680;glyA2
mtu00680;fba
mtu00680;Rv0373c
mtu00680;Rv0374c
mtu00680;Rv0375c
mtu00680;pta
mtu00680;ackA
mtu00680;gpm1
mtu00680;serA2
mtu00680;adhB
mtu00680;serC
mtu00680;eno
mtu00680;glyA1
mtu00680;glpX
mtu00680;fbiC
mtu00680;mdh
mtu00680;pfkB
mtu00680;Rv2228c
mtu00680;gpgP
mtu00680;Rv2983
mtu00680;serA1
mtu00680;pfkA
mtu00680;serB2
mtu00680;adhD
mtu00680;gpm2
mtu00680;fbiA
mtu00680;fbiB
mtu00680;acs
mtu00680;Rv3837c
mtu00311;aao
mtu00311;blaC
mtu00361;Rv1833c
mtu00361;Rv2054
mtu00361;Rv2296
mtu00361;dhaA
mtu00361;Rv2765
mtu03030;dnaN
mtu03030;ssb
mtu03030;dnaB
mtu03030;dnaE1
mtu03030;polA
mtu03030;Rv2191
mtu03030;dnaG
mtu03030;Rv2413c
mtu03030;Rv2478c
mtu03030;rnhB
mtu03030;ligA
mtu03030;ligB
mtu03030;Rv3644c
mtu03030;dnaQ
mtu03030;dnaZX
mtu04931;pckA
mtu04931;glgP
mtu04931;fas
mtu04931;glmS
mtu00410;fadE1
mtu00410;Rv0147
mtu00410;fadE2
mtu00410;echA1
mtu00410;Rv0223c
mtu00410;fadE4
mtu00410;echA2
mtu00410;echA3
mtu00410;echA4
mtu00410;echA5
mtu00410;mmsA
mtu00410;aldA
mtu00410;fadB
mtu00410;echA6
mtu00410;echA7
mtu00410;fadE13
mtu00410;echA8
mtu00410;echA9
mtu00410;echA11
mtu00410;echA10
mtu00410;echA12
mtu00410;echA13
mtu00410;echA14
mtu00410;gabT
mtu00410;speE
mtu00410;echA15
mtu00410;echA16
mtu00410;aldC
mtu00410;echA17
mtu00410;fadE23
mtu00410;pcd
mtu00410;echA18
mtu00410;gadB
mtu00410;echA19
mtu00410;echA20
mtu00410;panD
mtu00410;panC
mtu00410;echA21
mtu00562;ino1
mtu00562;mmsA
mtu00562;tpi
mtu00562;impA
mtu00562;plcC
mtu00562;plcB
mtu00562;plcA
mtu00562;suhB
mtu00984;Rv0760c
mtu00984;Rv1106c
mtu00984;choD
mtu00984;cyp142
mtu00984;kshA
mtu00984;kstD
mtu00984;cyp125
mtu00984;fadD3
mtu00984;hsaB
mtu00984;hsaC
mtu00984;hsaD
mtu00984;hsaA
mtu00984;kshB
mtu00622;mhpE
mtu00622;hsaF
mtu00622;hsaG
mtu00622;hsaE
mtu05152;dnaK
mtu05152;pknG
mtu05152;groEL2
mtu05152;pstS3
mtu05152;pstS2
mtu05152;pstS1
mtu05152;lprA
mtu05152;lprG
mtu05152;sapM
mtu05152;groEL1
mtu05152;lpqH
mtu05152;Rv3818
mtu05152;esxA
mtu00565;Rv2251
mtu00565;plcC
mtu00565;plcB
mtu00565;plcA
mtu00565;agpS
mtu03440;dnaN
mtu03440;recF
mtu03440;ssb
mtu03440;recD
mtu03440;recB
mtu03440;recC
mtu03440;priA
mtu03440;dnaE1
mtu03440;polA
mtu03440;Rv2191
mtu03440;recO
mtu03440;Rv2413c
mtu03440;Rv2478c
mtu03440;ruvB
mtu03440;ruvA
mtu03440;ruvC
mtu03440;recA
mtu03440;recG
mtu03440;Rv3644c
mtu03440;dnaQ
mtu03440;recR
mtu03440;dnaZX
mtu00540;gmhA
mtu00540;gmhB
mtu00540;hddA
mtu00540;Rv2611c
mtu00550;pbpA
mtu00550;murB
mtu00550;murA
mtu00550;Rv2136c
mtu00550;murC
mtu00550;murG
mtu00550;murD
mtu00550;murX
mtu00550;murF
mtu00550;murE
mtu00550;pbpB
mtu00550;dacB2
mtu00550;ddlA
mtu00550;dacB1
mtu00550;Rv3627c
mtu00550;Rv3910
mtu00750;serC
mtu00750;thrC
mtu00750;snoP
mtu00750;snzP
mtu00750;pdxH
mtu00910;Rv0021c
mtu00910;nirB
mtu00910;nirD
mtu00910;narK3
mtu00910;narU
mtu00910;narG
mtu00910;narH
mtu00910;narJ
mtu00910;narI
mtu00910;canA
mtu00910;narX
mtu00910;narK2
mtu00910;glnA3
mtu00910;glnA1
mtu00910;glnA2
mtu00910;narK1
mtu00910;gdh
mtu00910;Rv2781c
mtu00910;glnA4
mtu00910;Rv3273
mtu00910;canB
mtu00910;gltD
mtu00910;gltB
mtu00906;phyA
mtu00640;fadE1
mtu00640;fadE2
mtu00640;echA1
mtu00640;fadE4
mtu00640;fadA2
mtu00640;pta
mtu00640;ackA
mtu00640;echA2
mtu00640;lpdC
mtu00640;echA3
mtu00640;echA4
mtu00640;echA5
mtu00640;mmsA
mtu00640;Rv0794c
mtu00640;Rv0859
mtu00640;fadB
mtu00640;accD3
mtu00640;echA6
mtu00640;Rv0914c
mtu00640;sucC
mtu00640;sucD
mtu00640;echA7
mtu00640;accA2
mtu00640;fadE13
mtu00640;echA8
mtu00640;echA9
mtu00640;fadA3
mtu00640;prpD
mtu00640;echA11
mtu00640;echA10
mtu00640;fadA4
mtu00640;echA12
mtu00640;mutA
mtu00640;mutB
mtu00640;Rv1867
mtu00640;echA13
mtu00640;accD6
mtu00640;echA14
mtu00640;accA1
mtu00640;gabT
mtu00640;echA15
mtu00640;echA16
mtu00640;echA17
mtu00640;fadE23
mtu00640;accD5
mtu00640;accA3
mtu00640;lpdA
mtu00640;echA18
mtu00640;echA19
mtu00640;ltp3
mtu00640;fadA5
mtu00640;echA20
mtu00640;fadA6
mtu00640;acs
mtu00640;echA21
mtu00350;adhE1
mtu00350;gabD1
mtu00350;adhB
mtu00350;adh
mtu00350;hisC1
mtu00350;Rv1703c
mtu00350;gabD2
mtu00350;adhA
mtu00350;adhD
mtu00350;aofH
mtu00350;hisC2
mtu00230;dnaN
mtu00230;nrdB
mtu00230;purA
mtu00230;purT
mtu00230;Rv0496
mtu00230;nrdZ
mtu00230;rpoB
mtu00230;rpoC
mtu00230;adk
mtu00230;purD
mtu00230;purB
mtu00230;purC
mtu00230;Rv0787A
mtu00230;purQ
mtu00230;purL
mtu00230;purF
mtu00230;purM
mtu00230;purN
mtu00230;purH
mtu00230;prsA
mtu00230;Rv1021
mtu00230;Rv1026
mtu00230;Rv1264
mtu00230;cysD
mtu00230;Rv1286
mtu00230;Rv1318c
mtu00230;Rv1319c
mtu00230;Rv1320c
mtu00230;Rv1341
mtu00230;gmk
mtu00230;rpoZ
mtu00230;dnaE1
mtu00230;pykA
mtu00230;cya
mtu00230;polA
mtu00230;Rv1700
mtu00230;guaB1
mtu00230;ureA
mtu00230;ureB
mtu00230;ureC
mtu00230;nrdF1
mtu00230;Rv2191
mtu00230;adoK
mtu00230;dgt
mtu00230;Rv2413c
mtu00230;ndkA
mtu00230;relA
mtu00230;apt
mtu00230;Rv2613c
mtu00230;gpsI
mtu00230;nrdF2
mtu00230;nrdE
mtu00230;pgmA
mtu00230;purE
mtu00230;purK
mtu00230;deoD
mtu00230;add
mtu00230;iunH
mtu00230;guaA
mtu00230;guaB3
mtu00230;guaB2
mtu00230;rpoA
mtu00230;hpt
mtu00230;Rv3644c
mtu00230;Rv3645
mtu00230;dnaQ
mtu00230;dnaZX
mtu00071;fadE1
mtu00071;Rv0147
mtu00071;fadE2
mtu00071;adhE1
mtu00071;echA1
mtu00071;Rv0223c
mtu00071;fadE4
mtu00071;fadA2
mtu00071;fadE7
mtu00071;echA2
mtu00071;echA3
mtu00071;echA4
mtu00071;echA5
mtu00071;adhB
mtu00071;aldA
mtu00071;Rv0859
mtu00071;fadB
mtu00071;echA6
mtu00071;Rv0914c
mtu00071;echA7
mtu00071;fadE13
mtu00071;echA8
mtu00071;echA9
mtu00071;fadA3
mtu00071;echA11
mtu00071;echA10
mtu00071;fadA4
mtu00071;mbtM
mtu00071;echA12
mtu00071;adh
mtu00071;adhA
mtu00071;Rv1867
mtu00071;Rv1869c
mtu00071;echA13
mtu00071;fadD15
mtu00071;echA14
mtu00071;echA15
mtu00071;ltp1
mtu00071;echA16
mtu00071;aldC
mtu00071;echA17
mtu00071;adhD
mtu00071;fadE23
mtu00071;alkB
mtu00071;pcd
mtu00071;echA18
mtu00071;echA19
mtu00071;ltp3
mtu00071;fadA5
mtu00071;echA20
mtu00071;fadA6
mtu00071;echA21
mtu00072;fadA2
mtu00072;Rv0859
mtu00072;Rv0914c
mtu00072;fadA3
mtu00072;fadA4
mtu00072;Rv1867
mtu00072;scoB
mtu00072;scoA
mtu00072;ltp3
mtu00072;fadA5
mtu00072;fadA6
mtu00053;Rv0147
mtu00053;Rv0223c
mtu00053;udgA
mtu00053;aldA
mtu00053;Rv1771
mtu00053;aldC
mtu00053;pcd
mtu00520;gca
mtu00520;lpqI
mtu00520;udgA
mtu00520;murB
mtu00520;galE2
mtu00520;galK
mtu00520;Rv0650
mtu00520;cpsY
mtu00520;pgi
mtu00520;galU
mtu00520;glmU
mtu00520;glgC
mtu00520;murA
mtu00520;gmdA
mtu00520;epiA
mtu00520;ppgK
mtu00520;pgmA
mtu00520;manA
mtu00520;pmmA
mtu00520;manB
mtu00520;pmmB
mtu00520;nagA
mtu00520;glmS
mtu00520;mrsA
mtu00520;galE1
mtu00520;glf
mtu00051;gca
mtu00051;fba
mtu00051;fucA
mtu00051;glpX
mtu00051;tpi
mtu00051;gmdA
mtu00051;epiA
mtu00051;pfkB
mtu00051;rpiB
mtu00051;pfkA
mtu00051;manA
mtu00051;pmmA
mtu00051;manB
mtu00051;pmmB
mtu03018;dnaK
mtu03018;groEL2
mtu03018;eno
mtu03018;deaD
mtu03018;rho
mtu03018;rne
mtu03018;Rv2752c
mtu03018;gpsI
mtu03018;ppk1
mtu03018;pfkA
mtu03018;groEL1
mtu03018;pcnA
mtu00790;trpG
mtu00790;Rv0812
mtu00790;moaC2
mtu00790;moaE2
mtu00790;moaA2
mtu00790;Rv1005c
mtu00790;folP2
mtu00790;folC
mtu00790;dfrA
mtu00790;moaA1
mtu00790;moaC1
mtu00790;moaD1
mtu00790;moaE1
mtu00790;moaX
mtu00790;moaC3
mtu00790;folK
mtu00790;folB
mtu00790;folP1
mtu00790;folE
mtu00730;thiE
mtu00730;thiO
mtu00730;thiG
mtu00730;thiD
mtu00730;thiC
mtu00730;dxs1
mtu00730;thiL
mtu00730;iscS
mtu00730;dxs2
mtu00340;Rv0147
mtu00340;Rv0223c
mtu00340;aldA
mtu00340;hisD
mtu00340;hisC1
mtu00340;hisB
mtu00340;hisH
mtu00340;hisA
mtu00340;hisF
mtu00340;hisI
mtu00340;hisG
mtu00340;hisE
mtu00340;aldC
mtu00340;Rv3137
mtu00340;aofH
mtu00340;pcd
mtu00340;egtE
mtu00340;egtD
mtu00340;egtC
mtu00340;etgB
mtu00340;hisC2
mtu04122;thiS
mtu04122;cysA2
mtu04122;moaC2
mtu04122;moaE2
mtu04122;moaA2
mtu04122;sseB
mtu04122;trmU
mtu04122;iscS
mtu04122;moaA1
mtu04122;moaC1
mtu04122;moaD1
mtu04122;moeB2
mtu04122;cysA3
mtu04122;moaE1
mtu04122;moeB1
mtu04122;sseA
mtu04122;moaX
mtu04122;moaC3
mtu00261;cysD
mtu00261;Rv1286
mtu00261;Rv2377c
mtu00261;dapA
mtu00261;dapB
mtu00261;asd
mtu00261;ask
mtu01130;ino1
mtu01130;icd2
mtu01130;sdaA
mtu01130;glyA2
mtu01130;fadE1
mtu01130;Rv0147
mtu01130;fadE2
mtu01130;adhE1
mtu01130;ilvD
mtu01130;pckA
mtu01130;echA1
mtu01130;Rv0223c
mtu01130;fadE4
mtu01130;fadA2
mtu01130;Rv0247c
mtu01130;Rv0248c
mtu01130;rmlA
mtu01130;aspC
mtu01130;fba
mtu01130;purT
mtu01130;fadE7
mtu01130;echA2
mtu01130;lpdC
mtu01130;gpm1
mtu01130;proC
mtu01130;galE3
mtu01130;echA3
mtu01130;Rv0650
mtu01130;echA4
mtu01130;echA5
mtu01130;serA2
mtu01130;adk
mtu01130;adhB
mtu01130;cyp51
mtu01130;aldA
mtu01130;purD
mtu01130;purB
mtu01130;purC
mtu01130;Rv0787A
mtu01130;purQ
mtu01130;Rv0794c
mtu01130;purL
mtu01130;purF
mtu01130;purM
mtu01130;Rv0843
mtu01130;cysK2
mtu01130;Rv0859
mtu01130;fadB
mtu01130;serC
mtu01130;citA
mtu01130;gltA2
mtu01130;accD3
mtu01130;echA6
mtu01130;Rv0914c
mtu01130;pgi
mtu01130;Rv0948c
mtu01130;sucC
mtu01130;sucD
mtu01130;purN
mtu01130;purH
mtu01130;echA7
mtu01130;accA2
mtu01130;fadE13
mtu01130;galU
mtu01130;arcA
mtu01130;ispE
mtu01130;prsA
mtu01130;glmU
mtu01130;eno
mtu01130;echA8
mtu01130;echA9
mtu01130;fadA3
mtu01130;cbs
mtu01130;metB
mtu01130;glyA1
mtu01130;fum
mtu01130;glpX
mtu01130;lytB2
mtu01130;zwf1
mtu01130;gnd2
mtu01130;prpC
mtu01130;echA11
mtu01130;echA10
mtu01130;Rv1188
mtu01130;mdh
mtu01130;Rv1257c
mtu01130;cysD
mtu01130;Rv1286
mtu01130;lysA
mtu01130;thrA
mtu01130;fadA4
mtu01130;cysM
mtu01130;rpe
mtu01130;gap
mtu01130;pgk
mtu01130;tpi
mtu01130;devB
mtu01130;zwf2
mtu01130;tal
mtu01130;tkt
mtu01130;echA12
mtu01130;acn
mtu01130;adh
mtu01130;frdA
mtu01130;frdB
mtu01130;frdC
mtu01130;frdD
mtu01130;ilvA
mtu01130;hisC1
mtu01130;hisA
mtu01130;trpE
mtu01130;trpC
mtu01130;trpB
mtu01130;trpA
mtu01130;pykA
mtu01130;argC
mtu01130;argJ
mtu01130;argB
mtu01130;argD
mtu01130;argF
mtu01130;argG
mtu01130;argH
mtu01130;idi
mtu01130;ilvG
mtu01130;gcvH
mtu01130;gcvB
mtu01130;gnd1
mtu01130;adhA
mtu01130;Rv1867
mtu01130;Rv1885c
mtu01130;aao
mtu01130;echA13
mtu01130;pfkB
mtu01130;Rv2054
mtu01130;blaC
mtu01130;cysQ
mtu01130;idsA2
mtu01130;aroG
mtu01130;trpD
mtu01130;Rv2205c
mtu01130;ilvE
mtu01130;gcvT
mtu01130;dlaT
mtu01130;Rv2228c
mtu01130;aceE
mtu01130;accD6
mtu01130;cysK1
mtu01130;Rv2377c
mtu01130;mbtI
mtu01130;gpgP
mtu01130;proA
mtu01130;proB
mtu01130;ndkA
mtu01130;Rv2454c
mtu01130;Rv2455c
mtu01130;rpiB
mtu01130;echA14
mtu01130;bkdC
mtu01130;bkdB
mtu01130;bkdA
mtu01130;accA1
mtu01130;aroD
mtu01130;aroB
mtu01130;aroK
mtu01130;aroF
mtu01130;aroE
mtu01130;echA15
mtu01130;dxs1
mtu01130;ppgK
mtu01130;dapF
mtu01130;argA
mtu01130;dapA
mtu01130;Rv2765
mtu01130;dapB
mtu01130;ltp1
mtu01130;echA16
mtu01130;mqo
mtu01130;aldC
mtu01130;gcpE
mtu01130;dxr
mtu01130;serA1
mtu01130;ilvC
mtu01130;ilvN
mtu01130;ilvB1
mtu01130;pfkA
mtu01130;echA17
mtu01130;serB2
mtu01130;pgmA
mtu01130;adhD
mtu01130;fadE23
mtu01130;gpm2
mtu01130;entC
mtu01130;aroA
mtu01130;rmlD
mtu01130;purE
mtu01130;purK
mtu01130;accD5
mtu01130;accA3
mtu01130;pcd
mtu01130;lpdA
mtu01130;sdhC
mtu01130;sdhD
mtu01130;sdhA
mtu01130;sdhB
mtu01130;nagA
mtu01130;icd1
mtu01130;metA
mtu01130;echA18
mtu01130;dxs2
mtu01130;Rv3382c
mtu01130;idsB
mtu01130;idsA1
mtu01130;glmS
mtu01130;mrsA
mtu01130;rmlB
mtu01130;rmlC
mtu01130;Rv3468c
mtu01130;ilvB2
mtu01130;ilvX
mtu01130;echA19
mtu01130;ltp3
mtu01130;fadA5
mtu01130;echA20
mtu01130;fadA6
mtu01130;ispF
mtu01130;ispD
mtu01130;acs
mtu01130;Rv3684
mtu01130;asd
mtu01130;ask
mtu01130;tyrA
mtu01130;hisC2
mtu01130;echA21
mtu01130;Rv3784
mtu01130;Rv3837c
mtu01130;pheA
mtu01130;gltD
mtu01130;gltB
mtu00473;ddlA
mtu00473;alr
mtu00625;Rv0147
mtu00625;adhE1
mtu00625;Rv0223c
mtu00625;adhB
mtu00625;aldA
mtu00625;adh
mtu00625;Rv1833c
mtu00625;adhA
mtu00625;Rv2296
mtu00625;dhaA
mtu00625;aldC
mtu00625;adhD
mtu00625;pcd
mtu00930;echA1
mtu00930;echA2
mtu00930;echA3
mtu00930;echA4
mtu00930;echA5
mtu00930;fadB
mtu00930;echA6
mtu00930;echA7
mtu00930;echA8
mtu00930;echA9
mtu00930;echA11
mtu00930;echA10
mtu00930;echA12
mtu00930;echA13
mtu00930;echA14
mtu00930;echA15
mtu00930;echA16
mtu00930;echA17
mtu00930;alkB
mtu00930;echA18
mtu00930;echA19
mtu00930;echA20
mtu00930;echA21
mtu00760;pntAa
mtu00760;pntAb
mtu00760;pntB
mtu00760;gabD1
mtu00760;pncB2
mtu00760;pncB1
mtu00760;nadA
mtu00760;nadB
mtu00760;nadC
mtu00760;ppnK
mtu00760;gabD2
mtu00760;cinA
mtu00760;pncA
mtu00760;nadD
mtu00760;nadE
mtu00760;sthA
mtu00760;nudC
mtu00760;deoD
mtu00760;iunH
mtu00360;echA1
mtu00360;echA2
mtu00360;fadB2
mtu00360;echA3
mtu00360;echA4
mtu00360;echA5
mtu00360;echA6
mtu00360;echA7
mtu00360;echA8
mtu00360;echA9
mtu00360;echA11
mtu00360;echA10
mtu00360;amiB2
mtu00360;echA12
mtu00360;hisC1
mtu00360;fadB3
mtu00360;Rv1869c
mtu00360;katG
mtu00360;echA13
mtu00360;amiA2
mtu00360;echA14
mtu00360;echA15
mtu00360;echA16
mtu00360;amiC
mtu00360;echA17
mtu00360;aofH
mtu00360;Rv3175
mtu00360;echA18
mtu00360;amiD
mtu00360;mhpE
mtu00360;echA19
mtu00360;hsaF
mtu00360;hsaG
mtu00360;hsaE
mtu00360;echA20
mtu00360;hisC2
mtu00360;echA21
mtu00620;Rv0147
mtu00620;pckA
mtu00620;Rv0223c
mtu00620;fadA2
mtu00620;pta
mtu00620;ackA
mtu00620;Rv0458
mtu00620;lpdC
mtu00620;Rv0694
mtu00620;aldA
mtu00620;Rv0794c
mtu00620;Rv0843
mtu00620;Rv0859
mtu00620;accD3
mtu00620;Rv0914c
mtu00620;fadA3
mtu00620;fum
mtu00620;ppdK
mtu00620;mdh
mtu00620;fadA4
mtu00620;frdA
mtu00620;frdB
mtu00620;frdC
mtu00620;frdD
mtu00620;pykA
mtu00620;glcB
mtu00620;Rv1867
mtu00620;lldD2
mtu00620;aceE
mtu00620;accD6
mtu00620;mez
mtu00620;Rv2454c
mtu00620;Rv2455c
mtu00620;bkdC
mtu00620;bkdB
mtu00620;bkdA
mtu00620;accA1
mtu00620;mqo
mtu00620;aldC
mtu00620;acyP
mtu00620;pca
mtu00620;accA3
mtu00620;pcd
mtu00620;lpdA
mtu00620;ltp3
mtu00620;hsaG
mtu00620;fadA5
mtu00620;fadA6
mtu00620;acs
mtu00620;leuA
mtu00480;icd2
mtu00480;oplA
mtu00480;ggtA
mtu00480;zwf1
mtu00480;gnd2
mtu00480;zwf2
mtu00480;gnd1
mtu00480;pepB
mtu00480;ggtB
mtu00480;pepN
mtu00480;speE
mtu00480;icd1
mtu00480;gshA
mtu00310;Rv0147
mtu00310;echA1
mtu00310;Rv0223c
mtu00310;gabD1
mtu00310;fadA2
mtu00310;fadE7
mtu00310;echA2
mtu00310;echA3
mtu00310;echA4
mtu00310;echA5
mtu00310;aldA
mtu00310;Rv0859
mtu00310;fadB
mtu00310;echA6
mtu00310;Rv0914c
mtu00310;echA7
mtu00310;echA8
mtu00310;echA9
mtu00310;fadA3
mtu00310;echA11
mtu00310;echA10
mtu00310;fadA4
mtu00310;echA12
mtu00310;gabD2
mtu00310;Rv1867
mtu00310;echA13
mtu00310;dlaT
mtu00310;echA14
mtu00310;echA15
mtu00310;echA16
mtu00310;aldC
mtu00310;echA17
mtu00310;pcd
mtu00310;echA18
mtu00310;echA19
mtu00310;ltp3
mtu00310;fadA5
mtu00310;echA20
mtu00310;fadA6
mtu00310;echA21
mtu03010;rpsF
mtu03010;rpsR1
mtu03010;rplI
mtu03010;rpmB1
mtu03010;rpmG2
mtu03010;rplK
mtu03010;rplA
mtu03010;rplJ
mtu03010;rplL
mtu03010;rpsL
mtu03010;rpsG
mtu03010;rpsJ
mtu03010;rplC
mtu03010;rplD
mtu03010;rplW
mtu03010;rplB
mtu03010;rpsS
mtu03010;rplV
mtu03010;rpsC
mtu03010;rplP
mtu03010;rpmC
mtu03010;rpsQ
mtu03010;rplN
mtu03010;rplX
mtu03010;rplE
mtu03010;rpsN1
mtu03010;rpsH
mtu03010;rplF
mtu03010;rplR
mtu03010;rpsE
mtu03010;rpmD
mtu03010;rplO
mtu03010;rpmF
mtu03010;rplY
mtu03010;rpmE
mtu03010;rpsA
mtu03010;rpmI
mtu03010;rplT
mtu03010;rpsR2
mtu03010;rpsN2
mtu03010;rpmG1
mtu03010;rpmB2
mtu03010;rpsT
mtu03010;rpmA
mtu03010;rplU
mtu03010;rpsO
mtu03010;rpsB
mtu03010;rplS
mtu03010;rpsP
mtu03010;Rv2975a
mtu03010;rpsI
mtu03010;rplM
mtu03010;rplQ
mtu03010;rpsD
mtu03010;rpsK
mtu03010;rpsM
mtu03010;rpmJ
mtu03010;rpmH
mtu03010;rrs
mtu03010;rrl
mtu03010;rrf
mtu00330;Rv0147
mtu00330;Rv0223c
mtu00330;proC
mtu00330;aldA
mtu00330;pip
mtu00330;rocA
mtu00330;Rv1188
mtu00330;amiB2
mtu00330;aao
mtu00330;amiA2
mtu00330;proA
mtu00330;proB
mtu00330;Rv2531c
mtu00330;speE
mtu00330;aldC
mtu00330;amiC
mtu00330;aofH
mtu00330;Rv3175
mtu00330;pcd
mtu00330;amiD
mtu00900;fadA2
mtu00900;grcC1
mtu00900;Rv0859
mtu00900;Rv0914c
mtu00900;grcC2
mtu00900;ispE
mtu00900;fadA3
mtu00900;Rv1086
mtu00900;lytB2
mtu00900;fadA4
mtu00900;idi
mtu00900;Rv1867
mtu00900;idsA2
mtu00900;Rv2361c
mtu00900;dxs1
mtu00900;gcpE
mtu00900;dxr
mtu00900;dxs2
mtu00900;Rv3382c
mtu00900;idsB
mtu00900;idsA1
mtu00900;ltp3
mtu00900;fadA5
mtu00900;fadA6
mtu00900;ispF
mtu00900;ispD
mtu01501;lpqI
mtu01501;blaC
mtu01501;pbpB
mtu01501;dppC
mtu01501;dppB
mtu01501;dppA
mtu00770;ilvD
mtu00770;coaA
mtu00770;dfp
mtu00770;coaE
mtu00770;ilvG
mtu00770;ilvE
mtu00770;panB
mtu00770;acpS
mtu00770;Rv2573
mtu00770;kdtB
mtu00770;ilvC
mtu00770;ilvN
mtu00770;ilvB1
mtu00770;ilvB2
mtu00770;ilvX
mtu00770;Rv3600c
mtu00770;panD
mtu00770;panC
mtu00364;Rv2054
mtu00364;Rv2765
mtu00626;adhE1
mtu00626;adhB
mtu00626;adh
mtu00626;adhA
mtu00626;adhD
mtu00061;fabG4
mtu00061;fabD2
mtu00061;Rv0769
mtu00061;desA1
mtu00061;accD3
mtu00061;desA2
mtu00061;fabG2
mtu00061;fadD15
mtu00061;fabD
mtu00061;accD6
mtu00061;accA1
mtu00061;fas
mtu00061;accA3
mtu00061;Rv3502c
mtu00061;Rv3559c
mtu00860;cobU
mtu00860;cobQ1
mtu00860;Rv0260c
mtu00860;hemA
mtu00860;hemC
mtu00860;hemD
mtu00860;hemB
mtu00860;hemL
mtu00860;Rv0958
mtu00860;Rv1314c
mtu00860;Rv1451
mtu00860;Rv1456c
mtu00860;hemZ
mtu00860;bfrA
mtu00860;cobN
mtu00860;cobG
mtu00860;cobH
mtu00860;cobIJ
mtu00860;cobK
mtu00860;cobM
mtu00860;cobL
mtu00860;cobT
mtu00860;cobS
mtu00860;cobD
mtu00860;hemN
mtu00860;hemY
mtu00860;hemE
mtu00860;cysG
mtu00860;cobB
mtu00860;cobO
mtu00860;Rv2850c
mtu00860;gltS
mtu00500;celA1
mtu00500;treS
mtu00500;mak
mtu00500;bglS
mtu00500;udgA
mtu00500;Rv0650
mtu00500;pgi
mtu00500;galU
mtu00500;glgA
mtu00500;glgC
mtu00500;glgB
mtu00500;glgE
mtu00500;glgP
mtu00500;treZ
mtu00500;treY
mtu00500;treX
mtu00500;malQ
mtu00500;otsB1
mtu00500;aglA
mtu00500;Rv3031
mtu00500;Rv3032
mtu00500;pgmA
mtu00500;otsB2
mtu00500;otsA
mtu00600;atsD
mtu00600;Rv0669c
mtu00600;atsA
mtu00600;atsB
mtu03060;C8
mtu03060;secE1
mtu03060;secY
mtu03060;tatB
mtu03060;secG
mtu03060;lspA
mtu03060;secA2
mtu03060;tatC
mtu03060;tatA
mtu03060;secF
mtu03060;secD
mtu03060;yajC
mtu03060;lepB
mtu03060;ffh
mtu03060;ftsY
mtu03060;secA1
mtu03060;Rv3921c
mtu00030;fba
mtu00030;deoC
mtu00030;pgi
mtu00030;prsA
mtu00030;glpX
mtu00030;zwf1
mtu00030;gnd2
mtu00030;rpe
mtu00030;devB
mtu00030;zwf2
mtu00030;tal
mtu00030;tkt
mtu00030;gnd1
mtu00030;pfkB
mtu00030;rbsK
mtu00030;rpiB
mtu00030;pfkA
mtu00030;pgmA
mtu00052;galE2
mtu00052;galK
mtu00052;Rv0650
mtu00052;cpsY
mtu00052;galU
mtu00052;pfkB
mtu00052;aglA
mtu00052;pfkA
mtu00052;pgmA
mtu00052;galE1
mtu00052;glf
mtu01220;adhE1
mtu01220;adhB
mtu01220;Rv0771
mtu01220;adh
mtu01220;adhA
mtu01220;Rv1869c
mtu01220;adhD
mtu01220;mhpE
mtu01220;hsaF
mtu01220;hsaG
mtu01220;hsaE
mtu01220;hsaC
mtu01220;hsaD
mtu00970;leuS
mtu00970;metS
mtu00970;argS
mtu00970;fmt
mtu00970;ileS
mtu00970;lysX
mtu00970;pheS
mtu00970;pheT
mtu00970;tyrS
mtu00970;glyS
mtu00970;valS
mtu00970;alaS
mtu00970;aspS
mtu00970;hisS
mtu00970;thrS
mtu00970;proS
mtu00970;gltS
mtu00970;gatB
mtu00970;gatA
mtu00970;gatC
mtu00970;trpS
mtu00970;cysS1
mtu00970;lysS
mtu00970;serS
mtu00970;ileT
mtu00970;alaT
mtu00970;leuT
mtu00970;glyU
mtu00970;tyrT
mtu00970;thrT
mtu00970;metT
mtu00970;trpT
mtu00970;thrV
mtu00970;lysT
mtu00970;gluT
mtu00970;aspT
mtu00970;pheU
mtu00970;argT
mtu00970;alaV
mtu00970;glnT
mtu00970;leuX
mtu00970;argV
mtu00970;leuW
mtu00970;leuV
mtu00970;proT
mtu00970;leuU
mtu00970;valV
mtu00970;metV
mtu00970;asnT
mtu00970;proU
mtu00970;glyV
mtu00970;argW
mtu00970;hisT
mtu00970;lysU
mtu00970;valT
mtu00970;glyT
mtu00970;cysU
mtu00970;valU
mtu00970;gluU
mtu00970;glnU
mtu00970;alaU
mtu00970;metU
mtu00970;thrU
mtu00970;proY
mtu00970;serV
mtu00970;serX
mtu00970;argU
mtu00970;serT
mtu00970;serU
mtu00281;echA1
mtu00281;echA2
mtu00281;echA3
mtu00281;echA4
mtu00281;echA5
mtu00281;fadB
mtu00281;fadE10
mtu00281;echA6
mtu00281;echA7
mtu00281;echA8
mtu00281;echA9
mtu00281;echA11
mtu00281;echA10
mtu00281;mbtN
mtu00281;echA12
mtu00281;echA13
mtu00281;echA14
mtu00281;echA15
mtu00281;ltp1
mtu00281;echA16
mtu00281;echA17
mtu00281;echA18
mtu00281;echA19
mtu00281;echA20
mtu00281;echA21
mtu02010;yrbE1A
mtu02010;yrbE1B
mtu02010;mce1A
mtu02010;mce1B
mtu02010;mce1C
mtu02010;mce1D
mtu02010;lprK
mtu02010;mce1F
mtu02010;Rv0265c
mtu02010;yrbE2A
mtu02010;Rv0588
mtu02010;mce2A
mtu02010;mce2C
mtu02010;mce2D
mtu02010;lprL
mtu02010;mce2F
mtu02010;mkl
mtu02010;phoT
mtu02010;pstS3
mtu02010;pstC2
mtu02010;pstA1
mtu02010;pstS2
mtu02010;pstB
mtu02010;pstS1
mtu02010;pstC1
mtu02010;pstA2
mtu02010;sugC
mtu02010;irtA
mtu02010;irtB
mtu02010;cydC
mtu02010;cydD
mtu02010;bacA
mtu02010;modA
mtu02010;modB
mtu02010;modC
mtu02010;yrbE3A
mtu02010;yrbE3B
mtu02010;mce3A
mtu02010;mce3B
mtu02010;mce3C
mtu02010;mce3D
mtu02010;lprM
mtu02010;mce3F
mtu02010;Rv2038c
mtu02010;Rv2325c
mtu02010;Rv2326c
mtu02010;cysA1
mtu02010;cysW
mtu02010;cysT
mtu02010;subI
mtu02010;Rv2686c
mtu02010;Rv2687c
mtu02010;Rv2688c
mtu02010;ugpC
mtu02010;ugpB
mtu02010;ugpE
mtu02010;ugpA
mtu02010;Rv3041c
mtu02010;fecB
mtu02010;ftsX
mtu02010;ftsE
mtu02010;mce4F
mtu02010;lprN
mtu02010;mce4D
mtu02010;mce4C
mtu02010;mce4B
mtu02010;mce4A
mtu02010;yrbE4B
mtu02010;yrbE4A
mtu02010;dppC
mtu02010;dppB
mtu02010;dppA
mtu02010;proZ
mtu02010;proW
mtu02010;proV
mtu02010;proX
mtu00270;sdaA
mtu00270;Rv0075
mtu00270;mtn
mtu00270;metZ
mtu00270;Rv0535
mtu00270;cysA2
mtu00270;cysK2
mtu00270;cbs
mtu00270;metB
mtu00270;metE
mtu00270;mdh
mtu00270;thrA
mtu00270;cysM
mtu00270;metK
mtu00270;metH
mtu00270;ilvE
mtu00270;sseB
mtu00270;Rv2294
mtu00270;cysK1
mtu00270;cysE
mtu00270;mmuM
mtu00270;speE
mtu00270;cysA3
mtu00270;sahH
mtu00270;sseA
mtu00270;metC
mtu00270;metA
mtu00270;Rv3684
mtu00270;gshA
mtu00270;asd
mtu00270;ask
mtu00920;Rv0331
mtu00920;metZ
mtu00920;cysA2
mtu00920;cysK2
mtu00920;metB
mtu00920;cysD
mtu00920;Rv1286
mtu00920;cysM
mtu00920;cysQ
mtu00920;sseB
mtu00920;cysK1
mtu00920;cysE
mtu00920;sirA
mtu00920;cysH
mtu00920;cysA1
mtu00920;cysW
mtu00920;cysT
mtu00920;subI
mtu00920;cysA3
mtu00920;sseA
mtu00920;Rv3406
mtu00920;Rv3684
mtu00010;Rv0147
mtu00010;adhE1
mtu00010;pckA
mtu00010;Rv0223c
mtu00010;fba
mtu00010;Rv0458
mtu00010;lpdC
mtu00010;gpm1
mtu00010;Rv0650
mtu00010;adhB
mtu00010;aldA
mtu00010;Rv0794c
mtu00010;Rv0843
mtu00010;pgi
mtu00010;eno
mtu00010;glpX
mtu00010;gap
mtu00010;pgk
mtu00010;tpi
mtu00010;adh
mtu00010;pykA
mtu00010;adhA
mtu00010;pfkB
mtu00010;Rv2228c
mtu00010;aceE
mtu00010;gpgP
mtu00010;Rv2454c
mtu00010;Rv2455c
mtu00010;bkdC
mtu00010;bkdB
mtu00010;bkdA
mtu00010;ppgK
mtu00010;aldC
mtu00010;pfkA
mtu00010;pgmA
mtu00010;adhD
mtu00010;gpm2
mtu00010;pcd
mtu00010;lpdA
mtu00010;acs
mtu00010;Rv3837c
mtu00290;ilvD
mtu00290;aspC
mtu00290;ilvA
mtu00290;ilvG
mtu00290;ilvE
mtu00290;leuD
mtu00290;leuC
mtu00290;leuB
mtu00290;ilvC
mtu00290;ilvN
mtu00290;ilvB1
mtu00290;ilvB2
mtu00290;ilvX
mtu00290;leuA
mtu01110;icd2
mtu01110;sdaA
mtu01110;glyA2
mtu01110;Rv0075
mtu01110;fadE1
mtu01110;Rv0147
mtu01110;fadE2
mtu01110;adhE1
mtu01110;bglS
mtu01110;ilvD
mtu01110;pckA
mtu01110;echA1
mtu01110;Rv0223c
mtu01110;fadE4
mtu01110;fadA2
mtu01110;Rv0247c
mtu01110;Rv0248c
mtu01110;Rv0260c
mtu01110;aspC
mtu01110;fba
mtu01110;purT
mtu01110;pssA
mtu01110;psd
mtu01110;echA2
mtu01110;Rv0458
mtu01110;lpdC
mtu01110;icl1
mtu01110;gpm1
mtu01110;proC
mtu01110;hemA
mtu01110;hemC
mtu01110;hemD
mtu01110;hemB
mtu01110;hemL
mtu01110;menA
mtu01110;menE
mtu01110;menB
mtu01110;menC
mtu01110;menD
mtu01110;menH
mtu01110;grcC1
mtu01110;gpdA1
mtu01110;echA3
mtu01110;Rv0650
mtu01110;echA4
mtu01110;echA5
mtu01110;adk
mtu01110;adhB
mtu01110;cyp51
mtu01110;aldA
mtu01110;purD
mtu01110;purB
mtu01110;purC
mtu01110;Rv0787A
mtu01110;purQ
mtu01110;Rv0794c
mtu01110;purL
mtu01110;purF
mtu01110;purM
mtu01110;Rv0843
mtu01110;cysK2
mtu01110;Rv0859
mtu01110;fadB
mtu01110;citA
mtu01110;gltA2
mtu01110;accD3
mtu01110;echA6
mtu01110;Rv0914c
mtu01110;pgi
mtu01110;Rv0948c
mtu01110;sucC
mtu01110;sucD
mtu01110;purN
mtu01110;purH
mtu01110;Rv0958
mtu01110;echA7
mtu01110;fadE13
mtu01110;grcC2
mtu01110;arcA
mtu01110;ispE
mtu01110;prsA
mtu01110;eno
mtu01110;echA8
mtu01110;echA9
mtu01110;fadA3
mtu01110;metB
mtu01110;glyA1
mtu01110;fum
mtu01110;glpX
mtu01110;lytB2
mtu01110;zwf1
mtu01110;gnd2
mtu01110;prpC
mtu01110;metE
mtu01110;echA11
mtu01110;echA10
mtu01110;Rv1188
mtu01110;glgA
mtu01110;glgC
mtu01110;mdh
mtu01110;Rv1257c
mtu01110;lysA
mtu01110;thrA
mtu01110;thrC
mtu01110;thrB
mtu01110;fadA4
mtu01110;glgB
mtu01110;glgP
mtu01110;cysM
mtu01110;metK
mtu01110;rpe
mtu01110;ribG
mtu01110;ribC
mtu01110;ribA2
mtu01110;ribH
mtu01110;gap
mtu01110;pgk
mtu01110;tpi
mtu01110;devB
mtu01110;zwf2
mtu01110;tal
mtu01110;tkt
mtu01110;Rv1451
mtu01110;Rv1456c
mtu01110;echA12
mtu01110;acn
mtu01110;hemZ
mtu01110;adh
mtu01110;ansA
mtu01110;plsB1
mtu01110;frdA
mtu01110;frdB
mtu01110;frdC
mtu01110;frdD
mtu01110;ilvA
mtu01110;treZ
mtu01110;treY
mtu01110;treX
mtu01110;hisD
mtu01110;hisC1
mtu01110;hisB
mtu01110;hisH
mtu01110;hisA
mtu01110;hisF
mtu01110;hisI
mtu01110;trpE
mtu01110;trpC
mtu01110;trpB
mtu01110;trpA
mtu01110;pykA
mtu01110;argC
mtu01110;argJ
mtu01110;argB
mtu01110;argD
mtu01110;argF
mtu01110;argG
mtu01110;argH
mtu01110;idi
mtu01110;ilvG
mtu01110;gcvH
mtu01110;gcvB
mtu01110;glcB
mtu01110;guaB1
mtu01110;gnd1
mtu01110;adhA
mtu01110;Rv1867
mtu01110;Rv1885c
mtu01110;katG
mtu01110;aceAa
mtu01110;aceAb
mtu01110;echA13
mtu01110;ribA1
mtu01110;pfkB
mtu01110;Rv2054
mtu01110;hisG
mtu01110;hisE
mtu01110;metH
mtu01110;idsA2
mtu01110;aroG
mtu01110;Rv2182c
mtu01110;trpD
mtu01110;asnB
mtu01110;Rv2205c
mtu01110;ilvE
mtu01110;gcvT
mtu01110;dlaT
mtu01110;panB
mtu01110;Rv2228c
mtu01110;aceE
mtu01110;accD6
mtu01110;glpD1
mtu01110;Rv2252
mtu01110;cdh
mtu01110;Rv2294
mtu01110;cysK1
mtu01110;cysE
mtu01110;plcC
mtu01110;plcB
mtu01110;plcA
mtu01110;mbtI
mtu01110;hemN
mtu01110;gpgP
mtu01110;proA
mtu01110;ndkA
mtu01110;mmuM
mtu01110;rpiB
mtu01110;plsB2
mtu01110;echA14
mtu01110;bkdC
mtu01110;bkdB
mtu01110;bkdA
mtu01110;accA1
mtu01110;aroD
mtu01110;aroB
mtu01110;aroK
mtu01110;aroF
mtu01110;aroE
mtu01110;Rv2573
mtu01110;ribD
mtu01110;hemY
mtu01110;hemE
mtu01110;echA15
mtu01110;dxs1
mtu01110;ppgK
mtu01110;dapF
mtu01110;miaA
mtu01110;argA
mtu01110;dapA
mtu01110;Rv2765
mtu01110;dapB
mtu01110;ribF
mtu01110;ltp1
mtu01110;echA16
mtu01110;cysG
mtu01110;Rv2850c
mtu01110;mqo
mtu01110;aldC
mtu01110;gcpE
mtu01110;dxr
mtu01110;cdsA
mtu01110;gpdA2
mtu01110;leuD
mtu01110;leuC
mtu01110;gltS
mtu01110;leuB
mtu01110;ilvC
mtu01110;ilvN
mtu01110;ilvB1
mtu01110;pfkA
mtu01110;Rv3031
mtu01110;echA17
mtu01110;pgmA
mtu01110;adhD
mtu01110;Rv3137
mtu01110;fadE23
mtu01110;aofH
mtu01110;gpm2
mtu01110;entC
mtu01110;aroA
mtu01110;manA
mtu01110;pmmA
mtu01110;manB
mtu01110;purE
mtu01110;purK
mtu01110;accA3
mtu01110;pcd
mtu01110;glpD2
mtu01110;lpdA
mtu01110;deoD
mtu01110;pmmB
mtu01110;sdhC
mtu01110;sdhD
mtu01110;sdhA
mtu01110;sdhB
mtu01110;icd1
mtu01110;echA18
mtu01110;dxs2
mtu01110;Rv3382c
mtu01110;idsB
mtu01110;phyA
mtu01110;idsA1
mtu01110;guaB3
mtu01110;guaB2
mtu01110;gadB
mtu01110;ilvB2
mtu01110;ilvX
mtu01110;echA19
mtu01110;ltp3
mtu01110;fadA5
mtu01110;echA20
mtu01110;fadA6
mtu01110;nat
mtu01110;ispF
mtu01110;ispD
mtu01110;panD
mtu01110;panC
mtu01110;hpt
mtu01110;acs
mtu01110;Rv3684
mtu01110;asd
mtu01110;ask
mtu01110;leuA
mtu01110;tyrA
mtu01110;hisC2
mtu01110;echA21
mtu01110;Rv3837c
mtu01110;pheA
mtu01110;gltD
mtu01110;gltB
mtu03050;prcA
mtu03050;prcB
mtu03050;mpa
mtu00643;amiB2
mtu00643;amiA2
mtu00643;amiC
mtu00643;Rv3175
mtu00643;amiD
mtu00521;ino1
mtu00521;rmlA
mtu00521;Rv0650
mtu00521;impA
mtu00521;suhB
mtu00521;pgmA
mtu00521;rmlD
mtu00521;rmlB
mtu00521;rmlC
mtu00521;Rv3468c
mtu00521;Rv3784
