Gene Symbol and Synonyms;Gene Symbol
BL0875;BL0875
BL1535;jadJ
BL1130;purE
BL1294;acyP
BL0856;pntB
BL1363;gap
BL0609;BL0609
BL1447;BL1447
BLt46;tRNA-Thr-4
BL0021;gluA
BL0345;ddl
BL0721;bacA
BLt51;tRNA-Pro-3
BL1108;purL
BL1734;BL1734
BLt07;tRNA-Cys
BL1792;serB
BL0890;pcrA
BL0685;hisF
BL1291;rplA
BL1191;pepN
BLt20;tRNA-Leu-5
BL0434;glnB
BL0858;fadD2
BL1313;serA
BL1603;rpmJ
BL1501;fadD3
BL1272;argS
BL1733;gltA2
BL1123;purD
BLr10;BLr10
BL0640;dnaA
BL1320;mraY
BL0956;BL0956
BL1149;alr
BL1244;rmlB2
BL1582;rpsS
BL0716;tkt
BL0049;BL0049
BL0788;pyrE
BL0122;lspA
BL0315;pstS
BL1323;murG
BL1055;thiG
BL1290;rplK
BL1424;BL1424
BL1193;dapA
BL0997;ispF
BLt50;tRNA-Ser-4
BL1249;hutH
BL0985;polA
BL0014;BL0014
BL0360;atpH
BL1419;secA
BL0671;nrdF
BL1387;dppB
BL0757;BL0757
BL1058;argG
BL1694;BL1694
BL1122;purM
BL1152;BL1152
BL1681;hprT
BL0990;uvrB
BL0530;ilvC1
BL1578;rplC
BL0851;BL0851
BL1499;icd1
BL0707;pgk
BL1254;upp
BL0735;purH
BL0790;pyrK
BL1324;murC
BL1386;dppA2
BL1597;rpsE
BL1376;nadC
BL1599;rplO
BL1572;rpsI
BL0141;BL0141
BLt44;tRNA-Gly-5
BL0210;BL0210
BL0319;aroG
BL1100;rpsL
BL0550;fba
BL0651;BL0651
BL0071;dnaQ
BL1353;folC
BL1064;argC
BLr03;BLr03
BL1187;glmM
BL0897;pncA
BL0638;dnaN
BLt16;tRNA-Ala-3
BL1623;BL1623
BL0520;dnaK
BLr12;BLr12
BL0414;rpsR
BL1787;rpoZ
BL1796;BL1796
BL1583;rplV
BL0398;rho
BLt34;tRNA-Pseudo
BL0826;glgA
BL0023;gluC
BL0725;BL0725
BL0933;cysD
BL0703;uvrC
BL1061;argD
BL0484;BL0484
BL1800;purB
BL1534;BL1534
BL1121;purF
BL1153;recQ
BLr04;BLr04
BL1263;leuD
BL1022;eno
BLt38;tRNA-Leu-2
BL1691;glkA
BL0991;BL0991
BL0654;pcnA
BLt25;tRNA-Thr-2
BL1750;xseB
BL1166;abfA2
BL0388;BL0388
BL0444;gnt
BL1757;bglX
BLt06;tRNA-Gly-3
BL0294;rpmF
BL1397;acn
BL1407;BL1407
BLt33;tRNA-Ser
BL1375;nadB
BL0115;thiM
BL0492;asd
BL1500;BL1500
BL0402;gatB
BL0413;rplI
BL0287;BL0287
BL0792;pyrC
BL0144;BL0144
BL0798;metE
BL0730;BL0730
BL1549;rplJ
BL1183;ftsE
BL1580;rplW
BL1359;BL1359
BL0853;rplY
BL1786;metK
BL1550;rplL
BL1473;BL1473
BL0978;lacZ
BL0361;BL0361
BL0231;BL0231
BL1577;rpsJ
BL1570;malQ1
BL1035;glyA
BL0825;BL0825
BLt24;tRNA-Leu
BL1611;abfA3
BL0011;codA
BL0086;murI
BL0544;abfA1
BL0728;ruvA
BLt48;tRNA-Ser-2
BL0098;ispG
BL1319;murF
BL0794;pyrB
BL1722;guaB
BL0966;BL0966
BL0709;secG
BL1518;aga
BL1748;fadD4
BL0992;rpsA
BL0273;araD
BL1526;agl
BL0404;gatC
BL1280;dapE
BL1412;pgsA3
BL1297;hisB
BL1683;folE
BL0411;ptsI
BL1329;BL1329
BL1579;rplD
BL0313;pstA
BL0303;ffh
BL0101;uppS
BL0988;pyk
BLt45;tRNA-Tyr
BL1205;rpoB
BLt53;tRNA-Asp
BL0866;glgC
BL1656;gpmA
BL1717;BL1717
BL1665;thyA
BL0433;glnD
BL1586;rplP
BL0114;thiE/thiC
BL1584;rpsC
BL1105;purT
BL1361;ispH
BL0693;BL0693
BL1512;dcd
BL1573;BL1573
BL1032;nadD
BL1601;adk
BL1044;ppnK
BL0055;BL0055
BLt37;tRNA-Gly-2
BL0791;pyrF
BL1051;tyrS
BL1211;galT1
BL1308;ldh2
BL0478;fhs
BL1716;BL1716
BL1619;ribF
BL0968;pta
BL0031;BL0031
BL0296;ilvB
BL0259;bgaB
BL1295;hisD
BL1632;ptsG
BL1147;dnaG
BL1755;BL1755
BL0301;cysS
BL0847;hemN
BL1413;BL1413
BL1742;BL1742
BLt55;tRNA-Asp-2
BL1604.1;rpsK
BLr08;BLr08
BL1521;msmE
BL1655;BL1655
BL1711;rpmE
BLt08;tRNA-Val-4
BLt49;tRNA-Ser-3
BL0877;aroK
BL1204;rpoC
BL0732;sucC
BL0229;rmlB1
BL0694;BL0694
BL1090;BL1090
BL0687;trpE
BL0365;metA
BL1287;secE
BL0724;thrS
BL1267;murA
BLt01;tRNA-Val
BLt42;tRNA-Ala
BL1076;glnA1
BL0620;gntK
BL0440;zwf2
BL1788;ilvD
BL1218;leuB
BL1450;leuS
BLt05;tRNA-Asn-3
BL1343;nagB
BL1776;BL1776
BL0753;rpe
BL0597;glgP
BL1366a;rpmI
BL1389;dppC
BL0963;prsA2
BL0751;hisG
BL1751;xseA
BLt13;tRNA-Arg-2
BL0022;gluB
BL0845;glxK
BL0898;BL0898
BL0891;xpt
BL1571;rplM
BL0731;apt
BL1714;BL1714
BL1339;BL1339
BL0494;askA
BL0715;tal
BL0673;msiK
BL1606;rpoA
BL0116;glyS
BLt32;tRNA-Lys-2
BL1704;xylA
BL0686;hisI
BL1194;dapB
BL0783;BL0783
BL1168;bga
BL1594;rpsH
BL0070;gmk
BLt57;tRNA-Arg-5
BL0357;atpD
BLr02;BLr02
BL1356;murE
BL0951;pfl
BL0024;gluD
BL1660;serC
BL1124;aldH
BL1083;BL1083
BL1537;fas
BL1344;nagA
BL1426;idsA
BL0549;purA
BL1036;thrC
BL0488;leuA
BL0982;glgX
BL0500;dnaX
BL1273;lysA
BLt10;tRNA-Gly-4
BLt41;tRNA-Thr-3
BL0614;BL0614
BL0957;BL0957
BL0499;recR
BL0317;BL0317
BL1283;rpmA
BL0849;rpsT
BL1063;argJ
BL0469;gltX
BL0953;nadE
BL0702;uvrA
BL1070;BL1070
BL1589;rpsQ
BL0536;spl
BLt21;tRNA-His
BLt11;tRNA-Pro
BL1285;proB
BL1034;proA
BL0876;aroQ
BL1115;ahcY
BL0431;dnaB
BL0581;BL0581
BL1596;rplR
BLt43;tRNA-Trp
BLr09;BLr09
BL1666;dfrA
BL0363;atpB
BLt28;tRNA-Gly
BL0170;metG
BL0358;atpG
BL1196;BL1196
BL1296;hisC
BLt19;tRNA-Leu-4
BL1317;ftsI
BL1684;folP
BL0710;ldh1
BL0397;BL0397
BL0100;recO
BL1527;tdcB
BL0882;alaS
BL1604;rpsM
BLt31;tRNA-Lys
BL0105;cscA
BL1687;tesB
BL0955;BL0955
BL0755;trpA
BL1055a;thiS
BL0297;ilvH
BL1321;murD
BL0403;gatA
BL1262;leuC
BL0999;glgB
BL0531;ilvC2
BL1685;sulD
BLt22;tRNA-Arg-4
BL1752;nrdD
BL1275;thrB
BL1643;galT2
BLt39;tRNA-Ile
BL0002;groEL
BL1546;pnpA
BL1245;gif
BL0043;BL0043
BL0227;rmlA
BLt09;tRNA-Val-5
BL0964;glmU
BL0279;pgi
BL0277;lepB
BL1207;mutY
BL0878;aroC
BLt15;tRNA-Gln-2
BLt02;tRNA-Trp-2
BL0127;dnaE
BL1293;BL1293
BL1017;sdaA
BL0276;rnhB
BLt23;tRNA-Thr
BL1545a;rpsO
BL0739;ugpA
BL1192;BL1192
BL1575;adh2
BL0727;ruvC
BL0927;proC
BL1454;BL1454
BL0564;BL0564
BL1592;rplE
BL0590;pabA
BL1559;BL1559
BL0284;BL0284
BL0834;gltB
BLt17;tRNA-Ala-4
BL1210;galK
BL1581;rplB
BL1560;rpmG
BL1522;msmF
BL0018;aspS
BL0587;pbpA
BL0644;BL0644
BL1607;rplQ
BLr11;BLr11
BL1505;pyrH
BL1422;trpD
BL0362;atpE
BLt30;tRNA-Met
BL0804;BL0804
BL1772;rbsK
BL0068;carB
BL1268;BL1268
BL1696;BL1696
BL1213;BL1213
BLr07;BLr07
BL0756;trpBC
BL0934;BL0934
BLt27;tRNA-Val-3
BL0960;guaA
BL0395;valS
BL1377;BL1377
BL1533;BL1533
BL1222;BL1222
BLt47;tRNA-Met-2
BL1162;BL1162
BLt03;tRNA-Asn
BL1060;argF
BL0087;dapF
BL0779;sipY
BL0493;askB
BL0291;coaD
BL0330;rpmB
BLt04;tRNA-Asn-2
BL1281;rne
BL1374;nadA
BL1600;secY
BL1074;pdhD
BL0793;pyrI
BL0938;sdhA
BL0097;ispC
BL1654;lysS
BL1503;rpsB
BL1593;rpsN
BL0729;ruvB
BL0857;pntA
BL1148;dgt
BLt18;tRNA-Pro-2
BL0320;aroG2
BL0143;BL0143
BL1129;purK
BL1507;cdsA
BL0656;ispE
BL0078;metC
BL1099;rpsG
BL1671;galE2
BL1415;recA
BL0338;aspA
BL0266;fadD1
BL1067;pheS
BL0970;BL0970
BL0852;ilvE
BL1588;rpmC
BL0993;folD
BL0346;gpsA
BL0329;recG
BL0649;trxB
BL1382;tyrA
BL1598;rpmD
BL1107;purC
BL0712;BL0712
BL0512;BL0512
BLt40;tRNA-Ala-2
BL0630;gdhA
BL1146;BL1146
BLr01;BLr01
BL1175;glmS
BL1381;pheA
BL0092;BL0092
BL0796;BL0796
BLt56;tRNA-Met-3
BL1069;BL1069
BL1328;BL1328
BL1062;argB
BL1777;ileS
BL1695;BL1695
BLt12;tRNA-Leu-3
BL0600;trpS
BL1644;galE1
BLt14;tRNA-Arg-3
BL0324;ispD
BL0030;BL0030
BL1132;dxs
BL0884;BL0884
BL1595;rplF
BL0436;ftsY
BL0959;BL0959
BL1523;msmG
BL1391;BL1391
BL1300;hisA
BL0356;atpC
BL1591;rplX
BL0359;atpA
BL0443;BL0443
BL1367;rplT
BL0869;BL0869
BL0282;BL0282
BL0979;tag
BL0750;pgsA
BL1028;BL1028
BL1624;rnh
BL1718;BL1718
BLt26;tRNA-Val-2
BL1103;BL1103
BL0067;carA
BL1155;metB
BL0886;rpsD
BL0318;pfs
BL1709;xylB
BL0833;gltD
BL0047;ppgK
BL0472;BL0472
BL1025;mfd
BL1543;xynD
BL1299;hisH
BLt52;tRNA-Glu-2
BL0604;ppc
BL1057;argH
BL0789;pyrD
BL0527;malQ
BL1145;BL1145
BLt54;tRNA-Phe
BL0312;pstB
BL1812;ung
BL0555;degP
BLr06;BLr06
BL0285;BL0285
BL1431;BL1431
BL0415;ssb
BL0733;sucD
BL1259;ppk
BL1635;serS
BL1066;pheT
BL0052;ligA
BL1156;cbsSV
BL1728;proS
BL1327;BL1327
BL1590;rplN
BL1673;fucO
BL1789;fmt
BL0314;pstC
BL1561;murB
BL1439;relA
BL1274;thrA
BL0483;BL0483
BL1630;pgm
BL0969;ackA
BL1715;BL1715
BL0874;pyrG
BL1182;ftsX
BL0228;BL0228
BL0389;ppa
BL1438;dut
BLt35;tRNA-Gln
BL0670;nrdE
BL0416;rpsF
BL0529;aglA
BL0058;BL0058
BL0069;BL0069
BL0140;BL0140
BL0704;aroE
BL0316;BL0316
BL0642;rpmH
BL0616;icfA
BL1282;rplU
BLr05;BLr05
BL0393;nth
BL0939;BL0939
BLt29;tRNA-Arg
BL0637;recF
BL1679;BL1679
BL0272;araA
BL1409;miaA
BL0418;prsA1
BL0305;rpsP
BL1761;BL1761
BL0744;BL0744
BL1302;glnA2
BL1221;gcvH
BL0017;hisS
BL0113;thiD
BLt36;tRNA-Glu
BL0752;hisE
BL0708;tpiA
BL0797;metF
