blo00340;hisF
blo00340;hisI
blo00340;hisG
blo00340;hisE
blo00340;aldH
blo00340;hutH
blo00340;hisD
blo00340;hisC
blo00340;hisB
blo00340;hisH
blo00340;hisA
blo00620;leuA
blo00620;ppc
blo00620;ldh1
blo00620;pfl
blo00620;pta
blo00620;ackA
blo00620;pyk
blo00620;pdhD
blo00620;aldH
blo00620;acyP
blo00620;ldh2
blo00620;jadJ
blo00620;adh2
blo00900;ispC
blo00900;ispG
blo00900;uppS
blo00900;ispD
blo00900;ispE
blo00900;ispF
blo00900;dxs
blo00900;ispH
blo00900;idsA
blo00400;aroG
blo00400;aroG2
blo00400;BL0397
blo00400;trpE
blo00400;aroE
blo00400;trpA
blo00400;trpBC
blo00400;BL0783
blo00400;aroQ
blo00400;aroK
blo00400;aroC
blo00400;BL0970
blo00400;hisC
blo00400;pheA
blo00400;tyrA
blo00400;trpD
blo01212;fadD1
blo01212;BL0512
blo01212;fadD2
blo01212;fadD3
blo01212;jadJ
blo01212;fas
blo01212;fadD4
blo00626;BL1090
blo00626;adh2
blo00401;BL0783
blo00401;hisC
blo00401;tyrA
blo00471;murI
blo00471;murD
blo00471;murC
blo00970;hisS
blo00970;aspS
blo00970;glyS
blo00970;metG
blo00970;cysS
blo00970;valS
blo00970;gatB
blo00970;gatA
blo00970;gatC
blo00970;gltX
blo00970;trpS
blo00970;thrS
blo00970;alaS
blo00970;tyrS
blo00970;pheT
blo00970;pheS
blo00970;argS
blo00970;leuS
blo00970;serS
blo00970;lysS
blo00970;proS
blo00970;ileS
blo00970;fmt
blo00970;tRNA-Val
blo00970;tRNA-Trp-2
blo00970;tRNA-Asn
blo00970;tRNA-Asn-2
blo00970;tRNA-Asn-3
blo00970;tRNA-Gly-3
blo00970;tRNA-Cys
blo00970;tRNA-Val-4
blo00970;tRNA-Val-5
blo00970;tRNA-Gly-4
blo00970;tRNA-Pro
blo00970;tRNA-Leu-3
blo00970;tRNA-Arg-2
blo00970;tRNA-Arg-3
blo00970;tRNA-Gln-2
blo00970;tRNA-Ala-3
blo00970;tRNA-Ala-4
blo00970;tRNA-Pro-2
blo00970;tRNA-Leu-4
blo00970;tRNA-Leu-5
blo00970;tRNA-His
blo00970;tRNA-Arg-4
blo00970;tRNA-Thr
blo00970;tRNA-Leu
blo00970;tRNA-Thr-2
blo00970;tRNA-Val-2
blo00970;tRNA-Val-3
blo00970;tRNA-Gly
blo00970;tRNA-Arg
blo00970;tRNA-Met
blo00970;tRNA-Lys
blo00970;tRNA-Lys-2
blo00970;tRNA-Ser
blo00970;tRNA-Pseudo
blo00970;tRNA-Gln
blo00970;tRNA-Glu
blo00970;tRNA-Gly-2
blo00970;tRNA-Leu-2
blo00970;tRNA-Ile
blo00970;tRNA-Ala-2
blo00970;tRNA-Thr-3
blo00970;tRNA-Ala
blo00970;tRNA-Trp
blo00970;tRNA-Gly-5
blo00970;tRNA-Tyr
blo00970;tRNA-Thr-4
blo00970;tRNA-Met-2
blo00970;tRNA-Ser-2
blo00970;tRNA-Ser-3
blo00970;tRNA-Ser-4
blo00970;tRNA-Pro-3
blo00970;tRNA-Glu-2
blo00970;tRNA-Asp
blo00970;tRNA-Phe
blo00970;tRNA-Asp-2
blo00970;tRNA-Met-3
blo00970;tRNA-Arg-5
blo00261;asd
blo00261;askB
blo00261;askA
blo00261;dapA
blo00261;dapB
blo00670;fhs
blo00670;purH
blo00670;metF
blo00670;folD
blo00670;glyA
blo00670;purT
blo00670;thyA
blo00670;dfrA
blo00670;fmt
blo00290;ilvB
blo00290;ilvH
blo00290;leuA
blo00290;ilvC1
blo00290;ilvC2
blo00290;BL0712
blo00290;ilvE
blo00290;leuB
blo00290;leuC
blo00290;leuD
blo00290;tdcB
blo00290;ilvD
blo00770;coaD
blo00770;ilvB
blo00770;ilvH
blo00770;ilvC1
blo00770;ilvC2
blo00770;ilvE
blo00770;BL0991
blo00770;BL1162
blo00770;ilvD
blo00190;atpC
blo00190;atpD
blo00190;atpG
blo00190;atpA
blo00190;atpH
blo00190;BL0361
blo00190;atpE
blo00190;atpB
blo00190;ppa
blo00190;sdhA
blo00190;BL0939
blo00190;ppk
blo00780;BL0512
blo00780;BL1533
blo00562;tpiA
blo00562;BL1796
blo01220;BL1090
blo01220;adh2
blo00230;gmk
blo00230;dnaQ
blo00230;dnaE
blo00230;BL0285
blo00230;prsA1
blo00230;BL0483
blo00230;dnaX
blo00230;purA
blo00230;dnaN
blo00230;nrdE
blo00230;nrdF
blo00230;BL0725
blo00230;apt
blo00230;purH
blo00230;BL0851
blo00230;xpt
blo00230;guaA
blo00230;prsA2
blo00230;polA
blo00230;pyk
blo00230;purT
blo00230;purC
blo00230;purL
blo00230;purF
blo00230;purM
blo00230;purD
blo00230;purK
blo00230;purE
blo00230;dgt
blo00230;rpoC
blo00230;rpoB
blo00230;BL1407
blo00230;relA
blo00230;BL1454
blo00230;BL1500
blo00230;pnpA
blo00230;adk
blo00230;rpoA
blo00230;pgm
blo00230;hprT
blo00230;guaB
blo00230;BL1742
blo00230;nrdD
blo00230;rpoZ
blo00230;purB
blo00860;gltX
blo00860;hemN
blo02010;gluA
blo02010;gluB
blo02010;gluC
blo02010;gluD
blo02010;BL0043
blo02010;BL0049
blo02010;BL0055
blo02010;BL0141
blo02010;BL0143
blo02010;BL0144
blo02010;pstB
blo02010;pstA
blo02010;pstC
blo02010;pstS
blo02010;msiK
blo02010;BL0693
blo02010;BL0694
blo02010;BL0825
blo02010;BL0955
blo02010;BL0956
blo02010;BL0957
blo02010;BL1069
blo02010;BL1070
blo02010;ftsX
blo02010;ftsE
blo02010;dppA2
blo02010;dppB
blo02010;dppC
blo02010;msmE
blo02010;msmF
blo02010;msmG
blo02010;BL1534
blo02010;BL1694
blo02010;BL1695
blo02010;BL1696
blo02010;BL1714
blo02010;BL1715
blo02010;BL1716
blo02010;BL1717
blo02010;BL1718
blo00130;BL0231
blo00130;BL1655
blo00270;metC
blo00270;pfs
blo00270;metA
blo00270;asd
blo00270;askB
blo00270;askA
blo00270;BL0564
blo00270;ldh1
blo00270;BL0783
blo00270;metE
blo00270;ilvE
blo00270;cysD
blo00270;sdaA
blo00270;ahcY
blo00270;BL1152
blo00270;metB
blo00270;cbsSV
blo00270;BL1268
blo00270;thrA
blo00270;ldh2
blo00270;BL1473
blo00270;BL1559
blo00270;BL1755
blo00270;BL1776
blo00270;metK
blo00360;BL0058
blo00360;BL0783
blo00360;hisC
blo01200;ppgK
blo01200;BL0140
blo01200;pgi
blo01200;prsA1
blo01200;zwf2
blo01200;BL0443
blo01200;gnt
blo01200;fhs
blo01200;fba
blo01200;ppc
blo01200;gntK
blo01200;pgk
blo01200;tpiA
blo01200;tal
blo01200;tkt
blo01200;sucC
blo01200;sucD
blo01200;rpe
blo01200;metF
blo01200;BL0884
blo01200;sdhA
blo01200;BL0939
blo01200;prsA2
blo01200;BL0966
blo01200;pta
blo01200;ackA
blo01200;pyk
blo01200;folD
blo01200;sdaA
blo01200;eno
blo01200;glyA
blo01200;pdhD
blo01200;serA
blo01200;gap
blo01200;acn
blo01200;BL1447
blo01200;icd1
blo01200;tdcB
blo01200;jadJ
blo01200;BL1623
blo01200;gpmA
blo01200;serC
blo01200;glkA
blo01200;gltA2
blo01200;serB
blo00460;glyA
blo00460;bglX
blo01230;metC
blo01230;dapF
blo01230;BL0140
blo01230;ilvB
blo01230;ilvH
blo01230;pfs
blo01230;aroG
blo01230;aroG2
blo01230;metA
blo01230;BL0397
blo01230;prsA1
blo01230;leuA
blo01230;asd
blo01230;askB
blo01230;askA
blo01230;ilvC1
blo01230;ilvC2
blo01230;fba
blo01230;hisF
blo01230;hisI
blo01230;trpE
blo01230;aroE
blo01230;pgk
blo01230;tpiA
blo01230;BL0712
blo01230;tal
blo01230;tkt
blo01230;hisG
blo01230;hisE
blo01230;rpe
blo01230;trpA
blo01230;trpBC
blo01230;BL0783
blo01230;metE
blo01230;gltD
blo01230;gltB
blo01230;ilvE
blo01230;BL0875
blo01230;aroQ
blo01230;aroK
blo01230;aroC
blo01230;BL0884
blo01230;proC
blo01230;prsA2
blo01230;BL0966
blo01230;BL0970
blo01230;pyk
blo01230;sdaA
blo01230;eno
blo01230;proA
blo01230;glyA
blo01230;thrC
blo01230;argH
blo01230;argG
blo01230;argF
blo01230;argD
blo01230;argB
blo01230;argJ
blo01230;argC
blo01230;glnA1
blo01230;BL1103
blo01230;BL1152
blo01230;metB
blo01230;cbsSV
blo01230;dapA
blo01230;dapB
blo01230;leuB
blo01230;leuC
blo01230;leuD
blo01230;BL1268
blo01230;lysA
blo01230;thrA
blo01230;thrB
blo01230;dapE
blo01230;proB
blo01230;hisD
blo01230;hisC
blo01230;hisB
blo01230;hisH
blo01230;hisA
blo01230;glnA2
blo01230;serA
blo01230;gap
blo01230;pheA
blo01230;tyrA
blo01230;acn
blo01230;trpD
blo01230;BL1447
blo01230;icd1
blo01230;tdcB
blo01230;BL1559
blo01230;BL1623
blo01230;gpmA
blo01230;serC
blo01230;gltA2
blo01230;BL1734
blo01230;BL1776
blo01230;metK
blo01230;ilvD
blo01230;serB
blo00511;lacZ
blo00511;BL1327
blo00511;BL1328
blo00511;BL1329
blo00350;BL0783
blo00350;BL1090
blo00350;hisC
blo00350;adh2
blo01501;ftsI
blo01501;dppA2
blo01501;dppB
blo01501;dppC
blo04931;glgP
blo04931;glmS
blo04931;fas
blo00051;fba
blo00051;tpiA
blo00051;BL1339
blo00051;xylA
blo00523;rmlA
blo00523;BL0228
blo00523;rmlB1
blo00523;rmlB2
blo00750;BL0934
blo00750;thrC
blo00750;BL1145
blo00750;BL1146
blo00750;serC
blo02060;ptsI
blo02060;ptsG
blo00790;pabA
blo00790;folC
blo00790;dfrA
blo00790;folE
blo00790;folP
blo00790;sulD
blo01110;ppgK
blo01110;metC
blo01110;dapF
blo01110;ispC
blo01110;ispG
blo01110;uppS
blo01110;BL0140
blo01110;BL0231
blo01110;pgi
blo01110;ilvB
blo01110;ilvH
blo01110;aroG
blo01110;aroG2
blo01110;ispD
blo01110;gpsA
blo01110;metA
blo01110;BL0397
blo01110;prsA1
blo01110;zwf2
blo01110;BL0443
blo01110;gnt
blo01110;gltX
blo01110;BL0472
blo01110;leuA
blo01110;asd
blo01110;askB
blo01110;askA
blo01110;ilvC1
blo01110;ilvC2
blo01110;fba
blo01110;glgP
blo01110;gntK
blo01110;ispE
blo01110;hisF
blo01110;hisI
blo01110;trpE
blo01110;aroE
blo01110;pgk
blo01110;tpiA
blo01110;ldh1
blo01110;BL0712
blo01110;tal
blo01110;tkt
blo01110;sucC
blo01110;sucD
blo01110;purH
blo01110;BL0744
blo01110;hisG
blo01110;hisE
blo01110;rpe
blo01110;trpA
blo01110;trpBC
blo01110;BL0783
blo01110;metE
blo01110;glgA
blo01110;gltD
blo01110;gltB
blo01110;glxK
blo01110;hemN
blo01110;ilvE
blo01110;glgC
blo01110;aroQ
blo01110;aroK
blo01110;aroC
blo01110;BL0884
blo01110;xpt
blo01110;proC
blo01110;sdhA
blo01110;BL0939
blo01110;prsA2
blo01110;BL0966
blo01110;BL0970
blo01110;glgX
blo01110;pyk
blo01110;ispF
blo01110;glgB
blo01110;sdaA
blo01110;eno
blo01110;proA
blo01110;glyA
blo01110;thrC
blo01110;argH
blo01110;argG
blo01110;argF
blo01110;argD
blo01110;argB
blo01110;argJ
blo01110;argC
blo01110;pdhD
blo01110;BL1090
blo01110;BL1103
blo01110;purT
blo01110;purC
blo01110;purL
blo01110;purF
blo01110;purM
blo01110;purD
blo01110;aldH
blo01110;purK
blo01110;purE
blo01110;dxs
blo01110;metB
blo01110;dapA
blo01110;dapB
blo01110;leuB
blo01110;gcvH
blo01110;leuC
blo01110;leuD
blo01110;BL1268
blo01110;lysA
blo01110;thrA
blo01110;thrB
blo01110;hisD
blo01110;hisC
blo01110;hisB
blo01110;hisH
blo01110;hisA
blo01110;ldh2
blo01110;BL1359
blo01110;ispH
blo01110;gap
blo01110;pheA
blo01110;tyrA
blo01110;acn
blo01110;miaA
blo01110;trpD
blo01110;BL1424
blo01110;idsA
blo01110;BL1447
blo01110;icd1
blo01110;BL1500
blo01110;cdsA
blo01110;tdcB
blo01110;jadJ
blo01110;BL1573
blo01110;adh2
blo01110;adk
blo01110;ribF
blo01110;BL1623
blo01110;pgm
blo01110;BL1655
blo01110;gpmA
blo01110;hprT
blo01110;glkA
blo01110;guaB
blo01110;gltA2
blo01110;bglX
blo01110;BL1776
blo01110;metK
blo01110;ilvD
blo01110;purB
blo00030;pgi
blo00030;prsA1
blo00030;zwf2
blo00030;BL0443
blo00030;gnt
blo00030;fba
blo00030;gntK
blo00030;tal
blo00030;tkt
blo00030;rpe
blo00030;BL0959
blo00030;prsA2
blo00030;BL1431
blo00030;BL1623
blo00030;pgm
blo00030;rbsK
blo00680;BL0140
blo00680;fba
blo00680;ppc
blo00680;BL0884
blo00680;BL0966
blo00680;pta
blo00680;ackA
blo00680;eno
blo00680;glyA
blo00680;serA
blo00680;BL1447
blo00680;gpmA
blo00680;serC
blo00680;serB
blo00910;icfA
blo00910;gdhA
blo00910;gltD
blo00910;gltB
blo00910;glnA1
blo00910;glnA2
blo03010;rpmF
blo03010;rpsP
blo03010;rpmB
blo03010;rplI
blo03010;rpsR
blo03010;rpsF
blo03010;rpmH
blo03010;rpsT
blo03010;rplY
blo03010;rpsD
blo03010;rpsA
blo03010;rpsG
blo03010;rpsL
blo03010;rplU
blo03010;rpmA
blo03010;rplK
blo03010;rplA
blo03010;rpmI
blo03010;rplT
blo03010;rpsB
blo03010;rpsO
blo03010;rplJ
blo03010;rplL
blo03010;rpmG
blo03010;rplM
blo03010;rpsI
blo03010;rpsJ
blo03010;rplC
blo03010;rplD
blo03010;rplW
blo03010;rplB
blo03010;rpsS
blo03010;rplV
blo03010;rpsC
blo03010;rplP
blo03010;rpmC
blo03010;rpsQ
blo03010;rplN
blo03010;rplX
blo03010;rplE
blo03010;rpsN
blo03010;rpsH
blo03010;rplF
blo03010;rplR
blo03010;rpsE
blo03010;rpmD
blo03010;rplO
blo03010;rpmJ
blo03010;rpsM
blo03010;rpsK
blo03010;rplQ
blo03010;rpmE
blo03010;BLr01
blo03010;BLr02
blo03010;BLr03
blo03010;BLr04
blo03010;BLr05
blo03010;BLr06
blo03010;BLr07
blo03010;BLr08
blo03010;BLr09
blo03010;BLr10
blo03010;BLr11
blo03010;BLr12
blo03020;rpoC
blo03020;rpoB
blo03020;rpoA
blo03020;rpoZ
blo00500;cscA
blo00500;pgi
blo00500;BL0388
blo00500;malQ
blo00500;aglA
blo00500;spl
blo00500;glgP
blo00500;ugpA
blo00500;glgA
blo00500;glgC
blo00500;glgX
blo00500;glgB
blo00500;BL1339
blo00500;agl
blo00500;malQ1
blo00500;BL1573
blo00500;pgm
blo00500;glkA
blo00500;bglX
blo00500;BL1761
blo00330;codA
blo00330;BL0014
blo00330;BL0783
blo00330;proC
blo00330;proA
blo00330;aldH
blo00330;proB
blo00920;metA
blo00920;metB
blo00220;gdhA
blo00220;BL0712
blo00220;BL0783
blo00220;argH
blo00220;argG
blo00220;argF
blo00220;argD
blo00220;argB
blo00220;argJ
blo00220;argC
blo00220;glnA1
blo00220;glnA2
blo01120;ppgK
blo01120;BL0058
blo01120;dapF
blo01120;BL0140
blo01120;pgi
blo01120;prsA1
blo01120;zwf2
blo01120;BL0443
blo01120;gnt
blo01120;BL0472
blo01120;fhs
blo01120;asd
blo01120;askB
blo01120;askA
blo01120;fba
blo01120;ppc
blo01120;gntK
blo01120;pgk
blo01120;tpiA
blo01120;ldh1
blo01120;tal
blo01120;tkt
blo01120;sucC
blo01120;sucD
blo01120;rpe
blo01120;metF
blo01120;gltD
blo01120;gltB
blo01120;BL0875
blo01120;BL0884
blo01120;sdhA
blo01120;BL0939
blo01120;BL0959
blo01120;prsA2
blo01120;BL0966
blo01120;pta
blo01120;ackA
blo01120;pyk
blo01120;folD
blo01120;eno
blo01120;glyA
blo01120;thrC
blo01120;pdhD
blo01120;glnA1
blo01120;BL1090
blo01120;BL1103
blo01120;aldH
blo01120;dapA
blo01120;dapB
blo01120;lysA
blo01120;thrA
blo01120;thrB
blo01120;dapE
blo01120;acyP
blo01120;glnA2
blo01120;ldh2
blo01120;serA
blo01120;BL1359
blo01120;gap
blo01120;acn
blo01120;BL1447
blo01120;icd1
blo01120;jadJ
blo01120;adh2
blo01120;BL1623
blo01120;pgm
blo01120;gpmA
blo01120;serC
blo01120;fucO
blo01120;glkA
blo01120;gltA2
blo01120;BL1734
blo01120;serB
blo00650;BL0058
blo00650;ilvB
blo00650;ilvH
blo00650;sdhA
blo00650;BL0939
blo00650;pfl
blo00650;adh2
blo00380;aldH
blo00600;lacZ
blo00600;aga
blo03440;dnaQ
blo03440;recO
blo03440;dnaE
blo03440;recG
blo03440;ssb
blo03440;BL0483
blo03440;recR
blo03440;dnaX
blo03440;BL0609
blo03440;recF
blo03440;dnaN
blo03440;ruvC
blo03440;ruvA
blo03440;ruvB
blo03440;BL0898
blo03440;polA
blo03440;recA
blo03440;BL1454
blo00561;glxK
blo00561;aldH
blo00561;BL1424
blo00561;aga
blo00250;carA
blo00250;carB
blo00250;aspA
blo00250;purA
blo00250;gdhA
blo00250;BL0712
blo00250;BL0783
blo00250;pyrI
blo00250;pyrB
blo00250;gltD
blo00250;gltB
blo00250;argH
blo00250;argG
blo00250;glnA1
blo00250;purF
blo00250;glmS
blo00250;glnA2
blo00250;nadB
blo00250;purB
blo00061;fadD1
blo00061;BL0512
blo00061;fadD2
blo00061;fadD3
blo00061;jadJ
blo00061;fas
blo00061;fadD4
blo01100;codA
blo01100;ppgK
blo01100;BL0058
blo01100;carA
blo01100;carB
blo01100;BL0069
blo01100;gmk
blo01100;dnaQ
blo01100;metC
blo01100;murI
blo01100;dapF
blo01100;ispC
blo01100;ispG
blo01100;cscA
blo01100;thiD
blo01100;thiE/thiC
blo01100;thiM
blo01100;dnaE
blo01100;BL0140
blo01100;rmlA
blo01100;BL0228
blo01100;rmlB1
blo01100;BL0231
blo01100;fadD1
blo01100;araA
blo01100;araD
blo01100;pgi
blo01100;BL0287
blo01100;coaD
blo01100;ilvB
blo01100;ilvH
blo01100;pfs
blo01100;aroG
blo01100;aroG2
blo01100;ispD
blo01100;aspA
blo01100;ddl
blo01100;atpC
blo01100;atpD
blo01100;atpG
blo01100;atpA
blo01100;atpH
blo01100;BL0361
blo01100;atpE
blo01100;atpB
blo01100;metA
blo01100;BL0397
blo01100;gatB
blo01100;gatA
blo01100;gatC
blo01100;prsA1
blo01100;zwf2
blo01100;BL0443
blo01100;gnt
blo01100;gltX
blo01100;BL0472
blo01100;fhs
blo01100;BL0483
blo01100;BL0484
blo01100;leuA
blo01100;asd
blo01100;askB
blo01100;askA
blo01100;dnaX
blo01100;BL0512
blo01100;malQ
blo01100;aglA
blo01100;ilvC1
blo01100;ilvC2
blo01100;purA
blo01100;fba
blo01100;BL0564
blo01100;glgP
blo01100;ppc
blo01100;gntK
blo01100;gdhA
blo01100;dnaN
blo01100;ispE
blo01100;nrdE
blo01100;nrdF
blo01100;hisF
blo01100;hisI
blo01100;trpE
blo01100;aroE
blo01100;pgk
blo01100;tpiA
blo01100;ldh1
blo01100;BL0712
blo01100;tal
blo01100;tkt
blo01100;apt
blo01100;sucC
blo01100;sucD
blo01100;purH
blo01100;ugpA
blo01100;BL0744
blo01100;pgsA
blo01100;hisG
blo01100;hisE
blo01100;rpe
blo01100;trpA
blo01100;trpBC
blo01100;BL0783
blo01100;pyrE
blo01100;pyrD
blo01100;pyrK
blo01100;pyrF
blo01100;pyrC
blo01100;pyrI
blo01100;pyrB
blo01100;BL0796
blo01100;metF
blo01100;metE
blo01100;BL0804
blo01100;glgA
blo01100;gltD
blo01100;gltB
blo01100;glxK
blo01100;hemN
blo01100;ilvE
blo01100;pntB
blo01100;pntA
blo01100;fadD2
blo01100;glgC
blo01100;BL0869
blo01100;pyrG
blo01100;BL0875
blo01100;aroQ
blo01100;aroK
blo01100;aroC
blo01100;BL0884
blo01100;xpt
blo01100;pncA
blo01100;proC
blo01100;cysD
blo01100;BL0934
blo01100;sdhA
blo01100;BL0939
blo01100;pfl
blo01100;nadE
blo01100;BL0959
blo01100;guaA
blo01100;prsA2
blo01100;glmU
blo01100;BL0966
blo01100;pta
blo01100;ackA
blo01100;BL0970
blo01100;lacZ
blo01100;glgX
blo01100;polA
blo01100;pyk
blo01100;BL0991
blo01100;folD
blo01100;ispF
blo01100;glgB
blo01100;sdaA
blo01100;eno
blo01100;nadD
blo01100;proA
blo01100;glyA
blo01100;thrC
blo01100;ppnK
blo01100;thiG
blo01100;argH
blo01100;argG
blo01100;argF
blo01100;argD
blo01100;argB
blo01100;argJ
blo01100;argC
blo01100;pdhD
blo01100;glnA1
blo01100;BL1090
blo01100;BL1103
blo01100;purT
blo01100;purC
blo01100;purL
blo01100;ahcY
blo01100;purF
blo01100;purM
blo01100;purD
blo01100;aldH
blo01100;purK
blo01100;purE
blo01100;dxs
blo01100;alr
blo01100;BL1152
blo01100;metB
blo01100;cbsSV
blo01100;BL1162
blo01100;glmS
blo01100;glmM
blo01100;pepN
blo01100;dapA
blo01100;dapB
blo01100;rpoC
blo01100;rpoB
blo01100;galK
blo01100;galT1
blo01100;BL1213
blo01100;leuB
blo01100;gcvH
blo01100;BL1222
blo01100;rmlB2
blo01100;hutH
blo01100;upp
blo01100;leuC
blo01100;leuD
blo01100;murA
blo01100;BL1268
blo01100;lysA
blo01100;thrA
blo01100;thrB
blo01100;dapE
blo01100;proB
blo01100;BL1293
blo01100;hisD
blo01100;hisC
blo01100;hisB
blo01100;hisH
blo01100;hisA
blo01100;glnA2
blo01100;ldh2
blo01100;serA
blo01100;murF
blo01100;mraY
blo01100;murD
blo01100;murG
blo01100;murC
blo01100;BL1339
blo01100;nagB
blo01100;folC
blo01100;BL1359
blo01100;ispH
blo01100;gap
blo01100;nadA
blo01100;nadB
blo01100;nadC
blo01100;BL1377
blo01100;pheA
blo01100;tyrA
blo01100;acn
blo01100;miaA
blo01100;pgsA3
blo01100;trpD
blo01100;BL1424
blo01100;idsA
blo01100;BL1431
blo01100;dut
blo01100;BL1447
blo01100;BL1454
blo01100;BL1473
blo01100;icd1
blo01100;BL1500
blo01100;fadD3
blo01100;pyrH
blo01100;cdsA
blo01100;dcd
blo01100;agl
blo01100;tdcB
blo01100;BL1533
blo01100;jadJ
blo01100;fas
blo01100;BL1559
blo01100;murB
blo01100;malQ1
blo01100;BL1573
blo01100;adh2
blo01100;adk
blo01100;rpoA
blo01100;ribF
blo01100;BL1623
blo01100;pgm
blo01100;galT2
blo01100;galE1
blo01100;BL1655
blo01100;gpmA
blo01100;serC
blo01100;thyA
blo01100;dfrA
blo01100;galE2
blo01100;hprT
blo01100;folE
blo01100;folP
blo01100;sulD
blo01100;glkA
blo01100;xylA
blo01100;xylB
blo01100;guaB
blo01100;gltA2
blo01100;BL1734
blo01100;fadD4
blo01100;nrdD
blo01100;BL1755
blo01100;bglX
blo01100;rbsK
blo01100;BL1776
blo01100;metK
blo01100;rpoZ
blo01100;ilvD
blo01100;serB
blo01100;BL1796
blo01100;purB
blo03030;ligA
blo03030;dnaQ
blo03030;dnaE
blo03030;rnhB
blo03030;ssb
blo03030;dnaB
blo03030;BL0483
blo03030;dnaX
blo03030;dnaN
blo03030;polA
blo03030;dnaG
blo03030;BL1454
blo03030;rnh
blo00240;codA
blo00240;carA
blo00240;carB
blo00240;BL0069
blo00240;dnaQ
blo00240;dnaE
blo00240;BL0483
blo00240;BL0484
blo00240;dnaX
blo00240;BL0614
blo00240;dnaN
blo00240;trxB
blo00240;nrdE
blo00240;nrdF
blo00240;pyrE
blo00240;pyrD
blo00240;pyrK
blo00240;pyrF
blo00240;pyrC
blo00240;pyrI
blo00240;pyrB
blo00240;pyrG
blo00240;polA
blo00240;rpoC
blo00240;rpoB
blo00240;BL1213
blo00240;upp
blo00240;dut
blo00240;BL1454
blo00240;pyrH
blo00240;dcd
blo00240;pnpA
blo00240;rpoA
blo00240;thyA
blo00240;nrdD
blo00240;rpoZ
blo00625;BL1090
blo00625;aldH
blo00625;adh2
blo03060;lspA
blo03060;lepB
blo03060;ffh
blo03060;ftsY
blo03060;BL0644
blo03060;secG
blo03060;BL0730
blo03060;sipY
blo03060;secE
blo03060;secA
blo03060;secY
blo03430;ligA
blo03430;dnaQ
blo03430;BL0092
blo03430;dnaE
blo03430;ssb
blo03430;BL0483
blo03430;dnaX
blo03430;dnaN
blo03430;pcrA
blo03430;BL1196
blo03430;BL1454
blo03430;xseB
blo03430;xseA
blo00010;ppgK
blo00010;BL0140
blo00010;pgi
blo00010;BL0472
blo00010;fba
blo00010;pgk
blo00010;tpiA
blo00010;ldh1
blo00010;BL0884
blo00010;BL0966
blo00010;pyk
blo00010;eno
blo00010;pdhD
blo00010;BL1090
blo00010;aldH
blo00010;ldh2
blo00010;BL1359
blo00010;gap
blo00010;BL1447
blo00010;adh2
blo00010;pgm
blo00010;gpmA
blo00010;glkA
blo01130;ppgK
blo01130;dapF
blo01130;ispC
blo01130;ispG
blo01130;BL0140
blo01130;rmlA
blo01130;BL0228
blo01130;rmlB1
blo01130;pgi
blo01130;ilvB
blo01130;ilvH
blo01130;aroG
blo01130;aroG2
blo01130;ispD
blo01130;BL0397
blo01130;prsA1
blo01130;zwf2
blo01130;BL0443
blo01130;gnt
blo01130;BL0472
blo01130;asd
blo01130;askB
blo01130;askA
blo01130;ilvC1
blo01130;ilvC2
blo01130;fba
blo01130;gntK
blo01130;ispE
blo01130;trpE
blo01130;aroE
blo01130;pgk
blo01130;tpiA
blo01130;ldh1
blo01130;BL0712
blo01130;tal
blo01130;tkt
blo01130;sucC
blo01130;sucD
blo01130;purH
blo01130;ugpA
blo01130;BL0744
blo01130;rpe
blo01130;trpA
blo01130;trpBC
blo01130;BL0783
blo01130;gltD
blo01130;gltB
blo01130;glxK
blo01130;ilvE
blo01130;aroQ
blo01130;aroK
blo01130;aroC
blo01130;BL0884
blo01130;proC
blo01130;sdhA
blo01130;BL0939
blo01130;prsA2
blo01130;glmU
blo01130;BL0966
blo01130;BL0970
blo01130;pyk
blo01130;ispF
blo01130;sdaA
blo01130;eno
blo01130;BL1028
blo01130;proA
blo01130;glyA
blo01130;argH
blo01130;argG
blo01130;argF
blo01130;argD
blo01130;argB
blo01130;argJ
blo01130;argC
blo01130;pdhD
blo01130;BL1090
blo01130;BL1103
blo01130;purT
blo01130;purC
blo01130;purL
blo01130;purF
blo01130;purM
blo01130;purD
blo01130;aldH
blo01130;purK
blo01130;purE
blo01130;dxs
blo01130;metB
blo01130;cbsSV
blo01130;glmS
blo01130;glmM
blo01130;dapA
blo01130;dapB
blo01130;gcvH
blo01130;rmlB2
blo01130;lysA
blo01130;thrA
blo01130;proB
blo01130;hisC
blo01130;ldh2
blo01130;serA
blo01130;nagA
blo01130;BL1359
blo01130;ispH
blo01130;gap
blo01130;pheA
blo01130;tyrA
blo01130;acn
blo01130;trpD
blo01130;idsA
blo01130;BL1447
blo01130;icd1
blo01130;tdcB
blo01130;jadJ
blo01130;BL1559
blo01130;adh2
blo01130;adk
blo01130;BL1623
blo01130;pgm
blo01130;gpmA
blo01130;serC
blo01130;glkA
blo01130;gltA2
blo01130;ilvD
blo01130;serB
blo01130;purB
blo00760;BL0287
blo00760;pntB
blo00760;pntA
blo00760;pncA
blo00760;nadE
blo00760;nadD
blo00760;ppnK
blo00760;BL1222
blo00760;nadA
blo00760;nadB
blo00760;nadC
blo00760;BL1413
blo00640;ldh1
blo00640;sucC
blo00640;sucD
blo00640;pfl
blo00640;pta
blo00640;ackA
blo00640;pdhD
blo00640;ldh2
blo00640;jadJ
blo00640;fucO
blo00520;ppgK
blo00520;pgi
blo00520;abfA1
blo00520;ugpA
blo00520;glgC
blo00520;glmU
blo00520;abfA2
blo00520;glmS
blo00520;glmM
blo00520;galK
blo00520;galT1
blo00520;gif
blo00520;murA
blo00520;BL1339
blo00520;nagB
blo00520;nagA
blo00520;xynD
blo00520;murB
blo00520;abfA3
blo00520;pgm
blo00520;galT2
blo00520;galE1
blo00520;galE2
blo00520;glkA
blo03410;ligA
blo03410;nth
blo03410;BL0757
blo03410;tag
blo03410;polA
blo03410;mutY
blo03410;BL1391
blo03410;ung
blo03018;groEL
blo03018;rho
blo03018;dnaK
blo03018;pcnA
blo03018;eno
blo03018;recQ
blo03018;BL1192
blo03018;ppk
blo03018;rne
blo03018;pnpA
blo00660;ilvB
blo00660;ilvH
blo00660;sucC
blo00660;sucD
blo00660;leuB
blo00660;leuC
blo00660;leuD
blo00564;BL0210
blo00564;gpsA
blo00564;BL0581
blo00564;pgsA
blo00564;pgsA3
blo00564;BL1424
blo00564;cdsA
blo00450;metC
blo00450;metG
blo00450;BL0614
blo00450;trxB
blo00450;metE
blo00450;BL0869
blo00450;metB
blo00450;BL1268
blo00450;BL1559
blo00450;BL1776
blo00630;BL0744
blo00630;glxK
blo00630;glyA
blo00630;pdhD
blo00630;glnA1
blo00630;gcvH
blo00630;glnA2
blo00630;acn
blo00630;jadJ
blo00630;fucO
blo00630;gltA2
blo00040;araA
blo00040;araD
blo00040;ugpA
blo00040;rpe
blo00040;aldH
blo00040;BL1293
blo00040;xylA
blo00040;xylB
blo00473;ddl
blo00473;alr
blo00521;rmlA
blo00521;BL0228
blo00521;rmlB1
blo00521;rmlB2
blo00521;pgm
blo00521;glkA
blo00521;BL1796
blo00052;cscA
blo00052;bgaB
blo00052;aglA
blo00052;ugpA
blo00052;lacZ
blo00052;bga
blo00052;galK
blo00052;galT1
blo00052;gif
blo00052;BL1359
blo00052;aga
blo00052;agl
blo00052;pgm
blo00052;galT2
blo00052;galE1
blo00052;galE2
blo00052;glkA
blo00020;sucC
blo00020;sucD
blo00020;sdhA
blo00020;BL0939
blo00020;pdhD
blo00020;acn
blo00020;icd1
blo00020;gltA2
blo00550;BL0282
blo00550;BL0284
blo00550;ddl
blo00550;pbpA
blo00550;BL0651
blo00550;bacA
blo00550;murA
blo00550;ftsI
blo00550;murF
blo00550;mraY
blo00550;murD
blo00550;murG
blo00550;murC
blo00550;murE
blo00550;murB
blo00550;BL1679
blo00071;fadD1
blo00071;fadD2
blo00071;BL1090
blo00071;aldH
blo00071;fadD3
blo00071;adh2
blo00071;fadD4
blo00300;dapF
blo00300;asd
blo00300;askB
blo00300;askA
blo00300;BL0875
blo00300;dapA
blo00300;dapB
blo00300;lysA
blo00300;thrA
blo00300;dapE
blo00300;murF
blo00300;murE
blo00300;BL1734
blo03420;ligA
blo03420;BL0092
blo03420;uvrA
blo03420;uvrC
blo03420;pcrA
blo03420;polA
blo03420;uvrB
blo03420;mfd
blo03420;BL1083
blo03420;BL1196
blo00280;ilvE
blo00280;pdhD
blo00280;aldH
blo00280;jadJ
blo00260;BL0140
blo00260;asd
blo00260;askB
blo00260;askA
blo00260;trpA
blo00260;trpBC
blo00260;glxK
blo00260;BL0884
blo00260;BL0966
blo00260;sdaA
blo00260;glyA
blo00260;thrC
blo00260;pdhD
blo00260;BL1103
blo00260;cbsSV
blo00260;gcvH
blo00260;thrA
blo00260;thrB
blo00260;serA
blo00260;BL1447
blo00260;tdcB
blo00260;BL1559
blo00260;gpmA
blo00260;serC
blo00260;serB
blo00730;thiD
blo00730;thiE/thiC
blo00730;thiM
blo00730;BL0804
blo00730;thiG
blo00730;dxs
blo00730;BL1377
blo00740;ribF
blo00332;proA
blo00332;proB
blo00121;BL0796
blo01210;ilvB
blo01210;ilvH
blo01210;leuA
blo01210;asd
blo01210;askB
blo01210;askA
blo01210;ilvC1
blo01210;ilvC2
blo01210;BL0712
blo01210;BL0783
blo01210;ilvE
blo01210;argD
blo01210;argB
blo01210;argJ
blo01210;argC
blo01210;leuB
blo01210;leuC
blo01210;leuD
blo01210;acn
blo01210;icd1
blo01210;gltA2
blo01210;ilvD
blo01040;BL0512
blo01040;tesB
blo00480;zwf2
blo00480;gnt
blo00480;pepN
blo00480;icd1
blo00480;BL1755
blo00430;pta
blo00430;ackA
blo01502;ddl
blo01502;alr
blo01502;murF
blo01502;mraY
blo01502;murG
blo02020;BL0030
blo02020;BL0031
blo02020;pstS
blo02020;BL0316
blo02020;BL0317
blo02020;glnD
blo02020;glnB
blo02020;degP
blo02020;dnaA
blo02020;glnA1
blo02020;glnA2
blo04122;thiS
blo04122;BL1377
blo03070;ffh
blo03070;ftsY
blo03070;BL0644
blo03070;secG
blo03070;BL0730
blo03070;secE
blo03070;secA
blo03070;secY
