stm00623;dlhH
stm00290;leuD
stm00290;leuC
stm00290;leuB
stm00290;leuA
stm00290;ilvI
stm00290;ilvH
stm00290;STM0329
stm00290;STM0330
stm00290;yfbQ
stm00290;tdcB
stm00290;STM3531
stm00290;avtA
stm00290;ilvN
stm00290;ilvB
stm00290;ilvG
stm00290;ilvM
stm00290;ilvE
stm00290;ilvD
stm00290;ilvA
stm00290;ilvC
stm00010;aceE
stm00010;aceF
stm00010;lpdA
stm00010;pgm
stm00010;gpmA
stm00010;galM
stm00010;agp
stm00010;ptsG
stm00010;yeaD
stm00010;gapA
stm00010;celF
stm00010;pfkB
stm00010;pykF
stm00010;adhP
stm00010;STM1627
stm00010;nifJ
stm00010;adhE
stm00010;pykA
stm00010;fbaB
stm00010;glk
stm00010;crr
stm00010;eutG
stm00010;STM2757
stm00010;STM2758
stm00010;eno
stm00010;bglA
stm00010;fba
stm00010;pgk
stm00010;STM3254
stm00010;pckA
stm00010;aldB
stm00010;pmgI
stm00010;STM3775
stm00010;yihR
stm00010;STM4044
stm00010;pfkA
stm00010;tpiA
stm00010;glpX
stm00010;pgi
stm00010;acs
stm00010;fbp
stm00010;gpmB
stm00540;lpxC
stm00540;lpxD
stm00540;lpxA
stm00540;lpxB
stm00540;yaeD
stm00540;gmhA
stm00540;lpxH
stm00540;lpxK
stm00540;kdsB
stm00540;htrB
stm00540;kdsA
stm00540;msbB
stm00540;rfaE
stm00540;kdsD
stm00540;kdsC
stm00540;yhjW
stm00540;rfaD
stm00540;rfaF
stm00540;rfaC
stm00540;rfaL
stm00540;rfaK
stm00540;rfaZ
stm00540;rfaY
stm00540;rfaJ
stm00540;rfaI
stm00540;rfaB
stm00540;rfaP
stm00540;rfaG
stm00540;rfaQ
stm00540;kdtA
stm00540;STM4118
stm00860;hemL
stm00860;hemB
stm00860;cyoE
stm00860;hemH
stm00860;cobC
stm00860;cobD
stm00860;cobA
stm00860;hemA
stm00860;cobT
stm00860;cobS
stm00860;cobU
stm00860;cbiP
stm00860;cbiL
stm00860;cbiK
stm00860;cbiJ
stm00860;cbiH
stm00860;cbiG
stm00860;cbiF
stm00860;cbiT
stm00860;cbiE
stm00860;cbiD
stm00860;cbiC
stm00860;cbiB
stm00860;cbiA
stm00860;pduX
stm00860;gltX
stm00860;hemF
stm00860;eutT
stm00860;yggW
stm00860;bfr
stm00860;cysG
stm00860;hemX
stm00860;hemD
stm00860;hemC
stm00860;fre
stm00860;hemG
stm00860;hemN
stm00860;STM4012
stm00860;hemE
stm00760;nadC
stm00760;ushA
stm00760;nadD
stm00760;nadA
stm00760;pncB
stm00760;pncA
stm00760;nadE
stm00760;pntA
stm00760;pntB
stm00760;yneI
stm00760;nadB
stm00760;ppnK
stm00760;gabD
stm00760;ygaD
stm00760;surE
stm00760;udhA
stm00760;nudC
stm00760;STM4519
stm00760;yjjG
stm00760;deoD
stm00760;nadR
stm00340;hutI
stm00340;hutG
stm00340;hutH
stm00340;hisG
stm00340;hisD
stm00340;hisC
stm00340;hisB
stm00340;hisH
stm00340;hisA
stm00340;hisF
stm00340;hisI
stm00625;STM0332
stm00625;adhP
stm00625;STM1627
stm00625;adhE
stm00625;STM4044
stm02020;-
stm02020;STM0052
stm02020;STM0053
stm02020;citC2
stm02020;citD2
stm02020;citE2
stm02020;citF2
stm02020;STM0062
stm02020;citG2
stm02020;htrA
stm02020;glnD
stm02020;rcsF
stm02020;STM0360
stm02020;STM0361
stm02020;phoB
stm02020;phoR
stm02020;fimZ
stm02020;STM0561
stm02020;fepA
stm02020;citT
stm02020;citG
stm02020;citX
stm02020;citF
stm02020;citE
stm02020;citD
stm02020;citC
stm02020;dpiB
stm02020;dpiA
stm02020;gltL
stm02020;gltK
stm02020;gltJ
stm02020;gltI
stm02020;kdpE
stm02020;kdpD
stm02020;kdpC
stm02020;kdpB
stm02020;kdpA
stm02020;kdpF
stm02020;cydA
stm02020;cydB
stm02020;ompF
stm02020;phoQ
stm02020;phoP
stm02020;pagD
stm02020;pagC
stm02020;ttrA
stm02020;ttrC
stm02020;ttrB
stm02020;ttrS
stm02020;ttrR
stm02020;ssrB
stm02020;ssrA
stm02020;rstB
stm02020;rstA
stm02020;STM1537
stm02020;sfcA
stm02020;fdnI
stm02020;fdnH
stm02020;fdnG
stm02020;narZ
stm02020;narY
stm02020;narW
stm02020;narV
stm02020;pdgL
stm02020;trg
stm02020;narI
stm02020;narJ
stm02020;narH
stm02020;narG
stm02020;narX
stm02020;narL
stm02020;STM1788
stm02020;STM1792
stm02020;STM1793
stm02020;pagO
stm02020;pagK
stm02020;cheY
stm02020;cheB
stm02020;cheR
stm02020;cheM
stm02020;cheW
stm02020;cheA
stm02020;motA
stm02020;flhC
stm02020;flhD
stm02020;uvrY
stm02020;sdiA
stm02020;fliA
stm02020;fliC
stm02020;rcsA
stm02020;STM2126
stm02020;yegN
stm02020;yegO
stm02020;yegB
stm02020;baeS
stm02020;baeR
stm02020;STM2198
stm02020;narP
stm02020;ompC
stm02020;rscD
stm02020;rcsB
stm02020;rcsC
stm02020;yfbE
stm02020;STM2314
stm02020;pgtE
stm02020;pgtA
stm02020;pgtB
stm02020;pgtC
stm02020;pgtP
stm02020;narQ
stm02020;acrD
stm02020;glnB
stm02020;glrR
stm02020;glrK
stm02020;STM2585A
stm02020;fljB
stm02020;iroN
stm02020;tctE
stm02020;tctD
stm02020;STM2786
stm02020;STM2787
stm02020;STM2788
stm02020;csrA
stm02020;barA
stm02020;yqeF
stm02020;STM3152
stm02020;ygiX
stm02020;ygiY
stm02020;tolC
stm02020;STM3216
stm02020;aer
stm02020;rpoN
stm02020;arcB
stm02020;crp
stm02020;envZ
stm02020;ompR
stm02020;STM3528
stm02020;tcp
stm02020;STM3599
stm02020;dctA
stm02020;uhpT
stm02020;uhpC
stm02020;uhpB
stm02020;uhpA
stm02020;torD
stm02020;torA
stm02020;torC
stm02020;torR
stm02020;torS
stm02020;dnaA
stm02020;pstS
stm02020;glnG
stm02020;glnL
stm02020;glnA
stm02020;cpxA
stm02020;cpxR
stm02020;zraP
stm02020;hydH
stm02020;hydG
stm02020;basS
stm02020;basR
stm02020;dcuB
stm02020;dcuR
stm02020;dcuS
stm02020;phoN
stm02020;frdD
stm02020;frdC
stm02020;frdB
stm02020;frdA
stm02020;tsr
stm02020;creB
stm02020;creC
stm02020;arcA
stm03018;dnaK
stm03018;pcnB
stm03018;rhlE
stm03018;rne
stm03018;ppk
stm03018;eno
stm03018;ygdP
stm03018;deaD
stm03018;pnp
stm03018;rhlB
stm03018;rho
stm03018;recQ
stm03018;pfkA
stm03018;groEL
stm03018;hfq
stm03018;vacB
stm00500;yajF
stm00500;malZ
stm00500;pgm
stm00500;ybhC
stm00500;STM1558
stm00500;STM1559
stm00500;STM1560
stm00500;galU
stm00500;treA
stm00500;otsA
stm00500;otsB
stm00500;amyA
stm00500;udg
stm00500;rfbF
stm00500;galF
stm00500;bglX
stm00500;glk
stm00500;crr
stm00500;STM2570
stm00500;STM2757
stm00500;malQ
stm00500;malP
stm00500;glgP
stm00500;glgA
stm00500;glgC
stm00500;glgX
stm00500;glgB
stm00500;treF
stm00500;STM3617
stm00500;bcsA
stm00500;malS
stm00500;yihQ
stm00500;STM4066
stm00500;pgi
stm00500;treC
stm00592;fadI
stm00592;pldA
stm00592;fadA
stm01130;thrA
stm01130;talB
stm01130;ispH
stm01130;dapB
stm01130;ilvI
stm01130;ilvH
stm01130;aceE
stm01130;aceF
stm01130;lpdA
stm01130;acnB
stm01130;gcd
stm01130;dxr
stm01130;accA
stm01130;proB
stm01130;proA
stm01130;proC
stm01130;aroL
stm01130;dxs
stm01130;ispA
stm01130;STM0458
stm01130;adk
stm01130;glxK
stm01130;purK
stm01130;purE
stm01130;entD
stm01130;entF
stm01130;entC
stm01130;entE
stm01130;entB
stm01130;entA
stm01130;nagA
stm01130;pgm
stm01130;speF
stm01130;gltA
stm01130;sdhC
stm01130;sdhD
stm01130;sdhA
stm01130;sdhB
stm01130;sucA
stm01130;sucB
stm01130;sucC
stm01130;sucD
stm01130;aroG
stm01130;STM0761
stm01130;STM0762
stm01130;gpmA
stm01130;galM
stm01130;ybhE
stm01130;STM0857
stm01130;ltaA
stm01130;serC
stm01130;aroA
stm01130;aspC
stm01130;purB
stm01130;icdA
stm01130;STM1269
stm01130;yeaD
stm01130;gapA
stm01130;katE
stm01130;pfkB
stm01130;aroH
stm01130;aroD
stm01130;aroE
stm01130;pykF
stm01130;fumA
stm01130;fumC
stm01130;adhP
stm01130;yncA
stm01130;STM1627
stm01130;nifJ
stm01130;acnA
stm01130;trpE
stm01130;trpD
stm01130;trpC
stm01130;trpB
stm01130;trpA
stm01130;adhE
stm01130;galU
stm01130;ipk
stm01130;prsA
stm01130;sdaA
stm01130;purT
stm01130;zwf
stm01130;pykA
stm01130;hisC
stm01130;gnd
stm01130;rfbC
stm01130;rfbA
stm01130;rfbD
stm01130;rfbB
stm01130;galF
stm01130;fbaB
stm01130;STM2196
stm01130;menF
stm01130;yfbQ
stm01130;STM2340
stm01130;STM2341
stm01130;STM2360
stm01130;purF
stm01130;accD
stm01130;aroC
stm01130;fadJ
stm01130;fadI
stm01130;glk
stm01130;cysK
stm01130;cysM
stm01130;eutG
stm01130;talA
stm01130;tktB
stm01130;purC
stm01130;dapA
stm01130;purM
stm01130;purN
stm01130;ispG
stm01130;ndk
stm01130;glyA
stm01130;purG
stm01130;pheA
stm01130;tyrA
stm01130;aroF
stm01130;STM2757
stm01130;ispF
stm01130;ispD
stm01130;cysN
stm01130;cysD
stm01130;eno
stm01130;STM2959
stm01130;sdaB
stm01130;argA
stm01130;lysA
stm01130;yqeF
stm01130;idi
stm01130;gcvP
stm01130;gcvH
stm01130;gcvT
stm01130;serA
stm01130;rpiA
stm01130;fba
stm01130;pgk
stm01130;tktA
stm01130;speC
stm01130;tdcG
stm01130;tdcB
stm01130;garK
stm01130;STM3254
stm01130;argG
stm01130;glmM
stm01130;gltB
stm01130;gltD
stm01130;mdh
stm01130;accB
stm01130;accC
stm01130;aroE
stm01130;argD
stm01130;gph
stm01130;rpe
stm01130;aroB
stm01130;aroK
stm01130;pckA
stm01130;STM3531
stm01130;STM3532
stm01130;asd
stm01130;gntK
stm01130;avtA
stm01130;pmgI
stm01130;ilvN
stm01130;ilvB
stm01130;aroE
stm01130;glmS
stm01130;glmU
stm01130;ilvG
stm01130;ilvM
stm01130;ilvE
stm01130;ilvD
stm01130;ilvA
stm01130;ilvC
stm01130;rffG
stm01130;dapF
stm01130;dlhH
stm01130;fadA
stm01130;fadB
stm01130;yihR
stm01130;STM4044
stm01130;pfkA
stm01130;STM4080
stm01130;tpiA
stm01130;glpX
stm01130;metB
stm01130;metL
stm01130;argE
stm01130;argC
stm01130;argB
stm01130;argH
stm01130;purD
stm01130;purH
stm01130;lysC
stm01130;pgi
stm01130;tyrB
stm01130;acs
stm01130;fumB
stm01130;frdD
stm01130;frdC
stm01130;frdB
stm01130;frdA
stm01130;cysQ
stm01130;fbp
stm01130;STM4425
stm01130;STM4433
stm01130;STM4465
stm01130;STM4467
stm01130;argI
stm01130;idnK
stm01130;serB
stm01130;gpmB
stm00260;thrA
stm00260;thrB
stm00260;thrC
stm00260;lpdA
stm00260;glxK
stm00260;gpmA
stm00260;ltaA
stm00260;serC
stm00260;ycdW
stm00260;ydfG
stm00260;trpB
stm00260;trpA
stm00260;sdaA
stm00260;STM2196
stm00260;glyA
stm00260;pssA
stm00260;STM2959
stm00260;sdaB
stm00260;gcvP
stm00260;gcvH
stm00260;gcvT
stm00260;serA
stm00260;tdcG
stm00260;tdcB
stm00260;garK
stm00260;asd
stm00260;pmgI
stm00260;tdh
stm00260;kbl
stm00260;dsdA
stm00260;ilvA
stm00260;metL
stm00260;lysC
stm00260;serB
stm00260;gpmB
stm00550;ftsI
stm00550;murE
stm00550;murF
stm00550;mraY
stm00550;murD
stm00550;murG
stm00550;murC
stm00550;ddl
stm00550;mrcB
stm00550;ddl
stm00550;dacA
stm00550;mrdA
stm00550;dacC
stm00550;ybjG
stm00550;STM1170
stm00550;STM1836
stm00550;STM1910
stm00550;dacD
stm00550;pbpC
stm00550;uppP
stm00550;dacB
stm00550;murA
stm00550;mtgA
stm00550;mrcA
stm00550;murB
stm00480;speE
stm00480;pepD
stm00480;speF
stm00480;yliJ
stm00480;pepN
stm00480;icdA
stm00480;btuE
stm00480;gst
stm00480;zwf
stm00480;gnd
stm00480;yfcF
stm00480;pepB
stm00480;gshA
stm00480;gshB
stm00480;speC
stm00480;gsp
stm00480;ggt
stm00480;gor
stm00480;STM4267
stm00480;pepA
stm02040;flgN
stm02040;flgM
stm02040;flgA
stm02040;flgB
stm02040;flgC
stm02040;flgD
stm02040;flgE
stm02040;flgF
stm02040;flgG
stm02040;flgH
stm02040;flgI
stm02040;flgK
stm02040;flgL
stm02040;flhA
stm02040;flhB
stm02040;motB
stm02040;motA
stm02040;flhC
stm02040;flhD
stm02040;fliC
stm02040;fliD
stm02040;fliS
stm02040;fliT
stm02040;fliE
stm02040;fliF
stm02040;fliG
stm02040;fliH
stm02040;fliI
stm02040;fliJ
stm02040;fliK
stm02040;fliM
stm02040;fliN
stm02040;fliO
stm02040;fliP
stm02040;fliQ
stm02040;fliR
stm02040;fljB
stm03030;PSLT064
stm03030;-
stm03030;rnhB
stm03030;dnaE
stm03030;rnhA
stm03030;dnaQ
stm03030;dnaX
stm03030;holA
stm03030;holB
stm03030;holE
stm03030;ligA
stm03030;dnaG
stm03030;ligB
stm03030;dnaN
stm03030;polA
stm03030;dnaB
stm03030;ssb
stm03030;holC
stm03030;holD
stm00220;arcC
stm00220;aspC
stm00220;gdhA
stm00220;yneH
stm00220;STM1795
stm00220;yfbQ
stm00220;argA
stm00220;argG
stm00220;argD
stm00220;glnA
stm00220;argE
stm00220;argC
stm00220;argB
stm00220;argH
stm00220;STM4465
stm00220;STM4466
stm00220;STM4467
stm00220;argI
stm00401;aspC
stm00401;hisC
stm00401;tyrA
stm00401;tyrB
stm00562;suhB
stm00562;tpiA
stm00562;STM4420
stm00562;STM4421
stm00562;STM4424.S
stm00562;STM4425
stm00562;STM4427
stm00562;STM4433
stm00562;STM4435
stm00280;lpdA
stm00280;STM0857
stm00280;fadJ
stm00280;fadI
stm00280;gabT
stm00280;yqeF
stm00280;ilvE
stm00280;fadA
stm00280;fadB
stm00280;STM4421
stm00350;aspC
stm00350;hpaC
stm00350;hpaB
stm00350;hpaG
stm00350;hpaE
stm00350;hpaD
stm00350;hpaF
stm00350;hpaH
stm00350;hpaI
stm00350;adhP
stm00350;STM1627
stm00350;adhE
stm00350;hisC
stm00350;STM2176
stm00350;STM2177
stm00350;STM2178
stm00350;gabD
stm00350;STM4044
stm00350;tyrB
stm00350;STM4519
stm03010;rpsT
stm03010;rpsB
stm03010;rrsH
stm03010;rrlH
stm03010;rrfH
stm03010;rpmE2
stm03010;rpmJ
stm03010;rpsA
stm03010;rpmF
stm03010;rpmI
stm03010;rplT
stm03010;rplY
stm03010;rrfG
stm03010;rrlG
stm03010;rrsG
stm03010;rplS
stm03010;rpsP
stm03010;rpsU
stm03010;rpsO
stm03010;rpmA
stm03010;rplU
stm03010;rpsI
stm03010;rplM
stm03010;rrfF
stm03010;rrfD
stm03010;rrlD
stm03010;rrsD
stm03010;rplQ
stm03010;rpsD
stm03010;rpsK
stm03010;rpsM
stm03010;rpmJ
stm03010;rplO
stm03010;rpmD
stm03010;rpsE
stm03010;rplR
stm03010;rplF
stm03010;rpsH
stm03010;rpsN
stm03010;rplE
stm03010;rplX
stm03010;rplN
stm03010;rpsQ
stm03010;rpmC
stm03010;rplP
stm03010;rpsC
stm03010;rplV
stm03010;rpsS
stm03010;rplB
stm03010;rplW
stm03010;rplD
stm03010;rplC
stm03010;rpsJ
stm03010;rpsG
stm03010;rpsL
stm03010;rpmG
stm03010;rpmB
stm03010;rpmH
stm03010;rrsC
stm03010;rrlC
stm03010;rrfC
stm03010;rrsA
stm03010;rrlA
stm03010;rrfA
stm03010;rpmE
stm03010;rrsB
stm03010;rrlB
stm03010;rrfB
stm03010;rplK
stm03010;rplA
stm03010;rplJ
stm03010;rplL
stm03010;rrsE
stm03010;rrlE
stm03010;rrfE
stm03010;rpsF
stm03010;rpsR
stm03010;rplI
stm00630;lpdA
stm00630;acnB
stm00630;gcl
stm00630;gip
stm00630;glxR
stm00630;glxK
stm00630;gltA
stm00630;ycdW
stm00630;katE
stm00630;acnA
stm00630;purU
stm00630;eda
stm00630;glyA
stm00630;ygbM
stm00630;STM2959
stm00630;fucO
stm00630;yqeF
stm00630;gcvP
stm00630;gcvH
stm00630;gcvT
stm00630;garK
stm00630;garR
stm00630;STM3354
stm00630;STM3355
stm00630;mdh
stm00630;gph
stm00630;glnA
stm00630;fdoI
stm00630;fdoH
stm00630;fdoG
stm00630;aceB
stm00630;aceA
stm00630;fdhF
stm00130;entC
stm00130;ubiF
stm00130;STM1119
stm00130;STM1366
stm00130;ubiG
stm00130;menE
stm00130;menC
stm00130;menB
stm00130;yfbB
stm00130;menD
stm00130;menF
stm00130;ubiX
stm00130;STM2921
stm00130;visC
stm00130;ubiH
stm00130;ubiE
stm00130;yigC
stm00130;menA
stm00130;ubiC
stm00130;ubiA
stm00130;ytfG
stm00040;araD
stm00040;araA
stm00040;araB
stm00040;ybhC
stm00040;rspA
stm00040;rspB
stm00040;ydfI
stm00040;galU
stm00040;udg
stm00040;galF
stm00040;kduD
stm00040;kduI
stm00040;STM3135
stm00040;STM3136
stm00040;STM3137
stm00040;rpe
stm00040;xylB
stm00040;xylA
stm00040;yiaK
stm00040;lyxK
stm00040;sgbH
stm00040;sgbU
stm00040;sgbE
stm00040;rhaD
stm00040;rhaB
stm00040;STM4080
stm00970;ileS
stm00970;proS
stm00970;ileV
stm00970;alaV
stm00970;aspU
stm00970;aspV
stm00970;thrW
stm00970;cysS
stm00970;argU
stm00970;leuS
stm00970;glnX
stm00970;glnV
stm00970;metU
stm00970;glnW
stm00970;glnU
stm00970;leuW
stm00970;metT
stm00970;glnS
stm00970;lysT
stm00970;valT
stm00970;lysW
stm00970;lysY
stm00970;lysZ
stm00970;serW
stm00970;serS
stm00970;asnC
stm00970;serT
stm00970;serX
stm00970;STM1247
stm00970;STM1262
stm00970;thrS
stm00970;pheS
stm00970;pheT
stm00970;valW
stm00970;valV
stm00970;tyrS
stm00970;tyrT
stm00970;tyrV
stm00970;aspS
stm00970;argS
stm00970;leuZ
stm00970;cysT
stm00970;glyW
stm00970;serU
stm00970;asnT
stm00970;asnT
stm00970;asnW
stm00970;asnU
stm00970;metG
stm00970;tRNAPro2
stm00970;argW
stm00970;alaX
stm00970;alaW
stm00970;gltX
stm00970;valU
stm00970;valX
stm00970;valY
stm00970;lysV
stm00970;hisS
stm00970;STM2615
stm00970;gltW
stm00970;STM2821
stm00970;STM2822
stm00970;STM2823
stm00970;STM2824
stm00970;STM2825
stm00970;alaS
stm00970;metZ
stm00970;metW
stm00970;glyU
stm00970;lysS
stm00970;pheV
stm00970;STM3213
stm00970;metY
stm00970;leuU
stm00970;thrV
stm00970;STM3397
stm00970;fmt
stm00970;trpS
stm00970;proK
stm00970;glyS
stm00970;glyQ
stm00970;selA
stm00970;selC
stm00970;gltU
stm00970;aspT
stm00970;trpT
stm00970;argX
stm00970;hisR
stm00970;leuT
stm00970;proM
stm00970;ileT
stm00970;alaT
stm00970;ileU
stm00970;STM4134
stm00970;thrU
stm00970;tyrU
stm00970;glyT
stm00970;thrT
stm00970;gltV
stm00970;pheR
stm00970;glyV
stm00970;glyX
stm00970;glyY
stm00970;STM4446
stm00970;valS
stm00970;leuX
stm00970;trpS2
stm00970;leuV
stm00970;leuP
stm00970;leuQ
stm00330;speD
stm00330;speE
stm00330;proB
stm00330;proA
stm00330;proC
stm00330;speF
stm00330;aspC
stm00330;argD
stm00330;astA
stm00330;astD
stm00330;astB
stm00330;astE
stm00330;STM1380
stm00330;speG
stm00330;ydcW
stm00330;speB
stm00330;speA
stm00330;speC
stm00330;STM3128
stm00330;oat
stm00330;STM3334
stm00330;adi
stm01212;fabZ
stm01212;accA
stm01212;fadE
stm01212;STM0857
stm01212;fabA
stm01212;fabH
stm01212;fabD
stm01212;fabG
stm01212;fabF
stm01212;fabI
stm01212;fadD
stm01212;accD
stm01212;fabB
stm01212;fadJ
stm01212;fadI
stm01212;yqeF
stm01212;accB
stm01212;accC
stm01212;fadA
stm01212;fadB
stm00670;folA
stm00670;folD
stm00670;purU
stm00670;purT
stm00670;purN
stm00670;glyA
stm00670;thyA
stm00670;gcvT
stm00670;ygfA
stm00670;fmt
stm00670;metF
stm00670;purH
stm00670;metH
stm03020;rpoA
stm03020;rpoZ
stm03020;rpoB
stm03020;rpoC
stm00450;trxB
stm00450;selD
stm00450;sufS
stm00450;STM1498
stm00450;STM1499
stm00450;STM1557
stm00450;metG
stm00450;cysN
stm00450;cysD
stm00450;metC
stm00450;selA
stm00450;metE
stm00450;metB
stm00450;metH
stm00450;STM4446
stm00362;fadJ
stm00362;fadI
stm00362;yqeF
stm00362;fadA
stm00362;fadB
stm00903;fadJ
stm00903;fadB
stm00061;fabZ
stm00061;accA
stm00061;fabA
stm00061;fabH
stm00061;fabD
stm00061;fabG
stm00061;fabF
stm00061;fabI
stm00061;fadD
stm00061;accD
stm00061;fabB
stm00061;accB
stm00061;accC
stm00332;proB
stm00332;proA
stm00900;ispH
stm00900;dxr
stm00900;uppS
stm00900;dxs
stm00900;ispA
stm00900;ipk
stm00900;ispG
stm00900;ispF
stm00900;ispD
stm00900;yqeF
stm00900;idi
stm00900;ispB
stm00620;STM0054
stm00620;STM0055
stm00620;STM0056
stm00620;leuA
stm00620;aceE
stm00620;aceF
stm00620;lpdA
stm00620;accA
stm00620;gloB
stm00620;STM0761
stm00620;STM0762
stm00620;dcoC
stm00620;dcoB
stm00620;pflF
stm00620;poxB
stm00620;pflB
stm00620;yccX
stm00620;ycdW
stm00620;pps
stm00620;pykF
stm00620;gloA
stm00620;fumA
stm00620;fumC
stm00620;sfcA
stm00620;ldhA
stm00620;nifJ
stm00620;adhE
stm00620;pykA
stm00620;dld
stm00620;ackA
stm00620;pta
stm00620;accD
stm00620;eutE
stm00620;eutD
stm00620;maeB
stm00620;yqeF
stm00620;tdcE
stm00620;oadB
stm00620;oadA
stm00620;oadG
stm00620;mdh
stm00620;accB
stm00620;accC
stm00620;pckA
stm00620;aldB
stm00620;lldD
stm00620;pflD
stm00620;ppc
stm00620;aceB
stm00620;acs
stm00620;fumB
stm00620;frdD
stm00620;frdC
stm00620;frdB
stm00620;frdA
stm00640;lpdA
stm00640;acnB
stm00640;accA
stm00640;prpB
stm00640;prpC
stm00640;prpD
stm00640;prpE
stm00640;sucC
stm00640;sucD
stm00640;pflF
stm00640;STM0857
stm00640;pflB
stm00640;mgsA
stm00640;ydiF
stm00640;pduC
stm00640;pduD
stm00640;pduE
stm00640;pduL
stm00640;pduP
stm00640;pduQ
stm00640;pduW
stm00640;ackA
stm00640;pta
stm00640;accD
stm00640;fadJ
stm00640;gabT
stm00640;fucO
stm00640;yqeF
stm00640;yqhD
stm00640;tdcE
stm00640;tdcD
stm00640;yhdH
stm00640;accB
stm00640;accC
stm00640;gldA
stm00640;fadB
stm00640;gldA
stm00640;pflD
stm00640;acs
stm00640;STM4421
stm00785;lipA
stm00785;lipB
stm00785;lplA
stm01200;talB
stm01200;aceE
stm01200;aceF
stm01200;lpdA
stm01200;acnB
stm01200;accA
stm01200;STM0458
stm01200;arcC
stm01200;folD
stm01200;gltA
stm01200;sdhC
stm01200;sdhD
stm01200;sdhA
stm01200;sdhB
stm01200;sucA
stm01200;sucB
stm01200;sucC
stm01200;sucD
stm01200;STM0761
stm01200;STM0762
stm01200;gpmA
stm01200;ybhE
stm01200;STM0857
stm01200;serC
stm01200;icdA
stm01200;gapA
stm01200;katE
stm01200;pfkB
stm01200;pps
stm01200;pykF
stm01200;fumA
stm01200;fumC
stm01200;sfcA
stm01200;STM1627
stm01200;nifJ
stm01200;acnA
stm01200;prsA
stm01200;STM1795
stm01200;sdaA
stm01200;eda
stm01200;edd
stm01200;zwf
stm01200;pykA
stm01200;gnd
stm01200;fbaB
stm01200;yeiG
stm01200;STM2196
stm01200;ackA
stm01200;pta
stm01200;STM2340
stm01200;STM2341
stm01200;accD
stm01200;fadJ
stm01200;glk
stm01200;cysK
stm01200;cysM
stm01200;maeB
stm01200;talA
stm01200;tktB
stm01200;glyA
stm01200;STM2755
stm01200;STM2756
stm01200;STM2757
stm01200;eno
stm01200;sdaB
stm01200;yqeF
stm01200;gcvP
stm01200;gcvT
stm01200;serA
stm01200;rpiA
stm01200;fba
stm01200;pgk
stm01200;tktA
stm01200;tdcG
stm01200;tdcB
stm01200;STM3254
stm01200;mdh
stm01200;accB
stm01200;accC
stm01200;prkB
stm01200;rpe
stm01200;pckA
stm01200;gntK
stm01200;kdgK
stm01200;cysE
stm01200;pmgI
stm01200;ilvA
stm01200;fadB
stm01200;yihU
stm01200;fdoI
stm01200;fdoH
stm01200;fdoG
stm01200;pfkA
stm01200;STM4080
stm01200;tpiA
stm01200;glpX
stm01200;metF
stm01200;ppc
stm01200;aceB
stm01200;aceA
stm01200;pgi
stm01200;acs
stm01200;fdhF
stm01200;fumB
stm01200;frdD
stm01200;frdC
stm01200;frdB
stm01200;frdA
stm01200;fbp
stm01200;STM4421
stm01200;STM4466
stm01200;idnK
stm01200;serB
stm01200;gpmB
stm00071;fadE
stm00071;STM0857
stm00071;adhP
stm00071;STM1627
stm00071;adhE
stm00071;fadD
stm00071;fadJ
stm00071;fadI
stm00071;aas
stm00071;yqeF
stm00071;fadA
stm00071;fadB
stm00071;STM4044
stm00930;fadJ
stm00930;fadB
stm00770;ilvI
stm00770;ilvH
stm00770;coaE
stm00770;panD
stm00770;panC
stm00770;panB
stm00770;yajB
stm00770;apbA
stm00770;STM2186
stm00770;yeiA
stm00770;STM2573
stm00770;acpS
stm00770;STM3531
stm00770;acpT
stm00770;coaD
stm00770;dfp
stm00770;ilvN
stm00770;ilvB
stm00770;ilvG
stm00770;ilvM
stm00770;ilvE
stm00770;ilvD
stm00770;ilvC
stm00770;coaA
stm00261;thrA
stm00261;dapB
stm00261;dapA
stm00261;cysN
stm00261;cysD
stm00261;STM3532
stm00261;asd
stm00261;metL
stm00261;lysC
stm00460;ansA
stm00460;bglX
stm00460;glyA
stm00460;ansB
stm00460;ggt
stm00460;STM3598
stm00460;asnA
stm01502;murF
stm01502;mraY
stm01502;murG
stm01502;ddl
stm01502;ddl
stm01502;pdgL
stm01502;dadX
stm01502;alr
stm00361;STM0332
stm00361;dlhH
stm00380;sucA
stm00380;katE
stm00380;fadJ
stm00380;STM2405
stm00380;yqeF
stm00380;fadB
stm00380;katG
stm01054;STM4510
stm00523;rfbC
stm00523;rfbA
stm00523;rfbD
stm00523;rfbB
stm00523;rffG
stm00730;thiL
stm00730;dxs
stm00730;thiI
stm00730;thiK
stm00730;thiD
stm00730;thiM
stm00730;nifS
stm00730;thiH
stm00730;thiG
stm00730;thiF
stm00730;thiE
stm00730;thiC
stm00300;thrA
stm00300;dapB
stm00300;murE
stm00300;murF
stm00300;dapD
stm00300;STM2360
stm00300;dapE
stm00300;dapA
stm00300;lysA
stm00300;argD
stm00300;STM3532
stm00300;asd
stm00300;dapF
stm00300;metL
stm00300;lysC
stm00633;nfnB
stm00633;mdaA
stm00633;nemA
stm00633;STM1538
stm00633;STM1539
stm00633;STM1786
stm00633;STM1787
stm00633;hybC
stm00633;hypO
stm01040;tesB
stm01040;tesA
stm01040;fabG
stm01040;yciA
stm01040;fadJ
stm01040;fadB
stm02060;STM0574
stm02060;STM0575
stm02060;STM0576
stm02060;STM0577
stm02060;nagE
stm02060;ulaA
stm02060;STM0885
stm02060;ptsG
stm02060;celA
stm02060;celB
stm02060;celC
stm02060;STM1613
stm02060;STM1614
stm02060;STM1616
stm02060;manX
stm02060;manY
stm02060;manZ
stm02060;fruA
stm02060;fruF
stm02060;ulaA
stm02060;STM2343
stm02060;STM2344
stm02060;ptsH
stm02060;ptsI
stm02060;crr
stm02060;STM2570
stm02060;STM2750
stm02060;STM2751
stm02060;STM2752
stm02060;STM2758
stm02060;srlA
stm02060;srlE
stm02060;slrB
stm02060;ptsP
stm02060;STM3255
stm02060;STM3258
stm02060;STM3259
stm02060;STM3260
stm02060;ptsN
stm02060;ptsO
stm02060;mtlA
stm02060;STM3769.S
stm02060;STM3770
stm02060;STM3771
stm02060;STM3772
stm02060;STM3782
stm02060;STM3783
stm02060;STM3784
stm02060;STM3858
stm02060;ptsA
stm02060;ulaA
stm02060;sgaB
stm02060;ptxA
stm02060;STM4535
stm02060;STM4536
stm02060;STM4537
stm02060;STM4538
stm00780;fabZ
stm00780;bioA
stm00780;bioB
stm00780;bioF
stm00780;bioC
stm00780;bioD
stm00780;fabG
stm00780;fabF
stm00780;bioD
stm00780;fabI
stm00780;fabB
stm00780;bioH
stm00780;bisC
stm00780;birA
stm01120;thrA
stm01120;thrB
stm01120;thrC
stm01120;talB
stm01120;dapB
stm01120;aceE
stm01120;aceF
stm01120;lpdA
stm01120;acnB
stm01120;dapD
stm01120;accA
stm01120;STM0332
stm01120;phnW
stm01120;phnX
stm01120;STM0458
stm01120;allB
stm01120;STM0526
stm01120;allC
stm01120;allD
stm01120;arcC
stm01120;folD
stm01120;nfnB
stm01120;pgm
stm01120;gltA
stm01120;sdhC
stm01120;sdhD
stm01120;sdhA
stm01120;sdhB
stm01120;sucA
stm01120;sucB
stm01120;sucC
stm01120;sucD
stm01120;tolQ
stm01120;STM0761
stm01120;STM0762
stm01120;gpmA
stm01120;galM
stm01120;ybhE
stm01120;mdaA
stm01120;ulaA
stm01120;STM0885
stm01120;ltaA
stm01120;serC
stm01120;mgsA
stm01120;yccX
stm01120;STM1097
stm01120;hpaC
stm01120;hpaB
stm01120;hpaG
stm01120;hpaE
stm01120;hpaD
stm01120;hpaF
stm01120;hpaH
stm01120;hpaI
stm01120;agp
stm01120;ycdW
stm01120;icdA
stm01120;yeaD
stm01120;gapA
stm01120;pfkB
stm01120;pps
stm01120;ydiF
stm01120;pykF
stm01120;ttrA
stm01120;ttrC
stm01120;ttrB
stm01120;nemA
stm01120;pdxH
stm01120;fumA
stm01120;fumC
stm01120;yneI
stm01120;STM1538
stm01120;STM1539
stm01120;adhP
stm01120;narZ
stm01120;narY
stm01120;narW
stm01120;narV
stm01120;STM1627
stm01120;ldhA
stm01120;nifJ
stm01120;acnA
stm01120;adhE
stm01120;narI
stm01120;narJ
stm01120;narH
stm01120;narG
stm01120;prsA
stm01120;STM1786
stm01120;STM1787
stm01120;eda
stm01120;edd
stm01120;zwf
stm01120;pykA
stm01120;phsC
stm01120;phsB
stm01120;phsA
stm01120;gnd
stm01120;fbaB
stm01120;dld
stm01120;STM2175
stm01120;STM2176
stm01120;STM2177
stm01120;STM2178
stm01120;yeiG
stm01120;fruA
stm01120;fruF
stm01120;napB
stm01120;napA
stm01120;STM2289
stm01120;yfaW
stm01120;ackA
stm01120;pta
stm01120;STM2340
stm01120;STM2341
stm01120;ulaA
stm01120;STM2343
stm01120;STM2344
stm01120;STM2360
stm01120;accD
stm01120;fadJ
stm01120;fadI
stm01120;glk
stm01120;cysK
stm01120;cysM
stm01120;eutG
stm01120;eutE
stm01120;maeB
stm01120;talA
stm01120;tktB
stm01120;dapE
stm01120;dapA
stm01120;sseA
stm01120;asrA
stm01120;asrB
stm01120;asrC
stm01120;glyA
stm01120;STM2755
stm01120;STM2756
stm01120;STM2757
stm01120;gabD
stm01120;gabT
stm01120;cysC
stm01120;cysN
stm01120;cysD
stm01120;cysH
stm01120;cysI
stm01120;cysJ
stm01120;eno
stm01120;fucO
stm01120;fucA
stm01120;fucI
stm01120;fucK
stm01120;lysA
stm01120;yqeF
stm01120;serA
stm01120;rpiA
stm01120;fba
stm01120;pgk
stm01120;tktA
stm01120;STM3129
stm01120;hybC
stm01120;hypO
stm01120;STM3254
stm01120;STM3255
stm01120;gltB
stm01120;gltD
stm01120;mdh
stm01120;accB
stm01120;accC
stm01120;prkB
stm01120;argD
stm01120;nirB
stm01120;nirD
stm01120;rpe
stm01120;pckA
stm01120;glpE
stm01120;STM3532
stm01120;asd
stm01120;gntK
stm01120;kdgK
stm01120;yiaE
stm01120;aldB
stm01120;cysE
stm01120;pmgI
stm01120;STM3767
stm01120;STM3768
stm01120;STM3769.S
stm01120;STM3770
stm01120;STM3771
stm01120;STM3772
stm01120;dgoA
stm01120;STM3858
stm01120;dapF
stm01120;dlhH
stm01120;fadA
stm01120;fadB
stm01120;glnA
stm01120;yihR
stm01120;fdoI
stm01120;fdoH
stm01120;fdoG
stm01120;STM4044
stm01120;rhaD
stm01120;rhaA
stm01120;rhaB
stm01120;pfkA
stm01120;STM4080
stm01120;tpiA
stm01120;glpX
stm01120;metL
stm01120;metF
stm01120;ppc
stm01120;aceB
stm01120;aceA
stm01120;lysC
stm01120;pgi
stm01120;aphA
stm01120;acs
stm01120;nrfA
stm01120;fdhF
stm01120;STM4289
stm01120;fumB
stm01120;phoN
stm01120;frdD
stm01120;frdC
stm01120;frdB
stm01120;frdA
stm01120;yjfR
stm01120;ulaA
stm01120;sgaB
stm01120;ptxA
stm01120;ulaD
stm01120;sgaU
stm01120;sgaE
stm01120;cysQ
stm01120;fbp
stm01120;STM4420
stm01120;STM4424.S
stm01120;STM4425
stm01120;STM4427
stm01120;STM4433
stm01120;STM4435
stm01120;STM4466
stm01120;idnK
stm01120;STM4519
stm01120;serB
stm01120;gpmB
stm00624;STM2175
stm00030;talB
stm00030;gcd
stm00030;pgm
stm00030;ybhE
stm00030;pfkB
stm00030;prsA
stm00030;eda
stm00030;edd
stm00030;zwf
stm00030;gnd
stm00030;fbaB
stm00030;STM2340
stm00030;STM2341
stm00030;talA
stm00030;tktB
stm00030;STM2755
stm00030;STM2756
stm00030;STM2757
stm00030;rpiA
stm00030;fba
stm00030;tktA
stm00030;STM3254
stm00030;rpe
stm00030;gntK
stm00030;kdgK
stm00030;yiaE
stm00030;STM3767
stm00030;STM3768
stm00030;STM3769.S
stm00030;STM3770
stm00030;STM3771
stm00030;STM3772
stm00030;STM3793
stm00030;rbsK
stm00030;pfkA
stm00030;STM4080
stm00030;glpX
stm00030;pgi
stm00030;fbp
stm00030;idnK
stm00030;deoC
stm00030;deoB
stm00364;dlhH
stm00053;ulaA
stm00053;STM0885
stm00053;udg
stm00053;ulaA
stm00053;STM2343
stm00053;STM2344
stm00053;gudD
stm00053;garL
stm00053;garD
stm00053;yiaK
stm00053;lyxK
stm00053;STM3697
stm00053;yjfR
stm00053;ulaA
stm00053;sgaB
stm00053;ptxA
stm00053;ulaD
stm00053;sgaU
stm00053;sgaE
stm03430;PSLT064
stm03430;-
stm03430;dnaE
stm03430;dnaQ
stm03430;xseB
stm03430;dnaX
stm03430;holA
stm03430;holB
stm03430;holE
stm03430;exoX
stm03430;sbcB
stm03430;ligA
stm03430;xseA
stm03430;STM2730
stm03430;mutS
stm03430;mutH
stm03430;recJ
stm03430;dam
stm03430;ligB
stm03430;dnaN
stm03430;uvrD
stm03430;ssb
stm03430;mutL
stm03430;holC
stm03430;holD
stm01210;leuD
stm01210;leuC
stm01210;leuB
stm01210;leuA
stm01210;ilvI
stm01210;ilvH
stm01210;acnB
stm01210;STM0329
stm01210;STM0330
stm01210;gltA
stm01210;aspC
stm01210;icdA
stm01210;acnA
stm01210;yfbQ
stm01210;argA
stm01210;argD
stm01210;STM3531
stm01210;asd
stm01210;ilvN
stm01210;ilvB
stm01210;ilvG
stm01210;ilvM
stm01210;ilvE
stm01210;ilvD
stm01210;ilvC
stm01210;argE
stm01210;argC
stm01210;argB
stm01210;lysC
stm00920;STM0458
stm00920;dmsA
stm00920;dmsB
stm00920;dmsC
stm00920;ttrA
stm00920;ttrC
stm00920;ttrB
stm00920;STM1497
stm00920;phsC
stm00920;phsB
stm00920;phsA
stm00920;cysK
stm00920;cysM
stm00920;cysA
stm00920;cysW
stm00920;cysU
stm00920;cysP
stm00920;STM2528
stm00920;STM2529
stm00920;STM2530
stm00920;sseA
stm00920;asrA
stm00920;asrB
stm00920;asrC
stm00920;cysC
stm00920;cysN
stm00920;cysD
stm00920;cysH
stm00920;cysI
stm00920;cysJ
stm00920;glpE
stm00920;cysE
stm00920;sbp
stm00920;metB
stm00920;metA
stm00920;STM4305.S
stm00920;STM4306
stm00920;STM4307
stm00920;cysQ
stm00190;STM0360
stm00190;STM0361
stm00190;cyoE
stm00190;cyoD
stm00190;cyoC
stm00190;cyoB
stm00190;cyoA
stm00190;sdhC
stm00190;sdhD
stm00190;sdhA
stm00190;sdhB
stm00190;cydA
stm00190;cydB
stm00190;ndh
stm00190;STM1792
stm00190;STM1793
stm00190;nuoN
stm00190;nuoM
stm00190;nuoL
stm00190;nuoK
stm00190;nuoJ
stm00190;nuoI
stm00190;nuoH
stm00190;nuoG
stm00190;nuoF
stm00190;nuoE
stm00190;nuoC
stm00190;nuoB
stm00190;nuoA
stm00190;ppk
stm00190;atpC
stm00190;atpD
stm00190;atpG
stm00190;atpA
stm00190;atpH
stm00190;atpF
stm00190;atpE
stm00190;atpB
stm00190;frdD
stm00190;frdC
stm00190;frdB
stm00190;frdA
stm00190;ppa
stm01503;htrA
stm01503;lpxA
stm01503;acrB
stm01503;acrA
stm01503;pagP
stm01503;ycfS
stm01503;phoQ
stm01503;phoP
stm01503;marA
stm01503;sapA
stm01503;sapB
stm01503;sapC
stm01503;sapD
stm01503;sapF
stm01503;yfbE
stm01503;pmrF
stm01503;yfbG
stm01503;STM2300
stm01503;arnT
stm01503;STM2302
stm01503;STM2303
stm01503;pmrD
stm01503;pgtE
stm01503;amiA
stm01503;amiC
stm01503;tolC
stm01503;STM3193
stm01503;ppiA
stm01503;yhjW
stm01503;dsbA
stm01503;cpxA
stm01503;cpxR
stm01503;basS
stm01503;basR
stm01503;eptA
stm01503;amiB
stm05100;sopB
stm05100;sopE2
stm05100;sinH
stm05100;sptP
stm05100;sipA
stm05100;sipD
stm05100;sipC
stm05100;sipB
stm05100;sopD
stm00520;yajF
stm00520;STM0574
stm00520;STM0575
stm00520;STM0576
stm00520;STM0577
stm00520;nagA
stm00520;nagB
stm00520;nagE
stm00520;pgm
stm00520;STM0719
stm00520;galK
stm00520;galT
stm00520;galE
stm00520;STM1129
stm00520;ptsG
stm00520;nagZ
stm00520;ycfX
stm00520;manA
stm00520;galU
stm00520;manX
stm00520;manY
stm00520;manZ
stm00520;udg
stm00520;rfbK
stm00520;rfbM
stm00520;rfbJ
stm00520;rfbH
stm00520;rfbG
stm00520;rfbF
stm00520;rfbI
stm00520;galF
stm00520;cpsG
stm00520;manC
stm00520;wcaG
stm00520;gmd
stm00520;yfbE
stm00520;pmrF
stm00520;yfbG
stm00520;STM2300
stm00520;glk
stm00520;crr
stm00520;murQ
stm00520;STM2757
stm00520;STM2758
stm00520;glmM
stm00520;murA
stm00520;nanK
stm00520;nanE
stm00520;nanA
stm00520;glgC
stm00520;glmS
stm00520;glmU
stm00520;wecB
stm00520;wecC
stm00520;STM4066
stm00520;murB
stm00520;pgi
stm00680;gpmA
stm00680;serC
stm00680;pfkB
stm00680;pps
stm00680;STM1627
stm00680;fbaB
stm00680;yeiG
stm00680;ackA
stm00680;pta
stm00680;glyA
stm00680;STM2755
stm00680;STM2756
stm00680;eno
stm00680;serA
stm00680;fba
stm00680;STM3254
stm00680;mdh
stm00680;pmgI
stm00680;fdoI
stm00680;fdoH
stm00680;fdoG
stm00680;pfkA
stm00680;glpX
stm00680;ppc
stm00680;acs
stm00680;fdhF
stm00680;fbp
stm00680;serB
stm00680;gpmB
stm03070;yacA
stm03070;secA
stm03070;STM0272
stm03070;STM0276
stm03070;STM0279
stm03070;STM0280
stm03070;STM0282
stm03070;STM0285
stm03070;STM0289
stm03070;yajC
stm03070;secD
stm03070;secF
stm03070;tatE
stm03070;ssaC
stm03070;ssaG
stm03070;ssaJ
stm03070;ssaV
stm03070;ssaN
stm03070;ssaQ
stm03070;ssaR
stm03070;ssaS
stm03070;ssaT
stm03070;ssaU
stm03070;ffh
stm03070;prgK
stm03070;prgI
stm03070;spaS
stm03070;spaR
stm03070;spaQ
stm03070;spaP
stm03070;spaO
stm03070;invC
stm03070;invA
stm03070;invE
stm03070;invG
stm03070;STM3131
stm03070;tolC
stm03070;secG
stm03070;secY
stm03070;ftsY
stm03070;secB
stm03070;yidC
stm03070;tatA
stm03070;tatB
stm03070;tatC
stm03070;secE
stm01501;ftsI
stm01501;STM0350.S
stm01501;ampG
stm01501;STM04675
stm01501;acrB
stm01501;acrA
stm01501;mrdA
stm01501;ompF
stm01501;nagZ
stm01501;mppA
stm01501;oppF
stm01501;oppD
stm01501;oppC
stm01501;oppB
stm01501;oppA
stm01501;STM1836
stm01501;STM1910
stm01501;ompC
stm01501;tolC
stm01501;mrcA
stm01501;STM3737
stm00626;adhP
stm00626;STM1627
stm00626;adhE
stm00626;STM2175
stm00626;STM4044
stm00052;malZ
stm00052;pgm
stm00052;STM0719
stm00052;galM
stm00052;galK
stm00052;galT
stm00052;galE
stm00052;pfkB
stm00052;STM1613
stm00052;STM1614
stm00052;STM1616
stm00052;galU
stm00052;galF
stm00052;glk
stm00052;gatY
stm00052;STM3254
stm00052;gatZ
stm00052;STM3258
stm00052;STM3259
stm00052;STM3260
stm00052;STM3261
stm00052;STM3782
stm00052;STM3783
stm00052;STM3784
stm00052;dgoA
stm00052;dgoK
stm00052;yihQ
stm00052;yihR
stm00052;pfkA
stm00052;melA
stm00565;pldA
stm00600;nanH
stm00600;STM3122
stm00600;melA
stm00600;srfJ
stm00511;nanH
stm00511;srfJ
stm00910;mig
stm00910;yadF
stm00910;arcC
stm00910;hcp
stm00910;gdhA
stm00910;narU
stm00910;narZ
stm00910;narY
stm00910;narW
stm00910;narV
stm00910;narI
stm00910;narJ
stm00910;narH
stm00910;narG
stm00910;narK
stm00910;STM1795
stm00910;napB
stm00910;napA
stm00910;gltB
stm00910;gltD
stm00910;nirB
stm00910;nirD
stm00910;glnA
stm00910;nrfA
stm00910;STM4466
stm00660;leuD
stm00660;leuC
stm00660;leuB
stm00660;ilvI
stm00660;ilvH
stm00660;STM0329
stm00660;STM0330
stm00660;sucC
stm00660;sucD
stm00660;STM3118
stm00660;STM3119
stm00660;STM3120
stm00660;ilvN
stm00660;ilvB
stm00660;ilvG
stm00660;ilvM
stm03440;PSLT064
stm03440;-
stm03440;dnaE
stm03440;dnaQ
stm03440;priC
stm03440;dnaX
stm03440;recR
stm03440;holA
stm03440;holB
stm03440;holE
stm03440;ruvB
stm03440;ruvA
stm03440;ruvC
stm03440;recO
stm03440;recA
stm03440;recD
stm03440;recB
stm03440;recC
stm03440;recJ
stm03440;recG
stm03440;recF
stm03440;dnaN
stm03440;polA
stm03440;priA
stm03440;ssb
stm03440;priB
stm03440;holC
stm03440;dnaT
stm03440;holD
stm01100;PSLT064
stm01100;thrA
stm01100;thrB
stm01100;thrC
stm01100;talB
stm01100;ribF
stm01100;ispH
stm01100;STM0054
stm01100;STM0055
stm01100;STM0056
stm01100;dapB
stm01100;carA
stm01100;carB
stm01100;folA
stm01100;pdxA
stm01100;araD
stm01100;araA
stm01100;araB
stm01100;leuD
stm01100;leuC
stm01100;leuB
stm01100;leuA
stm01100;ilvI
stm01100;ilvH
stm01100;murF
stm01100;mraY
stm01100;murD
stm01100;murG
stm01100;murC
stm01100;ddl
stm01100;lpxC
stm01100;coaE
stm01100;nadC
stm01100;aceE
stm01100;aceF
stm01100;lpdA
stm01100;acnB
stm01100;pdxA
stm01100;speD
stm01100;speE
stm01100;gcd
stm01100;hpt
stm01100;panD
stm01100;panC
stm01100;panB
stm01100;folK
stm01100;hemL
stm01100;pfs
stm01100;dapD
stm01100;pyrH
stm01100;dxr
stm01100;cdsA
stm01100;lpxD
stm01100;fabZ
stm01100;lpxA
stm01100;lpxB
stm01100;dnaE
stm01100;accA
stm01100;ldcC
stm01100;yaeD
stm01100;dnaQ
stm01100;fadE
stm01100;gmhA
stm01100;pepD
stm01100;gpt
stm01100;proB
stm01100;proA
stm01100;STM0329
stm01100;STM0330
stm01100;STM0332
stm01100;STM0360
stm01100;STM0361
stm01100;prpE
stm01100;hemB
stm01100;ddl
stm01100;proC
stm01100;aroL
stm01100;yajF
stm01100;malZ
stm01100;ribD
stm01100;ribH
stm01100;thiL
stm01100;pgpA
stm01100;dxs
stm01100;ispA
stm01100;thiI
stm01100;phnW
stm01100;phnX
stm01100;apbA
stm01100;cyoE
stm01100;cyoD
stm01100;cyoC
stm01100;cyoB
stm01100;cyoA
stm01100;ybaX
stm01100;STM0458
stm01100;apt
stm01100;dnaX
stm01100;adk
stm01100;hemH
stm01100;ushA
stm01100;allA
stm01100;gcl
stm01100;gip
stm01100;glxR
stm01100;allB
stm01100;glxK
stm01100;arcC
stm01100;purK
stm01100;purE
stm01100;lpxH
stm01100;folD
stm01100;STM05445
stm01100;STM0574
stm01100;STM0575
stm01100;STM0576
stm01100;STM0577
stm01100;entC
stm01100;lipA
stm01100;lipB
stm01100;dacA
stm01100;cobC
stm01100;nadD
stm01100;holA
stm01100;ubiF
stm01100;asnB
stm01100;nagB
stm01100;glnS
stm01100;pgm
stm01100;speF
stm01100;gltA
stm01100;sdhC
stm01100;sdhD
stm01100;sdhA
stm01100;sdhB
stm01100;sucA
stm01100;sucB
stm01100;sucC
stm01100;sucD
stm01100;cydA
stm01100;cydB
stm01100;nadA
stm01100;aroG
stm01100;STM0761
stm01100;STM0762
stm01100;dcoC
stm01100;dcoB
stm01100;gpmA
stm01100;galM
stm01100;galK
stm01100;galT
stm01100;galE
stm01100;ybhE
stm01100;ybhC
stm01100;hutI
stm01100;hutG
stm01100;hutH
stm01100;bioA
stm01100;bioB
stm01100;bioF
stm01100;bioC
stm01100;bioD
stm01100;moaA
stm01100;moaC
stm01100;moaD
stm01100;moaE
stm01100;ybhO
stm01100;pflF
stm01100;STM0857
stm01100;dacC
stm01100;ulaA
stm01100;STM0885
stm01100;ltaA
stm01100;pflB
stm01100;serC
stm01100;aroA
stm01100;cmk
stm01100;lpxK
stm01100;kdsB
stm01100;aspC
stm01100;pncB
stm01100;pepN
stm01100;pyrD
stm01100;fabA
stm01100;STM1097
stm01100;ycdW
stm01100;ymdC
stm01100;htrB
stm01100;pyrC
stm01100;plsX
stm01100;fabH
stm01100;fabD
stm01100;fabG
stm01100;fabF
stm01100;tmk
stm01100;holB
stm01100;thiK
stm01100;nagZ
stm01100;ycfX
stm01100;purB
stm01100;icdA
stm01100;STM1269
stm01100;yeaD
stm01100;gapA
stm01100;pncA
stm01100;ansA
stm01100;selD
stm01100;gdhA
stm01100;argD
stm01100;astA
stm01100;astD
stm01100;astB
stm01100;astE
stm01100;nadE
stm01100;pfkB
stm01100;aroH
stm01100;pps
stm01100;ydiF
stm01100;aroD
stm01100;aroE
stm01100;STM1366
stm01100;sufS
stm01100;pykF
stm01100;ribE
stm01100;pdxH
stm01100;pdxY
stm01100;add
stm01100;manA
stm01100;fumA
stm01100;fumC
stm01100;pntA
stm01100;pntB
stm01100;bioD
stm01100;speG
stm01100;rspA
stm01100;rspB
stm01100;ydfI
stm01100;ydfG
stm01100;yneI
stm01100;yneH
stm01100;STM1557
stm01100;STM1558
stm01100;STM1559
stm01100;STM1560
stm01100;adhP
stm01100;ydcW
stm01100;STM1613
stm01100;STM1614
stm01100;STM1616
stm01100;STM1627
stm01100;nifJ
stm01100;fabI
stm01100;pyrF
stm01100;pgpB
stm01100;ribA
stm01100;acnA
stm01100;cobA
stm01100;trpE
stm01100;trpD
stm01100;trpC
stm01100;trpB
stm01100;trpA
stm01100;cls
stm01100;adhE
stm01100;tdk
stm01100;galU
stm01100;kdsA
stm01100;hemA
stm01100;ipk
stm01100;prsA
stm01100;STM1792
stm01100;STM1793
stm01100;STM1795
stm01100;treA
stm01100;dadX
stm01100;fadD
stm01100;sdaA
stm01100;manX
stm01100;manY
stm01100;manZ
stm01100;holE
stm01100;purT
stm01100;eda
stm01100;edd
stm01100;zwf
stm01100;pykA
stm01100;msbB
stm01100;otsA
stm01100;otsB
stm01100;pgsA
stm01100;amyA
stm01100;dcm
stm01100;cobT
stm01100;cobS
stm01100;cobU
stm01100;cbiP
stm01100;cbiL
stm01100;cbiK
stm01100;cbiJ
stm01100;cbiH
stm01100;cbiG
stm01100;cbiF
stm01100;cbiE
stm01100;cbiD
stm01100;cbiC
stm01100;cbiB
stm01100;cbiA
stm01100;pduW
stm01100;dacD
stm01100;hisG
stm01100;hisD
stm01100;hisC
stm01100;hisB
stm01100;hisH
stm01100;hisA
stm01100;hisF
stm01100;hisI
stm01100;udg
stm01100;gnd
stm01100;rfbK
stm01100;rfbM
stm01100;rfbF
stm01100;rfbC
stm01100;rfbA
stm01100;rfbD
stm01100;rfbB
stm01100;galF
stm01100;cpsG
stm01100;manC
stm01100;wcaG
stm01100;gmd
stm01100;dcd
stm01100;udk
stm01100;fbaB
stm01100;thiD
stm01100;thiM
stm01100;bglX
stm01100;STM2175
stm01100;STM2176
stm01100;STM2177
stm01100;STM2178
stm01100;cdd
stm01100;STM2186
stm01100;yeiA
stm01100;folE
stm01100;STM2196
stm01100;fruA
stm01100;fruF
stm01100;ubiG
stm01100;nrdA
stm01100;nrdB
stm01100;menE
stm01100;menC
stm01100;menB
stm01100;yfbB
stm01100;menD
stm01100;menF
stm01100;nuoN
stm01100;nuoM
stm01100;nuoL
stm01100;nuoK
stm01100;nuoJ
stm01100;nuoI
stm01100;nuoH
stm01100;nuoG
stm01100;nuoF
stm01100;nuoE
stm01100;nuoC
stm01100;nuoB
stm01100;nuoA
stm01100;yfbQ
stm01100;STM2332
stm01100;ackA
stm01100;pta
stm01100;STM2340
stm01100;STM2341
stm01100;ulaA
stm01100;STM2343
stm01100;STM2344
stm01100;ubiX
stm01100;STM2360
stm01100;purF
stm01100;folC
stm01100;accD
stm01100;pdxB
stm01100;fabB
stm01100;aroC
stm01100;fadJ
stm01100;fadI
stm01100;glk
stm01100;STM2405
stm01100;gltX
stm01100;cysK
stm01100;pdxK
stm01100;yfeJ
stm01100;cysM
stm01100;hemF
stm01100;eutC
stm01100;eutB
stm01100;eutA
stm01100;eutG
stm01100;eutE
stm01100;eutD
stm01100;maeB
stm01100;talA
stm01100;tktB
stm01100;dapE
stm01100;purC
stm01100;dapA
stm01100;upp
stm01100;purM
stm01100;purN
stm01100;guaA
stm01100;guaB
stm01100;ispG
stm01100;ndk
stm01100;sseA
stm01100;pepB
stm01100;nifS
stm01100;suhB
stm01100;glyA
stm01100;cadA
stm01100;purG
stm01100;murQ
stm01100;STM2573
stm01100;pdxJ
stm01100;nadB
stm01100;pssA
stm01100;pheA
stm01100;tyrA
stm01100;aroF
stm01100;ppnK
stm01100;STM2755
stm01100;STM2756
stm01100;STM2757
stm01100;gabD
stm01100;gabT
stm01100;nrdE
stm01100;nrdF
stm01100;luxS
stm01100;gshA
stm01100;ygbM
stm01100;STM2921
stm01100;surE
stm01100;ispF
stm01100;ispD
stm01100;cysC
stm01100;cysN
stm01100;cysD
stm01100;cysH
stm01100;cysI
stm01100;cysJ
stm01100;ptpS
stm01100;ygcF
stm01100;eno
stm01100;pyrG
stm01100;mazG
stm01100;STM2959
stm01100;gudD
stm01100;queF
stm01100;sdaB
stm01100;argA
stm01100;thyA
stm01100;lysA
stm01100;yqeF
stm01100;idi
stm01100;gcvP
stm01100;gcvH
stm01100;gcvT
stm01100;visC
stm01100;ubiH
stm01100;ygfA
stm01100;serA
stm01100;rpiA
stm01100;fba
stm01100;pgk
stm01100;epd
stm01100;tktA
stm01100;speB
stm01100;speA
stm01100;metK
stm01100;gshB
stm01100;yggW
stm01100;ansB
stm01100;speC
stm01100;STM3120
stm01100;STM3128
stm01100;STM3129
stm01100;STM3135
stm01100;STM3136
stm01100;STM3137
stm01100;gsp
stm01100;metC
stm01100;plsC
stm01100;ribB
stm01100;rfaE
stm01100;folB
stm01100;ygiH
stm01100;oat
stm01100;tdcG
stm01100;tdcE
stm01100;tdcD
stm01100;tdcB
stm01100;garK
stm01100;garR
stm01100;gatY
stm01100;STM3254
stm01100;STM3255
stm01100;gatZ
stm01100;STM3258
stm01100;STM3259
stm01100;STM3260
stm01100;STM3261
stm01100;argG
stm01100;glmM
stm01100;folP
stm01100;murA
stm01100;kdsD
stm01100;kdsC
stm01100;gltB
stm01100;gltD
stm01100;STM3334
stm01100;nanK
stm01100;oadB
stm01100;oadA
stm01100;oadG
stm01100;mdh
stm01100;yhdH
stm01100;accB
stm01100;accC
stm01100;aroE
stm01100;rpoA
stm01100;prkB
stm01100;argD
stm01100;cysG
stm01100;gph
stm01100;rpe
stm01100;aroB
stm01100;aroK
stm01100;mrcA
stm01100;pckA
stm01100;bioH
stm01100;malQ
stm01100;malP
stm01100;gldA
stm01100;STM3531
stm01100;STM3532
stm01100;glgP
stm01100;glgA
stm01100;glgC
stm01100;glgX
stm01100;glgB
stm01100;asd
stm01100;gntK
stm01100;ggt
stm01100;STM3598
stm01100;treF
stm01100;kdgK
stm01100;STM3617
stm01100;bcsA
stm01100;bisC
stm01100;yiaE
stm01100;xylB
stm01100;xylA
stm01100;malS
stm01100;avtA
stm01100;sgbE
stm01100;aldB
stm01100;lldD
stm01100;cysE
stm01100;pmgI
stm01100;rfaD
stm01100;rfaF
stm01100;rfaC
stm01100;rfaL
stm01100;rfaK
stm01100;rfaY
stm01100;rfaJ
stm01100;rfaI
stm01100;rfaB
stm01100;rfaP
stm01100;rfaG
stm01100;rfaQ
stm01100;kdtA
stm01100;coaD
stm01100;dfp
stm01100;dut
stm01100;pyrE
stm01100;gmk
stm01100;rpoZ
stm01100;STM3767
stm01100;STM3782
stm01100;STM3783
stm01100;STM3784
stm01100;STM3793
stm01100;ilvN
stm01100;ilvB
stm01100;dgoA
stm01100;dgoK
stm01100;dnaN
stm01100;STM3858
stm01100;aroE
stm01100;glmS
stm01100;glmU
stm01100;atpC
stm01100;atpD
stm01100;atpG
stm01100;atpA
stm01100;atpH
stm01100;atpF
stm01100;atpE
stm01100;atpB
stm01100;asnA
stm01100;rbsK
stm01100;ilvG
stm01100;ilvM
stm01100;ilvE
stm01100;ilvD
stm01100;ilvA
stm01100;ilvC
stm01100;wecB
stm01100;rffG
stm01100;hemX
stm01100;hemD
stm01100;hemC
stm01100;dapF
stm01100;pldA
stm01100;metE
stm01100;dlhH
stm01100;udp
stm01100;ubiE
stm01100;yigC
stm01100;fadA
stm01100;fadB
stm01100;hemG
stm01100;polA
stm01100;hemN
stm01100;glnA
stm01100;STM4012
stm01100;yihQ
stm01100;yihR
stm01100;yihU
stm01100;fdoI
stm01100;fdoH
stm01100;fdoG
stm01100;STM4044
stm01100;pfkA
stm01100;STM4066
stm01100;STM4080
stm01100;tpiA
stm01100;glpX
stm01100;glpK
stm01100;menA
stm01100;metB
stm01100;metL
stm01100;metF
stm01100;katG
stm01100;gldA
stm01100;pflD
stm01100;ppc
stm01100;argE
stm01100;argC
stm01100;argB
stm01100;argH
stm01100;udhA
stm01100;murI
stm01100;murB
stm01100;birA
stm01100;coaA
stm01100;rpoB
stm01100;rpoC
stm01100;thiH
stm01100;thiG
stm01100;thiF
stm01100;thiE
stm01100;thiC
stm01100;nudC
stm01100;hemE
stm01100;purD
stm01100;purH
stm01100;metA
stm01100;aceB
stm01100;aceA
stm01100;metH
stm01100;lysC
stm01100;pgi
stm01100;ubiC
stm01100;ubiA
stm01100;plsB
stm01100;dgkA
stm01100;alr
stm01100;tyrB
stm01100;acs
stm01100;fdhF
stm01100;adi
stm01100;fumB
stm01100;aspA
stm01100;frdD
stm01100;frdC
stm01100;frdB
stm01100;frdA
stm01100;psd
stm01100;miaA
stm01100;purA
stm01100;yjfR
stm01100;ulaA
stm01100;sgaB
stm01100;ptxA
stm01100;ulaD
stm01100;sgaU
stm01100;sgaE
stm01100;cysQ
stm01100;fbp
stm01100;STM4420
stm01100;STM4421
stm01100;STM4424.S
stm01100;STM4425
stm01100;srfJ
stm01100;STM4433
stm01100;STM4445
stm01100;nrdD
stm01100;pyrI
stm01100;pyrB
stm01100;STM4465
stm01100;STM4466
stm01100;STM4467
stm01100;argI
stm01100;holC
stm01100;pepA
stm01100;idnK
stm01100;STM4519
stm01100;mdoB
stm01100;holD
stm01100;yjjG
stm01100;deoA
stm01100;deoD
stm01100;serB
stm01100;nadR
stm01100;gpmB
stm00020;aceE
stm00020;aceF
stm00020;lpdA
stm00020;acnB
stm00020;gltA
stm00020;sdhC
stm00020;sdhD
stm00020;sdhA
stm00020;sdhB
stm00020;sucA
stm00020;sucB
stm00020;sucC
stm00020;sucD
stm00020;STM0761
stm00020;STM0762
stm00020;icdA
stm00020;fumA
stm00020;fumC
stm00020;nifJ
stm00020;acnA
stm00020;mdh
stm00020;pckA
stm00020;fumB
stm00020;frdD
stm00020;frdC
stm00020;frdB
stm00020;frdA
stm00440;phnW
stm00440;phnX
stm00440;yncA
stm00627;yccX
stm00627;ydiF
stm00627;aphA
stm00627;phoN
stm00521;pgm
stm00521;rfbC
stm00521;rfbA
stm00521;rfbD
stm00521;rfbB
stm00521;glk
stm00521;suhB
stm00521;rffG
stm00521;STM4425
stm00521;STM4433
stm00051;yajF
stm00051;STM0574
stm00051;STM0575
stm00051;STM0576
stm00051;STM0577
stm00051;pfkB
stm00051;manA
stm00051;manX
stm00051;manY
stm00051;manZ
stm00051;yedP
stm00051;rfbK
stm00051;rfbM
stm00051;cpsG
stm00051;manC
stm00051;wcaG
stm00051;gmd
stm00051;fbaB
stm00051;fruA
stm00051;fruK
stm00051;fruF
stm00051;STM2289
stm00051;yfaW
stm00051;STM2750
stm00051;STM2751
stm00051;STM2752
stm00051;srlA
stm00051;srlE
stm00051;slrB
stm00051;srlD
stm00051;fucA
stm00051;fucI
stm00051;fucK
stm00051;fba
stm00051;STM3254
stm00051;STM3255
stm00051;xylA
stm00051;mtlA
stm00051;mtlD
stm00051;STM3858
stm00051;rhaD
stm00051;rhaA
stm00051;rhaB
stm00051;pfkA
stm00051;STM4066
stm00051;tpiA
stm00051;glpX
stm00051;fbp
stm00790;folA
stm00790;folK
stm00790;ybaX
stm00790;moaA
stm00790;moaC
stm00790;moaD
stm00790;moaE
stm00790;pabC
stm00790;pabB
stm00790;ntpA
stm00790;folE
stm00790;folC
stm00790;ptpS
stm00790;ygcF
stm00790;queF
stm00790;folB
stm00790;folP
stm00790;pabA
stm00471;murD
stm00471;murC
stm00471;yneH
stm00471;STM1795
stm00471;murI
stm03060;lspA
stm03060;yacA
stm03060;secA
stm03060;yajC
stm03060;secD
stm03060;secF
stm03060;ffs
stm03060;tatE
stm03060;lepB
stm03060;ffh
stm03060;secG
stm03060;secY
stm03060;ftsY
stm03060;secB
stm03060;yidC
stm03060;tatA
stm03060;tatB
stm03060;tatC
stm03060;secE
stm01053;entD
stm01053;entF
stm01053;entC
stm01053;entE
stm01053;entB
stm01053;entA
stm01053;menF
stm00750;thrC
stm00750;pdxA
stm00750;pdxA
stm00750;serC
stm00750;pdxH
stm00750;pdxY
stm00750;pdxB
stm00750;pdxK
stm00750;pdxJ
stm00750;epd
stm00564;cdsA
stm00564;pgpA
stm00564;ybhO
stm00564;ymdC
stm00564;plsX
stm00564;pgpB
stm00564;cls
stm00564;pgsA
stm00564;glpQ
stm00564;glpA
stm00564;glpB
stm00564;glpC
stm00564;eutC
stm00564;eutB
stm00564;eutA
stm00564;STM2569
stm00564;pssA
stm00564;aas
stm00564;plsC
stm00564;ygiH
stm00564;glpD
stm00564;ugpQ
stm00564;gpsA
stm00564;pldA
stm00564;pldB
stm00564;ushB
stm00564;STM4070
stm00564;plsB
stm00564;dgkA
stm00564;psd
stm00740;ribF
stm00740;ribD
stm00740;ribH
stm00740;ribE
stm00740;ribA
stm00740;ribB
stm00740;fre
stm00281;fadJ
stm00281;fadI
stm00281;fadA
stm00281;fadB
stm00240;PSLT064
stm00240;carA
stm00240;carB
stm00240;pyrH
stm00240;dnaE
stm00240;dnaQ
stm00240;dnaX
stm00240;ushA
stm00240;holA
stm00240;trxB
stm00240;cmk
stm00240;pyrD
stm00240;pyrC
stm00240;tmk
stm00240;holB
stm00240;ydfG
stm00240;pyrF
stm00240;tdk
stm00240;holE
stm00240;dcd
stm00240;udk
stm00240;cdd
stm00240;STM2186
stm00240;yeiA
stm00240;nrdA
stm00240;nrdB
stm00240;STM2332
stm00240;upp
stm00240;ndk
stm00240;nrdE
stm00240;nrdF
stm00240;surE
stm00240;pyrG
stm00240;mazG
stm00240;thyA
stm00240;pnp
stm00240;STM3334
stm00240;rpoA
stm00240;dut
stm00240;pyrE
stm00240;rpoZ
stm00240;dnaN
stm00240;udp
stm00240;polA
stm00240;rpoB
stm00240;rpoC
stm00240;cpdB
stm00240;STM4445
stm00240;nrdD
stm00240;pyrI
stm00240;pyrB
stm00240;holC
stm00240;holD
stm00240;yjjG
stm00240;deoA
stm00240;deoD
stm00430;ackA
stm00430;pta
stm00430;ggt
stm00410;speE
stm00410;panD
stm00410;panC
stm00410;STM0857
stm00410;ydcW
stm00410;STM2186
stm00410;yeiA
stm00410;fadJ
stm00410;gabT
stm00410;fadB
stm00410;STM4421
stm04122;mogA
stm04122;thiI
stm04122;moaA
stm04122;moaC
stm04122;moaD
stm04122;moaE
stm04122;moeB
stm04122;yccK
stm04122;mnmA
stm04122;sseA
stm04122;nifS
stm04122;yheL
stm04122;yheM
stm04122;yheN
stm04122;tusA
stm04122;STM4161
stm04122;thiF
stm00561;glxK
stm00561;plsX
stm00561;STM2959
stm00561;plsC
stm00561;ygiH
stm00561;garK
stm00561;gldA
stm00561;glpK
stm00561;gldA
stm00561;plsB
stm00561;dgkA
stm00561;melA
stm02030;trg
stm02030;cheZ
stm02030;cheY
stm02030;cheB
stm02030;cheR
stm02030;cheM
stm02030;cheW
stm02030;cheA
stm02030;motB
stm02030;motA
stm02030;fliG
stm02030;fliM
stm02030;fliN
stm02030;mglB
stm02030;STM2314
stm02030;STM3152
stm02030;STM3216
stm02030;aer
stm02030;tcp
stm02030;dppA
stm02030;rbsB
stm02030;malE
stm02030;tsr
stm00360;aspC
stm00360;dadA
stm00360;hisC
stm00360;STM3129
stm00360;katG
stm00360;tyrB
stm00473;ddl
stm00473;ddl
stm00473;dadX
stm00473;alr
stm01220;hpaC
stm01220;hpaB
stm01220;hpaG
stm01220;hpaE
stm01220;hpaD
stm01220;hpaF
stm01220;adhP
stm01220;STM1627
stm01220;adhE
stm01220;STM2175
stm01220;STM4044
stm03420;uvrB
stm03420;mfd
stm03420;uvrC
stm03420;ligA
stm03420;ligB
stm03420;uvrD
stm03420;polA
stm03420;uvrA
stm03410;nei
stm03410;xthA
stm03410;nth
stm03410;alkA
stm03410;nfo
stm03410;ligA
stm03410;ung
stm03410;recJ
stm03410;mutY
stm03410;mug
stm03410;tag
stm03410;mutM
stm03410;ligB
stm03410;polA
stm04931;malP
stm04931;glgP
stm04931;glmS
stm00310;ldcC
stm00310;sucA
stm00310;sucB
stm00310;fadJ
stm00310;cadA
stm00310;gabD
stm00310;yqeF
stm00310;fadB
stm00310;STM4519
stm02010;thiQ
stm02010;thiP
stm02010;tbpA
stm02010;fhuC
stm02010;fhuD
stm02010;fhuB
stm02010;btuF
stm02010;metQ
stm02010;metI
stm02010;metN
stm02010;phnV
stm02010;phnU
stm02010;phnT
stm02010;phnS
stm02010;sfbA
stm02010;sfbB
stm02010;sfbC
stm02010;fepC
stm02010;fepG
stm02010;fepD
stm02010;fepB
stm02010;gltL
stm02010;gltK
stm02010;gltJ
stm02010;gltI
stm02010;STM0722
stm02010;STM0723
stm02010;STM0770
stm02010;STM0771
stm02010;modF
stm02010;modA
stm02010;modB
stm02010;modC
stm02010;glnQ
stm02010;glnP
stm02010;glnH
stm02010;gsiA
stm02010;STM0849
stm02010;STM0850
stm02010;STM0851
stm02010;potF
stm02010;potG
stm02010;potH
stm02010;potI
stm02010;artJ
stm02010;artM
stm02010;artQ
stm02010;artI
stm02010;artP
stm02010;macB
stm02010;cydC
stm02010;cydD
stm02010;msbA
stm02010;ycfU
stm02010;lolD
stm02010;STM1219
stm02010;potD
stm02010;potC
stm02010;potB
stm02010;potA
stm02010;btuC
stm02010;btuD
stm02010;STM1491
stm02010;STM1492
stm02010;STM1493
stm02010;STM1494
stm02010;mppA
stm02010;sapA
stm02010;sapB
stm02010;sapC
stm02010;sapD
stm02010;sapF
stm02010;oppF
stm02010;oppD
stm02010;oppC
stm02010;oppB
stm02010;oppA
stm02010;znuA
stm02010;znuC
stm02010;znuB
stm02010;yecC
stm02010;yecS
stm02010;fliY
stm02010;cbiO
stm02010;cbiQ
stm02010;cbiN
stm02010;cbiM
stm02010;yehW
stm02010;yehX
stm02010;yehY
stm02010;yehZ
stm02010;mglC
stm02010;mglA
stm02010;mglB
stm02010;yejA
stm02010;yejB
stm02010;yejE
stm02010;yejF
stm02010;ccmD
stm02010;ccmC
stm02010;ccmB
stm02010;ccmA
stm02010;yojI
stm02010;hisP
stm02010;hisM
stm02010;hisQ
stm02010;hisJ
stm02010;argT
stm02010;cysA
stm02010;cysW
stm02010;cysU
stm02010;cysP
stm02010;STM2691
stm02010;proV
stm02010;proW
stm02010;proX
stm02010;sitA
stm02010;sitB
stm02010;sitC
stm02010;sitD
stm02010;STM3073
stm02010;STM3074
stm02010;STM3075
stm02010;STM3141
stm02010;STM3142
stm02010;yrbB
stm02010;yrbC
stm02010;yrbD
stm02010;yrbE
stm02010;yrbF
stm02010;yhbG
stm02010;STM3528
stm02010;ugpC
stm02010;ugpE
stm02010;ugpA
stm02010;ugpB
stm02010;livF
stm02010;livG
stm02010;livM
stm02010;livH
stm02010;livK
stm02010;livJ
stm02010;ftsX
stm02010;ftsE
stm02010;dppF
stm02010;dppD
stm02010;dppC
stm02010;dppB
stm02010;dppA
stm02010;ccmD
stm02010;ccmC
stm02010;ccmB
stm02010;ccmA
stm02010;pstB
stm02010;pstA
stm02010;pstC
stm02010;pstS
stm02010;rbsD
stm02010;rbsA
stm02010;rbsC
stm02010;rbsB
stm02010;sbp
stm02010;STM4074
stm02010;STM4075
stm02010;STM4076
stm02010;STM4077
stm02010;malG
stm02010;malF
stm02010;malE
stm02010;malK
stm02010;STM4262
stm02010;STM4351
stm02010;yjgP
stm02010;yjgQ
stm01110;thrA
stm01110;thrB
stm01110;thrC
stm01110;talB
stm01110;ribF
stm01110;ispH
stm01110;dapB
stm01110;leuD
stm01110;leuC
stm01110;leuB
stm01110;leuA
stm01110;ilvI
stm01110;ilvH
stm01110;aceE
stm01110;aceF
stm01110;lpdA
stm01110;acnB
stm01110;gcd
stm01110;hpt
stm01110;panD
stm01110;panC
stm01110;panB
stm01110;hemL
stm01110;dxr
stm01110;uppS
stm01110;cdsA
stm01110;accA
stm01110;ldcC
stm01110;gpt
stm01110;proA
stm01110;STM0329
stm01110;STM0330
stm01110;hemB
stm01110;proC
stm01110;aroL
stm01110;ribD
stm01110;ribH
stm01110;dxs
stm01110;ispA
stm01110;apbA
stm01110;cyoE
stm01110;STM0458
stm01110;adk
stm01110;hemH
stm01110;ushA
stm01110;glxK
stm01110;purK
stm01110;purE
stm01110;STM05445
stm01110;entD
stm01110;entF
stm01110;entC
stm01110;entE
stm01110;entB
stm01110;entA
stm01110;ubiF
stm01110;asnB
stm01110;pgm
stm01110;speF
stm01110;gltA
stm01110;sdhC
stm01110;sdhD
stm01110;sdhA
stm01110;sdhB
stm01110;sucA
stm01110;sucB
stm01110;sucC
stm01110;sucD
stm01110;aroG
stm01110;STM0761
stm01110;STM0762
stm01110;gpmA
stm01110;galM
stm01110;ybhE
stm01110;STM0857
stm01110;ltaA
stm01110;aroA
stm01110;aspC
stm01110;STM1119
stm01110;ycdW
stm01110;plsX
stm01110;purB
stm01110;icdA
stm01110;STM1269
stm01110;yeaD
stm01110;gapA
stm01110;ansA
stm01110;katE
stm01110;pfkB
stm01110;aroH
stm01110;aroD
stm01110;aroE
stm01110;STM1366
stm01110;pykF
stm01110;ribE
stm01110;manA
stm01110;fumA
stm01110;fumC
stm01110;STM1557
stm01110;STM1558
stm01110;STM1559
stm01110;STM1560
stm01110;adhP
stm01110;STM1627
stm01110;ribA
stm01110;acnA
stm01110;trpE
stm01110;trpD
stm01110;trpC
stm01110;trpB
stm01110;trpA
stm01110;adhE
stm01110;hemA
stm01110;ipk
stm01110;prsA
stm01110;sdaA
stm01110;purT
stm01110;zwf
stm01110;pykA
stm01110;hisG
stm01110;hisD
stm01110;hisC
stm01110;hisB
stm01110;hisH
stm01110;hisA
stm01110;hisF
stm01110;hisI
stm01110;gnd
stm01110;rfbK
stm01110;rfbM
stm01110;cpsG
stm01110;manC
stm01110;fbaB
stm01110;bglX
stm01110;STM2196
stm01110;ubiG
stm01110;glpA
stm01110;glpB
stm01110;glpC
stm01110;menE
stm01110;menC
stm01110;menB
stm01110;yfbB
stm01110;menD
stm01110;menF
stm01110;yfbQ
stm01110;STM2340
stm01110;STM2341
stm01110;ubiX
stm01110;STM2360
stm01110;purF
stm01110;accD
stm01110;aroC
stm01110;fadJ
stm01110;fadI
stm01110;glk
stm01110;gltX
stm01110;cysK
stm01110;cysM
stm01110;hemF
stm01110;eutG
stm01110;talA
stm01110;tktB
stm01110;purC
stm01110;dapA
stm01110;purM
stm01110;purN
stm01110;guaB
stm01110;ispG
stm01110;ndk
stm01110;glyA
stm01110;cadA
stm01110;purG
stm01110;STM2573
stm01110;pssA
stm01110;pheA
stm01110;tyrA
stm01110;aroF
stm01110;STM2757
stm01110;STM2921
stm01110;surE
stm01110;ispF
stm01110;ispD
stm01110;eno
stm01110;STM2959
stm01110;sdaB
stm01110;argA
stm01110;lysA
stm01110;yqeF
stm01110;idi
stm01110;gcvP
stm01110;gcvH
stm01110;gcvT
stm01110;visC
stm01110;ubiH
stm01110;rpiA
stm01110;fba
stm01110;pgk
stm01110;tktA
stm01110;metK
stm01110;yggW
stm01110;ansB
stm01110;speC
stm01110;metC
stm01110;plsC
stm01110;ribB
stm01110;ygiH
stm01110;tdcG
stm01110;tdcB
stm01110;garK
stm01110;STM3254
stm01110;argG
stm01110;ispB
stm01110;gltB
stm01110;gltD
stm01110;mdh
stm01110;accB
stm01110;accC
stm01110;aroE
stm01110;argD
stm01110;cysG
stm01110;gph
stm01110;rpe
stm01110;aroB
stm01110;aroK
stm01110;pckA
stm01110;malP
stm01110;glpD
stm01110;STM3531
stm01110;STM3532
stm01110;glgP
stm01110;glgA
stm01110;glgC
stm01110;glgX
stm01110;glgB
stm01110;asd
stm01110;gntK
stm01110;STM3598
stm01110;avtA
stm01110;aldB
stm01110;cysE
stm01110;gpsA
stm01110;pmgI
stm01110;ilvN
stm01110;ilvB
stm01110;aroE
stm01110;asnA
stm01110;ilvG
stm01110;ilvM
stm01110;ilvE
stm01110;ilvD
stm01110;ilvA
stm01110;ilvC
stm01110;hemX
stm01110;hemD
stm01110;hemC
stm01110;dapF
stm01110;pldA
stm01110;metE
stm01110;dlhH
stm01110;ubiE
stm01110;yigC
stm01110;fadA
stm01110;fadB
stm01110;hemG
stm01110;hemN
stm01110;STM4012
stm01110;yihR
stm01110;STM4044
stm01110;pfkA
stm01110;ushB
stm01110;STM4070
stm01110;STM4080
stm01110;tpiA
stm01110;glpX
stm01110;menA
stm01110;metB
stm01110;metL
stm01110;katG
stm01110;argE
stm01110;argC
stm01110;argB
stm01110;argH
stm01110;hemE
stm01110;purD
stm01110;purH
stm01110;metA
stm01110;aceB
stm01110;aceA
stm01110;metH
stm01110;lysC
stm01110;pgi
stm01110;ubiC
stm01110;ubiA
stm01110;plsB
stm01110;dgkA
stm01110;tyrB
stm01110;acs
stm01110;fumB
stm01110;frdD
stm01110;frdC
stm01110;frdB
stm01110;frdA
stm01110;psd
stm01110;miaA
stm01110;ytfG
stm01110;fbp
stm01110;STM4465
stm01110;STM4467
stm01110;argI
stm01110;idnK
stm01110;yjjG
stm01110;deoD
stm01110;gpmB
stm00230;PSLT064
stm00230;apaH
stm00230;guaC
stm00230;hpt
stm00230;dgt
stm00230;dnaE
stm00230;dnaQ
stm00230;gpt
stm00230;apt
stm00230;dnaX
stm00230;adk
stm00230;gsk
stm00230;ushA
stm00230;allA
stm00230;allB
stm00230;STM0526
stm00230;allC
stm00230;allD
stm00230;arcC
stm00230;purK
stm00230;purE
stm00230;STM05445
stm00230;holA
stm00230;pgm
stm00230;STM1097
stm00230;holB
stm00230;purB
stm00230;pykF
stm00230;add
stm00230;prsA
stm00230;holE
stm00230;purT
stm00230;pykA
stm00230;amn
stm00230;nrdA
stm00230;nrdB
stm00230;purF
stm00230;yfeJ
stm00230;purC
stm00230;purM
stm00230;purN
stm00230;ppx
stm00230;guaA
stm00230;guaB
stm00230;ndk
stm00230;purG
stm00230;nrdE
stm00230;nrdF
stm00230;surE
stm00230;cysC
stm00230;cysN
stm00230;cysD
stm00230;mazG
stm00230;relA
stm00230;yggV
stm00230;nudF
stm00230;pnp
stm00230;rpoA
stm00230;nudE
stm00230;gmk
stm00230;rpoZ
stm00230;spoT
stm00230;dnaN
stm00230;gppA
stm00230;cyaA
stm00230;polA
stm00230;rpoB
stm00230;rpoC
stm00230;purD
stm00230;purH
stm00230;purA
stm00230;cpdB
stm00230;nrdD
stm00230;STM4466
stm00230;holC
stm00230;holD
stm00230;yjjG
stm00230;deoB
stm00230;deoD
stm00270;thrA
stm00270;speD
stm00270;speE
stm00270;pfs
stm00270;STM0458
stm00270;aspC
stm00270;STM1557
stm00270;sdaA
stm00270;yedO
stm00270;dcm
stm00270;STM2196
stm00270;cysK
stm00270;cysM
stm00270;sseA
stm00270;luxS
stm00270;gshA
stm00270;sdaB
stm00270;metK
stm00270;gshB
stm00270;metC
stm00270;tdcG
stm00270;mdh
stm00270;asd
stm00270;cysE
stm00270;ilvE
stm00270;metE
stm00270;metB
stm00270;metL
stm00270;metA
stm00270;metH
stm00270;lysC
stm00270;tyrB
stm01230;thrA
stm01230;thrB
stm01230;thrC
stm01230;talB
stm01230;dapB
stm01230;leuD
stm01230;leuC
stm01230;leuB
stm01230;leuA
stm01230;ilvI
stm01230;ilvH
stm01230;acnB
stm01230;pfs
stm01230;dapD
stm01230;proB
stm01230;proA
stm01230;STM0329
stm01230;STM0330
stm01230;proC
stm01230;aroL
stm01230;STM0458
stm01230;gltA
stm01230;aroG
stm01230;gpmA
stm01230;ltaA
stm01230;serC
stm01230;aroA
stm01230;aspC
stm01230;icdA
stm01230;STM1269
stm01230;gapA
stm01230;pfkB
stm01230;aroH
stm01230;aroD
stm01230;pykF
stm01230;STM1557
stm01230;acnA
stm01230;trpE
stm01230;trpD
stm01230;trpC
stm01230;trpB
stm01230;trpA
stm01230;prsA
stm01230;sdaA
stm01230;pykA
stm01230;hisG
stm01230;hisD
stm01230;hisC
stm01230;hisB
stm01230;hisH
stm01230;hisA
stm01230;hisF
stm01230;hisI
stm01230;fbaB
stm01230;STM2196
stm01230;yfbQ
stm01230;STM2340
stm01230;STM2341
stm01230;STM2360
stm01230;aroC
stm01230;cysK
stm01230;cysM
stm01230;talA
stm01230;tktB
stm01230;dapE
stm01230;dapA
stm01230;glyA
stm01230;pheA
stm01230;tyrA
stm01230;aroF
stm01230;STM2755
stm01230;STM2756
stm01230;luxS
stm01230;eno
stm01230;sdaB
stm01230;argA
stm01230;lysA
stm01230;serA
stm01230;rpiA
stm01230;fba
stm01230;pgk
stm01230;tktA
stm01230;metK
stm01230;metC
stm01230;tdcG
stm01230;tdcB
stm01230;STM3254
stm01230;argG
stm01230;gltB
stm01230;gltD
stm01230;aroE
stm01230;argD
stm01230;rpe
stm01230;aroB
stm01230;aroK
stm01230;STM3531
stm01230;STM3532
stm01230;asd
stm01230;cysE
stm01230;pmgI
stm01230;ilvN
stm01230;ilvB
stm01230;aroE
stm01230;asnA
stm01230;ilvG
stm01230;ilvM
stm01230;ilvE
stm01230;ilvD
stm01230;ilvA
stm01230;ilvC
stm01230;dapF
stm01230;metE
stm01230;glnA
stm01230;pfkA
stm01230;STM4080
stm01230;tpiA
stm01230;metB
stm01230;metL
stm01230;argE
stm01230;argC
stm01230;argB
stm01230;argH
stm01230;metA
stm01230;metH
stm01230;lysC
stm01230;tyrB
stm01230;STM4465
stm01230;argI
stm01230;serB
stm01230;gpmB
stm00400;aroL
stm00400;aroG
stm00400;aroA
stm00400;aspC
stm00400;STM1269
stm00400;aroH
stm00400;aroD
stm00400;aroE
stm00400;trpE
stm00400;trpD
stm00400;trpC
stm00400;trpB
stm00400;trpA
stm00400;hisC
stm00400;aroC
stm00400;pheA
stm00400;tyrA
stm00400;aroF
stm00400;aroE
stm00400;aroB
stm00400;aroK
stm00400;aroE
stm00400;tyrB
stm00250;carA
stm00250;carB
stm00250;asnB
stm00250;aspC
stm00250;purB
stm00250;ansA
stm00250;gdhA
stm00250;yneI
stm00250;yneH
stm00250;STM1795
stm00250;yfbQ
stm00250;purF
stm00250;nadB
stm00250;gabD
stm00250;gabT
stm00250;ansB
stm00250;argG
stm00250;gltB
stm00250;gltD
stm00250;STM3598
stm00250;glmS
stm00250;asnA
stm00250;glnA
stm00250;argH
stm00250;aspA
stm00250;purA
stm00250;pyrI
stm00250;pyrB
stm00250;STM4510
stm00250;STM4519
stm00590;btuE
stm00590;pldA
stm05132;-
stm05132;sseI
stm05132;sopB
stm05132;sifA
stm05132;sseB
stm05132;sseC
stm05132;sseD
stm05132;sseF
stm05132;sseG
stm05132;sseJ
stm05132;sopE2
stm05132;fliC
stm05132;sspH2
stm05132;hmpA
stm05132;fljB
stm05132;pipB2
stm05132;ygaA
stm05132;STM2840
stm05132;ygbD
stm05132;avrA
stm05132;sptP
stm05132;sipA
stm05132;sipD
stm05132;sipC
stm05132;sipB
stm05132;nrfA
stm05132;yjeB
stm00650;ilvI
stm00650;ilvH
stm00650;sdhC
stm00650;sdhD
stm00650;sdhA
stm00650;sdhB
stm00650;pflF
stm00650;pflB
stm00650;ydiF
stm00650;yneI
stm00650;nifJ
stm00650;adhE
stm00650;fadJ
stm00650;gabD
stm00650;gabT
stm00650;yqeF
stm00650;tdcE
stm00650;ilvN
stm00650;ilvB
stm00650;ilvG
stm00650;ilvM
stm00650;fadB
stm00650;yihU
stm00650;pflD
stm00650;frdD
stm00650;frdC
stm00650;frdB
stm00650;frdA
stm00650;STM4519
