Gene Symbol and Synonyms,Gene Symbol
STM0045,ribF
STM2440,cysM
STM2458,eutB
STM3185,nudF
STM1220,ycfX
STM4172,zraP
STM1921,cheA
STM4090,menA
STM0103,araB
STM2811,proX
STM2285,glpB
STM2517,sinH
STM3319,yhbG
STM3103,yggV
STM2835,srlD
STM1051,sseI
STM1780,prsA
STM3902,ilvM
STM4403,cpdB
STM1956,fliA
STM2063,phsC
STM0964,dmsA
STM3617,STM3617
STM0231,dnaE
STM0618,citT
STM4173,hydH
STM1467,manA
STM0590,fepC
STM3419,rpmJ
STM2052,pduQ
STM1765,narK
STM1558,STM1558
STM2417,valX
STM4306,STM4306
STM3401,aroE
STM1631,sseJ
STM1968,fliE
STM1384,ttrC
STM3933,leuT
STM1977,fliN
STM1175,flgC
STM0665,gltI
STM3254,STM3254
STM3205,uppP
STM0674,glnV
STM4425,STM4425
STM3532,STM3532
STM2481,acrD
STM0424,xseB
STM2960,gudD
STM1200,tmk
STM2832,srlA
STM4036,fdoH
STM0272,STM0272
STM3242,tdcD
STM1314,celC
PSLT009,-
STM2403,glk
STM2683,ppnK
STM0591,fepG
STM4234,ubiA
STM2147,thiM
STM3982,fadA
STM2865,avrA
STM3936,hemX
STM1185,rne
STM4145,thrT
STM1724,trpD
STM1436,nemA
STM0849,STM0849
STM2861,sitA
STM0213,dapD
STM3862,glmU
STM1099,hpaB
STM3855,pstA
STM3427.S,rpsN
STM1726,trpB
STM3437,rplB
STM1727,trpA
STM0432,phnX
STM3355,STM3355
STM3728,rpmB
STM3661,xylA
STM2178,STM2178
STM3561,livG
STM0956,cydC
STM2466,eutD
STM0253,rrfH
STM3664,malS
STM2041,pduD
STM1626,trg
STM2083,rfbK
STM0515,allA
STM2165,yehZ
STM3710,rfaD
STM3150,hypO
STM3824,torR
STM4384,sgaB
STM0194,fhuB
STM0738,sucC
STM1299,gdhA
STM3354,STM3354
STM4358,amiB
STM4305.S,STM4305.S
STM4019,yihQ
STM2075,hisH
STM3013,lysA
STM0704,kdpC
STM3822,torA
STM1883,purT
STM2777,iroN
STM2824,STM2824
STM0310,gmhA
STM0963,serS
STM3420,secY
STM0012,dnaK
STM4045,rhaD
STM4386,ulaD
STM4557,holD
STM1537,STM1537
STM0170,hpt
STM2216,yejA
STM2443,cysU
STM0794,bioB
STM0087,folA
STM0598,entA
STM1231,phoP
STM0877,potF
STM2915,ygbM
STM3630,dppA
STM1234.S,mnmA
STM1223,potC
STM2750,STM2750
STM3979,fre
STM3426,rpsH
STM0705,kdpB
STM0486,recR
STM3436,rpsS
STM0406,yajC
STM1505,rspA
STM3313,yrbF
STM3992,rrfA
STM2091,rfbG
STM2971,sdaB
STM3359,mdh
STM0166,speE
STM3553,ugpQ
STM1885,edd
STM4292,basR
STM3328,arcB
STM3967,dlhH
STM2219,yejF
STM2089,rfbJ
STM2062,dacD
STM3424,rplR
STM3866,atpG
STM1385,ttrB
STM1262,STM1262
STM3733,pyrE
STM3854,pstB
STM3740,gmk
STM0762,STM0762
STM4164,thiC
STM0791,hutH
STM1171,flgN
STM3577,tcp
STM1180,flgH
STM3744,recG
STM0125,mraY
STM3975,tatC
STM3683,selA
STM2437,yfeJ
STM1962,fliT
STM3432,rpmC
STM0091,pdxA
STM2659,rrsG
STM1217.S,ycfU
STM0216,rpsB
STM1179,flgG
STM2578,pdxJ
STM4005,glnG
STM0248,yaeD
STM2933,cysC
STM4085,glpX
STM1244,pagD
STM2026,cbiJ
STM4544,dnaT
STM2500,purN
STM1786,STM1786
STM3283,rpsO
STM1191,rpmF
STM1894,ruvB
STM1824,pabB
STM2254,ccmA
STM2873,prgI
STM0123,murE
STM4037,fdoG
STM3447,rpsG
STM2096,rfbD
STM3118,STM3118
STM3789,uhpB
STM3141,STM3141
STM0282,STM0282
STM4555,leuQ
STM3010,aas
STM2499.S,purM
STM2300,STM2300
STM4538,STM4538
STM2787,STM2787
STM3563,livH
STM2397,pgtB
STM3674,lyxK
STM0481,priC
STM0958,trxB
STM1898,ruvC
STM0059,citD2
STM2141,fbaB
STM3061,ygfA
STM1224,sifA
STM0680,asnB
STM3891,rrlC
STM3207,ygiH
STM0043,rpsT
STM4132,rrsB
STM3212,mug
STM2317,nuoM
STM1218,lolD
STM1409,ssaJ
STM2071,hisG
STM4435,STM4435
STM0781,modA
STM0622,citE
STM2064,phsB
STM2017,cobS
STM2095,rfbA
STM2196,STM2196
STM0227,fabZ
STM2352,hisM
STM2896,invA
STM2297,yfbE
STM3131,STM3131
STM4058,cpxA
STM2081,gnd
STM2473,talA
STM2084,rfbM
STM3258,STM3258
STM0576,STM0576
STM0244,rcsF
STM3054,gcvH
STM0428,phnT
STM0619,citG
STM0891,artP
STM2321,nuoI
STM3869,atpF
STM2263,yojI
STM0585,fepA
STM4354,glyY
STM3838,dnaA
STM0208,dgt
STM4081,tpiA
STM0588,entF
STM1420,ssaS
STM1226,potA
STM0106,thiQ
STM4588,creB
STM0676,glnW
STM3472,ppiA
STM1524,yneI
STM2862,sitB
STM0506,tesA
STM4062,pfkA
STM1969,fliF
STM1318,katE
STM2365,folC
STM4541,mdoB
STM3771,STM3771
STM2579,recO
STM0937,hcp
STM1338,pheT
STM0625,dpiB
STM1086,serT
STM4289,STM4289
STM0110,leuD
STM0369,prpC
STM2891,spaO
STM3570,ftsE
STM2483,dapE
STM4301,dcuB
STM4536,STM4536
STM2193,folE
STM2187,yeiA
STM1357.S,ydiF
STM3393,rrfF
STM0973,pflB
STM4004,hemN
STM0183,folK
STM3295,folP
STM0648,leuS
STM0786,ybhC
STM2826,csrA
STM4589,creC
STM3068,fba
STM2067,sbcB
STM1366,STM1366
STM0222,cdsA
STM2186,STM2186
STM0957,cydD
STM3858,STM3858
STM3796,ilvB
STM0802,moaA
STM3336,nanK
STM2949,ptpS
STM0112,leuB
STM4047,rhaB
STM0279,STM0279
STM4341,frdC
STM2930,ispD
STM1901,aspS
STM0812,ybhO
STM2073,hisC
STM2128,yegO
STM3450,yheM
STM2246,narP
STM0806,moaE
STM1415,ssaN
STM4188.S,metH
STM2529,STM2529
STM3414,rplQ
STM3723,rfaQ
STM1647,ldhA
PSLT064,PSLT064
STM3896,trpT
STM1694,sapC
STM0519,glxR
STM3714,rfaK
STM3861,glmS
STM4106,katG
STM0332,STM0332
STM1358,aroD
STM3970,ubiE
STM0874,mdaA
STM0795,bioF
STM0108,tbpA
STM0171,yadF
STM2841,ygbD
STM3249,garL
STM3206,folB
STM4393,rpsR
STM3312,yrbE
STM0361,STM0361
STM1803,dadA
STM0444,ampG
STM3816,ccmD
STM3704,pmgI
STM0879,potH
STM3578,tusA
STM2461,eutG
STM2771,fljB
STM2189,mglA
STM3500,pckA
STM4585,gpmB
STM0977,serC
STM0829,glnP
STM2954,mazG
STM4479,yjgP
STM3538,glgB
STM0635.S,lipB
STM3334,STM3334
STM0386,proC
STM3324,ptsO
STM2573,STM2573
STM0707,kdpF
STM3417,rpsK
STM2090,rfbH
STM2024,cbiL
STM2176,STM2176
STM1422,ssaU
STM0805,moaD
STM3583,acpT
STM3542,gntK
STM1451,gst
STM0426,phnV
STM4392,priB
STM3857,pstS
STM0637,dacA
STM3868,atpH
STM3438,rplW
STM2395,pgtE
STM0646,holA
STM3883,rbsC
STM0393,yajF
STM3468,argD
STM3677,sgbE
STM3564,livK
STM4074,STM4074
STM1103,hpaD
STM0664,gltJ
STM3241,tdcE
STM1197,fabF
STM1830,manX
STM1559,STM1559
STM4183,aceB
STM2291,yfaW
STM0850,STM0850
STM4179,rrlE
STM2314,STM2314
STM1986,yedP
STM2528,STM2528
STM0360,STM0360
STM2435,pdxK
STM2927,surE
STM2755,STM2755
STM0209,htrA
STM3957,pldA
STM0163,pdxA
STM1959,fliC
STM2354,hisJ
STM2897,invE
STM0678,leuW
STM0594,fepB
STM4519,STM4519
STM3751,selC
STM4293,eptA
STM0158,acnB
STM3076,tktA
STM2667,pheA
STM4570,deoD
STM4229,malE
STM2074,hisB
STM1744,oppC
STM3161,metC
STM3989,ileT
STM3116,pheV
STM2072,hisD
STM05445,STM05445
STM1101,hpaG
STM2489,dapA
STM4143,tyrU
STM1749,adhE
STM1613,STM1613
STM2822,STM2822
STM1335,rpmI
STM3965,metE
STM0788,hutG
STM2834,slrB
STM2018,cobU
STM0663,gltK
STM2677,ffh
STM1193,fabH
STM3439,rplD
STM2198,STM2198
STM2322,nuoH
STM3193,STM3193
STM2028,cbiG
STM2298,pmrF
STM3129,STM3129
STM3999,polA
STM4163,thiE
STM0226,lpxD
STM4249,aphA
STM1742,oppF
STM2108,wcaG
STM2394,argW
STM1960,fliD
STM0753,lysW
STM0804,moaC
STM2332,STM2332
STM1919,cheM
STM1772,kdsA
STM2310,menF
STM0632,tatE
STM2956,relA
STM4460,pyrB
STM3793,STM3793
STM0706,kdpA
STM1502,speG
STM3339,nanA
STM0578,nfnB
STM4108,gldA
STM3914,rhlB
STM2502,ppx
STM2122,udk
STM0054,STM0054
STM3958,recQ
STM3431,rpsQ
STM4537,STM4537
STM4151,rplJ
STM0733,sdhD
STM1177,flgE
STM3562,livM
STM1313,celB
STM2328,nuoA
STM0329,STM0329
STM0047,lspA
STM4576,lplA
STM4184,aceA
STM4477,pepA
STM2817,luxS
STM0628,pagP
STM4182,metA
STM1679,mppA
STM1449,tyrS
STM3055,gcvT
STM0476,acrA
STM4275,acs
STM1493,STM1493
STM2278,nrdB
STM0398,phoR
PSLT066,-
STM2973,fucO
STM2378,fabB
STM4086,glpK
STM2105.S,manC
STM0192,fhuC
STM3772,STM3772
STM3173,plsC
STM4319,phoN
STM1170,STM1170
STM2418,valY
STM1418,ssaQ
STM0193,fhuD
STM2992,argA
STM3539,asd
STM2398,pgtC
STM2019,cbiP
STM4177,rrsE
STM2756,STM2756
STM1945,pgsA
STM1489,bioD
STM4351,STM4351
STM0003,thrB
STM3901,ilvG
STM1435,gloA
STM3665,avtA
STM3870,atpE
STM3250,garD
STM1178,flgF
STM0416,ribD
STM0263,rnhA
STM4176,purH
STM4568,deoA
STM0596,entE
STM2155,metG
STM2229,tRNAPro2
STM3836,recF
STM2758,STM2758
STM0420,pgpA
STM1294,ansA
STM0145,nadC
STM1855,sopE2
STM1083,yccX
STM2104,cpsG
STM2131,baeR
STM2951,ygcF
STM0761,STM0761
STM4569,deoB
STM1304,astA
STM0679,metT
STM2839,ygaA
STM1076,mgsA
STM1469,fumC
STM0321,proB
STM1246,pagC
STM4291,basS
STM0425,thiI
STM3741,rpoZ
STM4230,malK
STM3451,yheN
STM2472,maeB
STM0736,sucA
STM2807,nrdE
STM3939,cyaA
STM2564,glrK
STM1148.S,ymdC
STM0130,ddl
STM3829,dgoK
STM3961,pldB
STM1347,aroH
STM3428,rplE
STM2929,ispF
STM1576,narU
STM1471,rstB
STM0633,lipA
STM3991,rrlA
STM0443,cyoA
STM3423,rpsE
STM3628,dppC
STM0620,citX
STM3289,metY
STM0061,citF2
STM2057,pduW
STM2818,gshA
STM1788,STM1788
STM0046,ileS
STM0830,glnH
STM1787,STM1787
STM3787,uhpT
STM1599,pdgL
STM3837,dnaN
STM0782,modB
STM2809,proV
STM2341,STM2341
STM1692,sapA
STM1614,STM1614
STM1305,astD
STM2780,pipB2
STM4382,yjfR
STM1508,ydfI
STM2047,pduL
STM0889,artQ
STM1900,ntpA
STM1743,oppD
STM1201,holB
STM4101,metL
STM2991,amiC
STM3865,atpD
STM3464,prkB
STM2536,pepB
STM1725,trpC
STM2810,proW
STM3259,STM3259
STM1538,STM1538
STM1891,znuA
STM0265,aspV
STM0526,STM0526
STM3934,proM
STM0728,nei
STM2016,cobT
STM3788,uhpC
STM0062,STM0062
STM0439,cyoE
STM2948,cysJ
STM2990,metW
STM4247,alr
STM0980,cmk
STM0101,araD
STM2433,crr
STM3475,nirD
STM1378,pykF
STM1373,sufS
STM3315,kdsD
STM4100,metB
STM4391,rpsF
STM1391,ssrB
STM3433,rplP
STM0220,dxr
STM2555,glyA
STM1423,valW
STM4137,murB
STM3395,rrfD
STM2829,recA
STM2830,ygaD
STM3425,rplF
STM2000,serU
STM3441,rpsJ
STM4075,STM4075
STM1700,fabI
STM2388,fadJ
STM3782,STM3782
STM3090,metK
STM3095,gshB
STM2051,pduP
STM4077,STM4077
STM2559,cadA
STM2863,sitC
STM2252,ccmC
STM2042,pduE
STM3556,ugpA
STM0152,aceE
STM4248,tyrB
STM4166,nudC
STM3721,rfaP
STM3474,nirB
STM2175,STM2175
STM1426,ribE
STM1917,cheB
STM0126,murD
STM3700,gpsA
STM3001,thyA
STM3885,rbsK
STM2444,cysP
STM0407,secD
STM3053,gcvP
STM0129,murC
STM0734,sdhA
STM0136,secA
STM0088,apaH
STM3037,glyU
STM1492,STM1492
STM4256,ssb
STM2327,nuoB
STM2320,nuoJ
STM2450,amiA
STM0685,nagE
STM0981,rpsA
STM3415,rpoA
STM3139,gsp
STM0966,dmsC
STM1387,ttrR
STM4162,thiF
STM4262,STM4262
STM3294,glmM
STM1392,ssrA
STM1779,ipk
STM1736,yciA
STM3005,mutH
STM3434,rpsC
STM2065,phsA
STM0181,panC
STM3856,pstC
STM0422,dxs
STM3039,idi
STM3019,yqeF
STM4446,STM4446
STM4307,STM4307
STM0684,nagB
STM0640,mrdA
STM3164,yqhD
STM4465,STM4465
STM1763,narH
STM4066,STM4066
STM2823,STM2823
STM0458,STM0458
STM1312,celA
STM1929,otsB
STM2656,rrfG
STM4508,trpS2
STM2344,STM2344
STM0434,apbA
STM3531,STM3531
STM3917,rho
STM2996,recC
STM1888,pykA
STM2384,aroC
STM2031,cbiE
STM4135,rrlB
STM3686,mtlD
STM2396,pgtA
STM3057,ubiH
STM3293,secG
STM3560,livF
STM3716,rfaY
STM1340,btuC
STM3137,STM3137
STM0584,entD
STM3195,ribB
STM1577,narZ
STM0122,ftsI
STM3422,rpmD
STM2571,murQ
STM4475,valS
STM1570,fdnG
STM3469,pabA
STM2909,mutS
STM4246,dnaB
STM1831,manY
STM4046,rhaA
STM1448,pdxH
STM3726,mutM
STM3086,speA
STM4167,hemE
STM3881,rbsD
STM0673,glnX
STM3660,xylB
STM4353,glyX
STM0999,ompF
STM2993,recD
STM3430,rplN
STM0135,yacA
STM2331,yfbQ
STM1004,pncB
STM3292,leuU
STM3311,yrbD
STM0427,phnU
STM0372,hemB
STM2522,hisS
STM2362,purF
STM1404,sseF
STM2040,pduC
STM0207,pfs
STM2550,asrC
STM2127,yegN
STM3493,mrcA
STM0423,ispA
STM0234,ldcC
STM1247,STM1247
STM1406,ssaG
STM4064,ushB
STM3255,STM3255
STM0206,btuF
STM3968,udp
STM1762,narJ
STM3337,nanE
STM1163,pyrC
STM4254,uvrA
STM3114,speC
STM3842,yidC
STM0464,tesB
STM3839,rpmH
STM0309,fadE
STM4321,pheR
STM4476.S,holC
STM0887,artJ
STM3712,rfaC
STM4414,ppa
STM0440,cyoD
STM3042,recJ
STM1946,uvrC
STM3769.S,STM3769.S
STM0732,sdhC
STM0820,rhlE
STM2887,spaS
STM1104,hpaF
STM1915,cheZ
STM2530,STM2530
STM3554,ugpC
STM2959,STM2959
STM2511,guaB
STM1892.S,znuC
STM3889,rrsC
STM2277,nrdA
STM2308,yfbB
STM0643,cobC
STM3449,yheL
STM0245,metQ
STM1922,motB
STM4415,fbp
STM1129,STM1129
STM2299,yfbG
STM2126,STM2126
STM0380,ddl
STM1342,btuD
STM2002,asnT
STM3330,gltB
STM3603,treF
STM1711,ribA
STM2023,cbiM
STM2360,STM2360
STM4023,yihU
STM3739,ligB
STM4121,argC
STM4445,STM4445
STM0935,poxB
STM3122,STM3122
STM2030,cbiT
STM1310,nadE
STM0595,entC
STM1498,STM1498
STM0128,murG
STM2467,eutT
STM2204,fruA
STM3709,kbl
STM2093,rfbI
STM1982,rcsA
STM0863,dacC
STM1401,sseD
STM3135,STM3135
STM0232,accA
STM3818,ccmB
STM3599,STM3599
STM4304,dcuS
STM3247,garK
STM0722,STM0722
STM1712,acnA
STM1739,cls
STM0289,STM0289
STM2324,nuoF
STM2412,alaW
STM2206,fruF
STM1889,msbB
STM2556,hmpA
STM3213,STM3213
STM1750,tdk
STM0577,STM0577
STM3418,rpsM
STM1215,ycfS
STM2205,fruK
STM1000,asnC
STM3063,rpiA
STM3784,STM3784
STM4404,cysQ
STM0528,allD
STM1491,STM1491
STM1746.S,oppA
STM0773,galM
STM3344,rpsI
STM0857,STM0857
STM3062,serA
STM3300,dacB
STM4076,STM4076
STM4120,argE
STM2271,rcsC
STM1836,STM1836
STM0467,ffs
STM3178,ygiY
STM4114,pflD
STM1862,pagO
STM0949,serW
STM4424.S,STM4424.S
STM4330,groEL
STM0483,apt
STM2259,napA
STM0645,nadD
STM0218,pyrH
STM1925,flhD
STM1954,fliY
STM0698,pgm
STM3904,ilvD
STM3345,rplM
STM4063,sbp
STM4159,thiH
STM0141,guaC
STM1405,sseG
STM2673,rplS
STM4554,leuP
STM3396,rrlD
STM3104,yggW
STM2884,sipC
STM3074,STM3074
STM4149,rplK
STM0510,sfbA
STM1792,STM1792
STM1306,astB
STM3742,spoT
STM3376,yhdH
STM1337,pheS
STM0683,nagA
STM0686,glnS
STM1525,yneH
STM1134,serX
STM0741,cydB
STM2615,STM2615
STM2641,nadB
STM1135,ycdW
STM2935,cysD
STM3310,yrbC
STM1307,astE
STM0489,hemH
STM0058,citC2
STM1450,pdxY
STM2945,sopD
STM1974,fliK
STM2032,cbiD
STM1777,hemA
STM0169,gcd
STM3680,aldB
STM0317,gpt
STM3626,dppF
STM0778,modF
STM3535,glgA
STM1796,treA
STM1494,STM1494
STM4303,dcuR
STM3018,kduI
STM2353,hisQ
STM2121,dcd
STM3890,gltU
STM1826,sdaA
STM0252,rrlH
STM4467,STM4467
STM3725,coaD
STM3501,envZ
STM1914,flhB
STM0116,ilvI
STM1290,gapA
STM4228,malF
STM1651,nifJ
STM3867,atpA
STM2092,rfbF
STM4426,srfJ
STM0056,STM0056
STM2218,yejE
STM2080,udg
STM0184,pcnB
STM4035,fdoI
STM1419,ssaR
STM3394,thrV
STM0063,citG2
STM2325,nuoE
STM4144,glyT
STM2020,cbiO
STM2217,yejB
STM3701,secB
STM2946,cysH
STM1336,rplT
STM2323.S,nuoG
STM1195,fabG
STM3477,cysG
STM1818,fadD
STM1091,sopB
STM3218,oat
STM3502,ompR
STM2348,yfcF
STM3987,hemG
STM2888,spaR
STM0049,ispH
STM2878,sptP
STM0745,tolQ
STM0007,talB
STM1174,flgB
STM4126,udhA
STM1058,pyrD
STM4180,rrfE
STM1421,ssaT
STM3528,STM3528
STM3694,lldD
STM1943,cysT
STM0323,thrW
STM2034,cbiB
STM3974,tatB
STM1992,dcm
STM0626,dpiA
STM1567,adhP
STM2289,STM2289
STM3119,STM3119
STM2952,eno
STM3110,mutY
STM2442,cysW
STM3921,wecC
STM1238,icdA
STM0862,yliJ
STM1293,pncA
STM4452,nrdD
STM0316,pepD
STM3200,rfaE
STM2035,cbiA
STM0675,metU
STM4227,malG
STM4580.S,nadR
STM1475,rstA
STM0754,lysY
STM1349,pps
STM2894,invC
STM0002,thrA
STM0532,arcC
STM0004,thrC
STM0702,kdpE
STM0845,moeB
STM3931,argX
STM3859,aroE
STM3685,mtlA
PSLT039,-
STM2309,menD
STM1884,eda
STM0228,lpxA
STM1173,flgA
STM4459,pyrI
STM3551,ggt
STM4006,glnL
STM0202,hemL
STM0848,gsiA
STM1963,amyA
STM2194,yeiG
STM4343,frdA
STM0124,murF
STM1480,pntB
STM2889,spaQ
STM1569,fdnH
STM2523,ispG
STM2531,pbpC
STM2577,acpS
STM3711,rfaF
STM1303,argD
STM0985,lpxK
STM2427,ligA
STM4340,frdD
STM0370,prpD
STM0942,macB
STM0246,metI
STM0623,citD
STM3555,ugpE
STM2389,fadI
STM0419,thiL
STM0984,msbA
STM0774,galK
STM4152,rplL
STM2416,valU
STM2751,STM2751
STM1972,fliI
STM3217,aer
STM2785,tctD
STM2076,hisA
STM0542,folD
STM3947,dapF
STM0561,STM0561
STM4427,STM4427
STM1225,potB
STM1568,fdnI
STM0251,alaV
STM1952,yecS
STM2342,ulaA
STM0760,aroG
STM0828,glnQ
STM4510,STM4510
STM1183,flgK
STM3526,glpD
STM1057,pepN
STM4485,idnK
STM2338,pta
STM2316.S,nuoN
STM3352,oadA
STM1764,narG
STM2337,ackA
STM3040,lysS
STM2890,spaP
STM3351,oadB
STM3017,kduD
STM3440,rplC
STM4020.S,yihR
STM2833,srlE
STM0865,ybjG
STM1219,STM1219
STM3569,ftsX
STM2885,sipB
STM2097,rfbB
STM3635,yhjW
STM0878,potG
STM3536,glgC
STM0064,dapB
STM4559.S,yjjG
STM2898,invG
STM2304,pmrD
STM4401,ytfG
STM4533,tsr
STM0488,adk
STM4178,gltV
STM2512,xseA
STM2177,STM2177
STM4383.S,ulaA
STM3380,accC
STM3864,atpC
STM0592,fepD
STM1230,phoQ
STM4359,mutL
STM3484,dam
STM4567,deoC
STM0230,rnhB
STM1176,flgD
STM3932,hisR
STM3767,STM3767
STM2318,nuoL
STM0242,proS
STM1394,ssaC
STM0117,ilvH
STM1383,ttrA
STM2730,STM2730
STM2565,purG
STM1710,pgpB
STM0523,allB
STM1924.S,flhC
STM2167,dld
STM1506,rspB
STM1918,cheR
STM4298,melA
STM3884,rbsB
STM1767,narL
STM3655,glyS
STM3978,yigC
STM1920,cheW
STM0052,STM0052
STM0190,mrcB
STM2162,yehW
STM1795,STM1795
STM3828,dgoA
STM0102,araA
STM0783,modC
STM1557,STM1557
STM3938,hemC
STM4012,STM4012
STM0180,panD
STM4388,sgaE
STM4366,purA
STM2146,thiD
STM3280.S,deaD
STM4326,aspA
STM2480,narQ
STM3983,fadB
STM2786,STM2786
STM0494,ushA
STM2307,menB
STM3070,epd
STM0843,pflF
STM1222,potD
STM2431,ptsH
STM1579,narW
STM3075,STM3075
STM0534,purE
STM0469,rpmE2
STM2355,argT
STM0254,aspU
STM2286,glpC
STM1380,STM1380
STM3525,glpE
STM0772,gpmA
STM2430,cysK
STM3443,bfr
STM0368,prpB
STM2451,hemF
STM4080,STM4080
STM2129,yegB
STM0928,nanH
STM1184,flgL
STM2251,ccmD
STM0470,rpmJ
STM0662,gltL
STM0154,lpdA
STM2549,asrB
STM4221,pgi
STM2004,asnT
STM0249,rrsH
STM1910,STM1910
STM2658,gltW
STM3722,rfaG
STM1696,sapF
STM0455,ybaX
STM1961,fliS
STM0998,aspC
STM1102,hpaE
STM3282,pnp
STM0475,acrB
STM3290.S,argG
STM1909,argS
STM4138,birA
STM3819,ccmA
STM4578,serB
STM2670,aroF
STM3612,kdgK
STM1560,STM1560
STM2883,sipD
STM0285,STM0285
STM0793,bioA
STM0517,gcl
STM4220,lysC
STM2399,pgtP
STM0776,galE
STM0330,STM0330
STM4134,STM4134
STM2882,sipA
STM3713,rfaL
STM0429,phnS
STM0703,kdpD
STM2788,STM2788
STM2077,hisF
STM3997,dsbA
STM0527,allC
STM1766,narX
STM4110,ptsA
STM3627,dppD
STM3783,STM3783
STM0890,artI
STM2253,ccmB
STM3619,bcsA
STM2953,pyrG
STM3073,STM3073
STM3261,STM3261
STM1970,fliG
STM3514,malP
STM2094,rfbC
STM3719,rfaB
STM4133,ileU
STM0766,dcoC
STM3790,uhpA
STM1194,fabD
STM3078,speB
STM2784,tctE
STM0518,gip
STM0755,lysZ
STM3646,yiaE
STM4118,STM4118
STM04675,STM04675
STM4368,vacB
STM3257,gatZ
STM2752,STM2752
STM3416,rpsD
STM0735,sdhB
STM2284,glpA
STM1297,selD
STM3353,oadG
STM1950,sdiA
STM2029,cbiF
STM2561,glnB
STM2676,rpsP
STM2269,rscD
STM2974,fucA
STM1155,htrB
STM3331,gltD
STM0431,phnW
STM2130,baeS
PSLT046,mig
STM3136,STM3136
STM1761,narI
STM0719,STM0719
STM3322,ptsN
STM2022,cbiN
STM3909,ilvC
STM1566,sfcA
STM1209,nagZ
STM4123,argH
STM2351,hisP
STM1942,leuZ
STM2543,nifS
STM3210,dnaG
STM0771,STM0771
STM3882,rbsA
STM2241,sspH2
STM0730,gltA
STM3717,rfaJ
STM1718,cobA
STM1333,thrS
STM4233,ubiC
STM1976,fliM
STM2012,asnW
STM4285,fdhF
STM3240,tdcG
STM3069,pgk
STM4360,miaA
STM3320,rpoN
STM0261,gloB
STM3304,rplU
STM4136,rrfB
STM4044,STM4044
STM1119,STM1119
STM1539,STM1539
STM2792,gabT
STM2305,menE
STM2370,pdxB
STM0597,entB
STM2570,STM2570
STM3724,kdtA
STM2009,amn
STM2415,gltX
STM3482,gph
STM2498,upp
STM0624,citC
STM2647,ung
STM2166,bglX
STM3494.S,nudE
STM3509,bioH
STM2585A,STM2585A
STM1951,yecC
STM3379,accB
STM0165,speD
STM2463,eutE
STM3770,STM3770
STM0770,STM0770
STM3826,torS
STM3642,tag
STM1479,pntA
STM0214,glnD
STM1980,fliQ
STM0403,yajB
STM1097,STM1097
STM1578,narY
STM4342,frdB
STM3557,ugpB
STM4105,metF
STM0491,gsk
STM3435,rplV
STM0775,galT
STM3737,STM3737
STM2457,eutC
STM3905,ilvA
STM3305,ispB
STM4059,cpxR
STM2791,gabD
STM3003,ptsP
STM2419,lysV
STM0322,proA
STM4095,priA
STM0525,glxK
STM0247,metN
STM3056,visC
STM0441,cyoC
STM1289,yeaD
STM3429,rplX
STM3727,rpmG
STM0934,ltaA
STM2934,cysN
STM2058,pduX
STM2546,suhB
STM3186,tolC
STM1947,uvrY
STM0737,sucB
STM2669,tyrA
STM3937,hemD
STM2569,STM2569
STM3260,STM3260
STM0350.S,STM0350.S
STM2840,STM2840
STM4433,STM4433
STM1067,fabA
STM3708,tdh
STM2968,queF
STM0408,secF
STM2224,rplY
STM2319,nuoK
STM1386,ttrS
STM4096,rpmE
STM3922,rffG
STM4387,sgaU
STM2652,pssA
STM1181,flgI
STM1468,fumA
STM1203,ptsG
STM0401,malZ
STM3597,gor
STM1106,hpaI
STM4421,STM4421
STM3903,ilvE
STM3303,rpmA
STM1756,purU
STM3120,STM3120
STM1616,STM1616
STM1590,yncA
STM1424,valV
STM1916,cheY
STM3253,gatY
STM1979,fliP
STM2303,STM2303
STM2533,sseA
STM2977,fucK
STM0113,leuA
STM1913,flhA
STM3988,rrsA
STM0067,carB
STM1211,ndh
STM4160,thiG
STM0885,STM0885
STM1723,trpE
STM1981,fliR
STM2183,cdd
STM2343,STM2343
STM2098,galF
STM2301,arnT
STM0008,mogA
STM2302,STM2302
STM0988,kdsB
STM0140,coaE
STM0066,carA
STM2526,ndk
STM2356,ubiX
STM2827,alaS
STM3209,rpsU
STM2474,tktB
STM3699,cysE
STM0785,ybhE
STM1269,STM1269
STM3895,aspT
STM4267,STM4267
STM1208,thiK
STM0751,lysT
STM1398,sseB
STM2025,cbiK
STM4553,leuV
STM1580,narV
STM2657,rrlG
STM2441,cysA
STM0553,argU
STM3877,asnA
STM2163,yehX
STM3152,STM3152
STM0229,lpxB
STM1923,motA
STM0787,hutI
STM1878,exoX
STM0978,aroA
STM2958,barA
STM3629,dppB
STM4300,fumB
STM4277,nrfA
STM3177,ygiX
STM2190,mglB
STM1511,ydfG
STM3951,uvrD
STM2405,STM2405
STM1105,hpaH
STM4348,psd
STM0723,STM0723
STM2921,STM2921
STM3731,dut
STM3529,gldA
STM3730,dfp
STM2821,STM2821
STM3407,fmt
STM3307,murA
STM0417,ribH
STM2027,cbiH
STM1693,sapB
STM1499,STM1499
STM0884,ulaA
STM3715,rfaZ
STM0442,cyoB
STM4119,ppc
STM0797,bioD
STM3128,STM3128
STM3644,bisC
STM2021,cbiQ
STM2256,napB
STM1886,zwf
STM0397,phoB
STM4480,yjgQ
STM3676,sgbU
STM4469,argI
STM1098,hpaC
STM0677,glnU
STM0053,STM0053
STM1198,pabC
STM4394,rplI
STM4296,adi
STM1453,nth
STM3567,livJ
STM2033,cbiC
STM3668,yiaK
STM3675,sgbH
STM3483,rpe
STM2366,accD
STM4007,glnA
STM0537,cysS
STM2282,glpQ
STM0798,uvrB
STM1876,holE
STM0796,bioC
STM2326,nuoC
STM2808,nrdF
STM4142,thrU
STM0535,lpxH
STM3487,aroK
STM0756,nadA
STM2548,asrA
STM0621,citF
STM3598,STM3598
STM3537,glgX
STM3614,dctA
STM4161,STM4161
STM1172,flgM
STM2989,metZ
STM3571,ftsY
STM3795,ilvN
STM1802,dadX
STM3398,rrsD
STM1597,ydcW
STM3973,tatA
STM3697,STM3697
STM1302,xthA
STM3656,glyQ
STM2864,sitD
STM4367,yjeB
STM3326,mtgA
STM1944,glyW
STM4153,rpoB
STM1117,agp
STM1341,btuE
STM3244,tdcB
STM0221,uppS
STM0512,sfbC
STM1928,otsA
STM4131,murI
STM2306,menC
STM0111,leuC
STM3768,STM3768
STM0575,STM0575
STM4466,STM4466
STM1707,pyrF
STM3821,torD
STM1895,ruvA
STM2562,glrR
STM3718,rfaI
STM0533,purK
STM3990,alaT
STM0888,artM
STM2276,ubiG
STM4235,plsB
STM2270,rcsB
STM4487,leuX
STM4174,hydG
STM3913,gppA
STM0264,dnaQ
STM2691,STM2691
STM3823,torC
STM1232,purB
STM3817,ccmC
STM4139,coaA
STM0371,prpE
STM0671,ubiF
STM3481,trpS
STM2109,gmd
STM3004,ygdP
STM4154,rpoC
STM4122,argB
STM0055,STM0055
STM2188,mglC
STM0182,panB
STM2582,lepB
STM0549,fimZ
STM2501,ppk
STM3142,STM3142
STM4420,STM4420
STM3920,wecB
STM3248,garR
STM0752,valT
STM2825,STM2825
STM0134,lpxC
STM0739,sucD
STM1745,oppB
STM1627,STM1627
STM3466,crp
STM2432,ptsI
STM1759,tyrV
STM4150,rplA
STM4598,arcA
STM2947,cysI
STM3534,glgP
STM4352,glyV
STM2757,STM2757
STM1953,yedO
STM1326,pfkB
STM1757,tyrT
STM3309,yrbB
STM0280,STM0280
STM0060,citE2
STM1973,fliJ
STM4175,purD
STM0880,potI
STM2124,alkA
STM3397,STM3397
STM3147,hybC
STM0644,cobD
STM4385,ptxA
STM4535,STM4535
STM2976,fucI
STM3448,rpsL
STM0965,dmsB
STM2411,alaX
STM2267,ompC
STM3421,rplO
STM1832,manZ
STM3802,dsdA
STM2340,STM2340
STM1216,mfd
STM1519.S,marA
STM0851,STM0851
STM3634,proK
STM1978,fliO
STM3106,ansB
STM3871,atpB
STM2203,nfo
STM1752,galU
STM2164,yehY
STM3513,malQ
STM0574,STM0574
STM1084,yccK
STM4453,treC
STM3486,aroB
STM2459,eutA
STM1400,sseC
STM4361,hfq
STM2487,purC
STM4070,STM4070
STM0511,sfbB
STM2014,asnU
STM2994,recB
STM2510,guaA
STM1695,sapD
STM2871,prgK
STM4147,secE
STM1867,pagK
STM0250,ileV
STM3894,rrfC
STM1463,add
STM3316,kdsC
STM1192,plsX
STM0388,aroL
STM1971,fliH
STM1359,aroE
STM0740,cydA
STM2078,hisI
STM1497,STM1497
STM0701,speF
STM0276,STM0276
STM0484,dnaX
STM3216,STM3216
STM1793,STM1793
STM4236,dgkA
STM1893,znuB
STM0107,thiP
STM1414,ssaV
STM0768,dcoB
STM0153,aceF
STM1316,celF
STM3051,bglA
STM3775,STM3775