bsu00051;mtlA
bsu00051;mtlF
bsu00051;mtlD
bsu00051;gmuE
bsu00051;gmuF
bsu00051;gmuG
bsu00051;gutB
bsu00051;ydjE
bsu00051;manP
bsu00051;manA
bsu00051;fruK
bsu00051;fruA
bsu00051;xylA
bsu00051;sacC
bsu00051;levG
bsu00051;levF
bsu00051;levE
bsu00051;levD
bsu00051;pfkA
bsu00051;yulE
bsu00051;yulC
bsu00051;tpiA
bsu00051;yvyI
bsu00051;ywlF
bsu00051;glpX
bsu00051;fbaA
bsu00051;fbp
bsu01230;prs
bsu01230;cysK
bsu01230;cysE
bsu01230;ybgE
bsu01230;aroK
bsu01230;hxlB
bsu01230;hxlA
bsu01230;yclM
bsu01230;citA
bsu01230;yhdR
bsu01230;serC
bsu01230;argC
bsu01230;argJ
bsu01230;argB
bsu01230;argD
bsu01230;argF
bsu01230;yjcI
bsu01230;yjcJ
bsu01230;proG
bsu01230;proB
bsu01230;proA
bsu01230;metE
bsu01230;patA
bsu01230;dapH
bsu01230;dapL
bsu01230;pycA
bsu01230;ylmB
bsu01230;rpe
bsu01230;sdaAB
bsu01230;sdaAA
bsu01230;asd
bsu01230;dapG
bsu01230;dapA
bsu01230;glnA
bsu01230;tkt
bsu01230;citB
bsu01230;gltD
bsu01230;gltA
bsu01230;proJ
bsu01230;proH
bsu01230;yoaD
bsu01230;yodQ
bsu01230;ilvA
bsu01230;ilvD
bsu01230;metA
bsu01230;aspB
bsu01230;dapB
bsu01230;aroE
bsu01230;tyrA
bsu01230;hisC
bsu01230;trpA
bsu01230;trpB
bsu01230;trpF
bsu01230;trpC
bsu01230;trpD
bsu01230;trpE
bsu01230;aroH
bsu01230;aroB
bsu01230;aroF
bsu01230;serA
bsu01230;aroD
bsu01230;lysA
bsu01230;proI
bsu01230;mmgD
bsu01230;yqhS
bsu01230;aroE
bsu01230;yrhB
bsu01230;mccA
bsu01230;mtn
bsu01230;yrrT
bsu01230;pheA
bsu01230;pheB
bsu01230;leuD
bsu01230;leuC
bsu01230;leuB
bsu01230;leuA
bsu01230;ilvC
bsu01230;ilvH
bsu01230;ilvB
bsu01230;lysC
bsu01230;gapB
bsu01230;icd
bsu01230;citZ
bsu01230;pyk
bsu01230;pfkA
bsu01230;argH
bsu01230;argG
bsu01230;hisJ
bsu01230;aroA
bsu01230;ytkP
bsu01230;ytjP
bsu01230;metK
bsu01230;luxS
bsu01230;patB
bsu01230;dapF
bsu01230;thrB
bsu01230;thrC
bsu01230;hom
bsu01230;eno
bsu01230;pgm
bsu01230;tpiA
bsu01230;pgk
bsu01230;gapA
bsu01230;hisI
bsu01230;hisF
bsu01230;hisA
bsu01230;hisH
bsu01230;hisB
bsu01230;hisD
bsu01230;hisG
bsu01230;hisZ
bsu01230;alsS
bsu01230;glyA
bsu01230;ywlF
bsu01230;ywjH
bsu01230;fbaA
bsu01230;ywaA
bsu01230;argI
bsu01200;prs
bsu01200;cysK
bsu01200;cysE
bsu01200;ycdF
bsu01200;hxlB
bsu01200;hxlA
bsu01200;gdh
bsu01200;acoA
bsu01200;acoB
bsu01200;acoC
bsu01200;acoL
bsu01200;katA
bsu01200;citA
bsu01200;serC
bsu01200;yhfS
bsu01200;yitJ
bsu01200;yjgC
bsu01200;ykgB
bsu01200;pdhA
bsu01200;pdhB
bsu01200;pdhC
bsu01200;pdhD
bsu01200;pycA
bsu01200;rpe
bsu01200;sdaAB
bsu01200;sdaAA
bsu01200;sucC
bsu01200;sucD
bsu01200;tkt
bsu01200;citB
bsu01200;yngH
bsu01200;yoaD
bsu01200;pps
bsu01200;odhB
bsu01200;sucA
bsu01200;ilvA
bsu01200;kdgA
bsu01200;kdgK
bsu01200;serA
bsu01200;mleA
bsu01200;zwf
bsu01200;yqjI
bsu01200;yqjD
bsu01200;yqjC
bsu01200;lpdV
bsu01200;mmgD
bsu01200;mmgA
bsu01200;folD
bsu01200;accC
bsu01200;accB
bsu01200;gcvPB
bsu01200;gcvPA
bsu01200;gcvT
bsu01200;glcK
bsu01200;yqeC
bsu01200;adhB
bsu01200;yrhE
bsu01200;sdhB
bsu01200;sdhA
bsu01200;sdhC
bsu01200;gapB
bsu01200;mdh
bsu01200;icd
bsu01200;citZ
bsu01200;pyk
bsu01200;pfkA
bsu01200;accA
bsu01200;accD
bsu01200;ytsJ
bsu01200;ackA
bsu01200;ytcI
bsu01200;acsA
bsu01200;malS
bsu01200;ytkP
bsu01200;pckA
bsu01200;pgi
bsu01200;fadN
bsu01200;fumC
bsu01200;eno
bsu01200;pgm
bsu01200;tpiA
bsu01200;pgk
bsu01200;gapA
bsu01200;yvkC
bsu01200;glyA
bsu01200;ywlF
bsu01200;ywkA
bsu01200;glpX
bsu01200;ywjH
bsu01200;fbaA
bsu01200;eutD
bsu01200;katX
bsu01200;katE
bsu01200;mmsA
bsu01200;gntK
bsu01200;gntZ
bsu01200;fbp
bsu01200;yycR
bsu00750;yaaD
bsu00750;yaaE
bsu00750;serC
bsu00750;thrC
bsu00750;thiD
bsu00625;ycbD
bsu00625;yfnB
bsu00625;yfmT
bsu00625;dhaS
bsu00625;adhB
bsu00625;ywdH
bsu00625;aldY
bsu00625;aldX
bsu00625;yycR
bsu00260;pssA
bsu00260;yclM
bsu00260;acoL
bsu00260;serC
bsu00260;pdhD
bsu00260;sdaAB
bsu00260;sdaAA
bsu00260;asd
bsu00260;dapG
bsu00260;tdh
bsu00260;kbl
bsu00260;yoaD
bsu00260;ilvA
bsu00260;trpA
bsu00260;trpB
bsu00260;serA
bsu00260;dsdA
bsu00260;lpdV
bsu00260;gcvPB
bsu00260;gcvPA
bsu00260;gcvT
bsu00260;yrhB
bsu00260;lysC
bsu00260;gbsB
bsu00260;gbsA
bsu00260;thrB
bsu00260;thrC
bsu00260;hom
bsu00260;yusH
bsu00260;pgm
bsu00260;glyA
bsu00260;glxK
bsu00910;nasE
bsu00910;nasD
bsu00910;nasC
bsu00910;nasB
bsu00910;nasA
bsu00910;glnA
bsu00910;gltD
bsu00910;gltA
bsu00910;gudB
bsu00910;yrpB
bsu00910;ytiB
bsu00910;yvdA
bsu00910;narI
bsu00910;narJ
bsu00910;narH
bsu00910;narG
bsu00910;narK
bsu00910;rocG
bsu00630;ycsA
bsu00630;acoL
bsu00630;katA
bsu00630;citA
bsu00630;yhfS
bsu00630;yjgC
bsu00630;purU
bsu00630;pdhD
bsu00630;glnA
bsu00630;citB
bsu00630;yoaN
bsu00630;kdgA
bsu00630;yqjD
bsu00630;yqjC
bsu00630;lpdV
bsu00630;mmgD
bsu00630;mmgA
bsu00630;gcvPB
bsu00630;gcvPA
bsu00630;gcvT
bsu00630;yrhE
bsu00630;glcD
bsu00630;glcF
bsu00630;mdh
bsu00630;citZ
bsu00630;yusH
bsu00630;oxdC
bsu00630;glyA
bsu00630;katX
bsu00630;katE
bsu00630;glxK
bsu00340;ycbD
bsu00340;yfmT
bsu00340;dhaS
bsu00340;hisC
bsu00340;hisJ
bsu00340;hisI
bsu00340;hisF
bsu00340;hisA
bsu00340;hisH
bsu00340;hisB
bsu00340;hisD
bsu00340;hisG
bsu00340;hisZ
bsu00340;ywdH
bsu00340;aldY
bsu00340;hutH
bsu00340;hutU
bsu00340;hutI
bsu00340;hutG
bsu00340;aldX
bsu00626;adhB
bsu00472;dat
bsu00280;ybgE
bsu00280;ycbD
bsu00280;gabT
bsu00280;yfmT
bsu00280;acoL
bsu00280;yhfS
bsu00280;pdhD
bsu00280;yngG
bsu00280;dhaS
bsu00280;yqjD
bsu00280;yqjC
bsu00280;bkdB
bsu00280;bkdAB
bsu00280;bkdAA
bsu00280;lpdV
bsu00280;bcd
bsu00280;mmgA
bsu00280;yusK
bsu00280;ywdH
bsu00280;ywaA
bsu00280;aldY
bsu00280;scoB
bsu00280;scoA
bsu00280;mmsA
bsu00280;aldX
bsu00400;aroK
bsu00400;yhdR
bsu00400;aspB
bsu00400;aroE
bsu00400;tyrA
bsu00400;hisC
bsu00400;trpA
bsu00400;trpB
bsu00400;trpF
bsu00400;trpC
bsu00400;trpD
bsu00400;trpE
bsu00400;aroH
bsu00400;aroB
bsu00400;aroF
bsu00400;aroD
bsu00400;yqhS
bsu00400;aroE
bsu00400;pheA
bsu00400;pheB
bsu00400;aroA
bsu00564;glpQ
bsu00564;pssA
bsu00564;psd
bsu00564;yerQ
bsu00564;glpD
bsu00564;plsC
bsu00564;yhdW
bsu00564;plsX
bsu00564;cdsA
bsu00564;pgsA
bsu00564;yneS
bsu00564;gpsA
bsu00564;yqiK
bsu00564;araM
bsu00564;ytpA
bsu00564;tagD
bsu00564;clsA
bsu00564;clsB
bsu00564;ywiE
bsu00562;yisS
bsu00562;suhB
bsu00562;phy
bsu00562;yrbE
bsu00562;yvaA
bsu00562;tpiA
bsu00562;iolJ
bsu00562;iolI
bsu00562;iolG
bsu00562;iolE
bsu00562;iolD
bsu00562;iolC
bsu00562;iolB
bsu00562;mmsA
bsu01501;ybbD
bsu01501;ybxI
bsu01501;pbpC
bsu01501;pbpF
bsu01501;oppA
bsu01501;oppB
bsu01501;oppC
bsu01501;oppD
bsu01501;oppF
bsu01501;penP
bsu01501;ponA
bsu01501;bmrA
bsu00311;cah
bsu00311;penP
bsu03450;ligD
bsu03450;ykoV
bsu01130;ipk
bsu01130;glmU
bsu01130;prs
bsu01130;cysK
bsu01130;ispD
bsu01130;ispF
bsu01130;adk
bsu01130;glmM
bsu01130;glmS
bsu01130;ybcM
bsu01130;purT
bsu01130;ybgE
bsu01130;ycbD
bsu01130;ldh
bsu01130;aroK
bsu01130;cah
bsu01130;ycgM
bsu01130;yclM
bsu01130;purE
bsu01130;purK
bsu01130;purB
bsu01130;purC
bsu01130;purS
bsu01130;purQ
bsu01130;purL
bsu01130;purF
bsu01130;purM
bsu01130;purN
bsu01130;purH
bsu01130;purD
bsu01130;yfmT
bsu01130;nosA
bsu01130;acoA
bsu01130;acoB
bsu01130;acoC
bsu01130;acoL
bsu01130;katA
bsu01130;pgcA
bsu01130;citA
bsu01130;yhdR
bsu01130;serC
bsu01130;yhfS
bsu01130;sat
bsu01130;argC
bsu01130;argJ
bsu01130;argB
bsu01130;argD
bsu01130;argF
bsu01130;yjcI
bsu01130;proG
bsu01130;ykgB
bsu01130;proB
bsu01130;proA
bsu01130;pdhA
bsu01130;pdhB
bsu01130;pdhC
bsu01130;pdhD
bsu01130;ylmB
bsu01130;sat
bsu01130;rpe
bsu01130;sdaAB
bsu01130;sdaAA
bsu01130;sucC
bsu01130;sucD
bsu01130;dxr
bsu01130;asd
bsu01130;dapG
bsu01130;dapA
bsu01130;tkt
bsu01130;citB
bsu01130;yngB
bsu01130;yngH
bsu01130;yoxA
bsu01130;gltD
bsu01130;gltA
bsu01130;proJ
bsu01130;proH
bsu01130;yoaD
bsu01130;penP
bsu01130;dhaS
bsu01130;odhB
bsu01130;sucA
bsu01130;yodQ
bsu01130;ilvA
bsu01130;ilvD
bsu01130;aspB
bsu01130;dapB
bsu01130;aroE
bsu01130;tyrA
bsu01130;hisC
bsu01130;trpA
bsu01130;trpB
bsu01130;trpF
bsu01130;trpC
bsu01130;trpD
bsu01130;trpE
bsu01130;aroH
bsu01130;aroB
bsu01130;aroF
bsu01130;ndk
bsu01130;fni
bsu01130;serA
bsu01130;aroD
bsu01130;lysA
bsu01130;proI
bsu01130;zwf
bsu01130;yqjI
bsu01130;yqjD
bsu01130;bkdB
bsu01130;bkdAB
bsu01130;bkdAA
bsu01130;lpdV
bsu01130;bcd
bsu01130;mmgD
bsu01130;mmgA
bsu01130;dxs
bsu01130;ispA
bsu01130;accC
bsu01130;accB
bsu01130;yqhS
bsu01130;gcvPB
bsu01130;gcvPA
bsu01130;gcvT
bsu01130;glcK
bsu01130;ispG
bsu01130;ispH
bsu01130;aroE
bsu01130;yqeC
bsu01130;adhB
bsu01130;yrhB
bsu01130;yrbE
bsu01130;pheA
bsu01130;pheB
bsu01130;ilvC
bsu01130;ilvH
bsu01130;ilvB
bsu01130;sdhB
bsu01130;sdhA
bsu01130;sdhC
bsu01130;lysC
bsu01130;glcD
bsu01130;glcF
bsu01130;gapB
bsu01130;mdh
bsu01130;icd
bsu01130;citZ
bsu01130;pyk
bsu01130;pfkA
bsu01130;accA
bsu01130;accD
bsu01130;argH
bsu01130;argG
bsu01130;ytcI
bsu01130;acsA
bsu01130;aroA
bsu01130;ytkP
bsu01130;pckA
bsu01130;menF
bsu01130;ytdA
bsu01130;pgi
bsu01130;dhbB
bsu01130;dhbE
bsu01130;dhbC
bsu01130;dhbA
bsu01130;dapF
bsu01130;hom
bsu01130;yusH
bsu01130;yusK
bsu01130;fadM
bsu01130;fumC
bsu01130;eno
bsu01130;pgm
bsu01130;tpiA
bsu01130;pgk
bsu01130;gapA
bsu01130;nagA
bsu01130;gtaB
bsu01130;alsS
bsu01130;ywnH
bsu01130;glyA
bsu01130;ywlF
bsu01130;glpX
bsu01130;ywjH
bsu01130;fbaA
bsu01130;ywfH
bsu01130;ywfG
bsu01130;bacD
bsu01130;bacC
bsu01130;bacB
bsu01130;bacA
bsu01130;spsL
bsu01130;spsK
bsu01130;spsJ
bsu01130;spsI
bsu01130;ywdH
bsu01130;ywaA
bsu01130;katX
bsu01130;aldY
bsu01130;katE
bsu01130;iolG
bsu01130;aldX
bsu01130;glxK
bsu01130;gntK
bsu01130;gntZ
bsu01130;fbp
bsu01130;argI
bsu01130;rocD
bsu00130;yclB
bsu00130;ubiE
bsu00130;menC
bsu00130;menE
bsu00130;menB
bsu00130;ytxM
bsu00130;menD
bsu00130;menF
bsu00130;dhbC
bsu00130;menA
bsu00520;glmU
bsu00520;ybbD
bsu00520;murQ
bsu00520;glmM
bsu00520;glmS
bsu00520;ybcM
bsu00520;nagP
bsu00520;nagBB
bsu00520;gmuE
bsu00520;gmuF
bsu00520;ydjE
bsu00520;yfnH
bsu00520;nagP
bsu00520;pgcA
bsu00520;manA
bsu00520;ptsG
bsu00520;murB
bsu00520;xynB
bsu00520;xynD
bsu00520;yngB
bsu00520;ypqE
bsu00520;glcK
bsu00520;csn
bsu00520;xsa
bsu00520;abfA
bsu00520;ytdA
bsu00520;ytcA
bsu00520;glgD
bsu00520;glgC
bsu00520;pgi
bsu00520;nagA
bsu00520;nagBA
bsu00520;tuaD
bsu00520;mnaA
bsu00520;gtaB
bsu00520;yvyI
bsu00520;ywqF
bsu00520;murAA
bsu00520;murAB
bsu00520;galT
bsu00520;galK
bsu00520;galE
bsu00520;yyzE
bsu02030;tlpC
bsu02030;motB
bsu02030;motA
bsu02030;mcpC
bsu02030;cheV
bsu02030;fliG
bsu02030;fliM
bsu02030;fliY
bsu02030;cheY
bsu02030;cheB
bsu02030;cheA
bsu02030;cheW
bsu02030;cheC
bsu02030;cheD
bsu02030;yneI
bsu02030;cheR
bsu02030;ytxE
bsu02030;ytxD
bsu02030;tlpB
bsu02030;mcpA
bsu02030;tlpA
bsu02030;mcpB
bsu02030;yvaQ
bsu02030;rbsB
bsu00250;glmS
bsu00250;ybcM
bsu00250;ybgJ
bsu00250;ansZ
bsu00250;ycgN
bsu00250;gabT
bsu00250;gabD
bsu00250;purB
bsu00250;purF
bsu00250;yhdR
bsu00250;asnO
bsu00250;carA
bsu00250;carB
bsu00250;ylaM
bsu00250;pyrB
bsu00250;pyrAA
bsu00250;carB
bsu00250;glnA
bsu00250;gltD
bsu00250;gltA
bsu00250;aspB
bsu00250;gudB
bsu00250;aspA
bsu00250;ansA
bsu00250;nadB
bsu00250;argH
bsu00250;argG
bsu00250;asnB
bsu00250;ald
bsu00250;racX
bsu00250;rocA
bsu00250;rocG
bsu00250;asnH
bsu00250;purA
bsu02060;ybbF
bsu02060;nagP
bsu02060;mtlA
bsu02060;mtlF
bsu02060;gmuB
bsu02060;gmuA
bsu02060;gmuC
bsu02060;nagP
bsu02060;treP
bsu02060;malP
bsu02060;manP
bsu02060;ptsG
bsu02060;ptsI
bsu02060;fruA
bsu02060;ypqE
bsu02060;levG
bsu02060;levF
bsu02060;levE
bsu02060;levD
bsu02060;sacP
bsu02060;ywbA
bsu02060;sacX
bsu02060;licA
bsu02060;licC
bsu02060;licB
bsu02060;bglP
bsu02060;yyzE
bsu00310;ycbD
bsu00310;gabD
bsu00310;yfmT
bsu00310;dat
bsu00310;yhfS
bsu00310;dhaS
bsu00310;odhB
bsu00310;sucA
bsu00310;kamA
bsu00310;mmgA
bsu00310;ywdH
bsu00310;aldY
bsu00310;aldX
bsu00450;metS
bsu00450;ycgT
bsu00450;sat
bsu00450;yjcI
bsu00450;yjcJ
bsu00450;metE
bsu00450;sat
bsu00450;patB
bsu00450;yumC
bsu00450;sufS
bsu00450;trxB
bsu01212;fabL
bsu01212;fabHB
bsu01212;yhfL
bsu01212;yhfS
bsu01212;yhfT
bsu01212;fabHA
bsu01212;fabF
bsu01212;fabI
bsu01212;fabD
bsu01212;fabG
bsu01212;fabG
bsu01212;yngH
bsu01212;mmgA
bsu01212;accC
bsu01212;accB
bsu01212;ysiB
bsu01212;lcfA
bsu01212;accA
bsu01212;accD
bsu01212;fabG
bsu01212;yusK
bsu01212;fadN
bsu01212;fabZ
bsu00770;coaX
bsu00770;ybgE
bsu00770;acpS
bsu00770;ykpB
bsu00770;coaD
bsu00770;ylbQ
bsu00770;coaBC
bsu00770;ilvD
bsu00770;panD
bsu00770;panC
bsu00770;panB
bsu00770;coaA
bsu00770;ilvC
bsu00770;ilvH
bsu00770;ilvB
bsu00770;coaE
bsu00770;alsS
bsu00770;ywaA
bsu00500;ybbF
bsu00500;ycdG
bsu00500;amyE
bsu00500;gmuE
bsu00500;ydjE
bsu00500;yfnH
bsu00500;treP
bsu00500;treA
bsu00500;malA
bsu00500;malP
bsu00500;pgcA
bsu00500;xynB
bsu00500;eglS
bsu00500;yngB
bsu00500;ypqE
bsu00500;glcK
bsu00500;ysdC
bsu00500;ytdA
bsu00500;ytcA
bsu00500;glgP
bsu00500;glgA
bsu00500;glgD
bsu00500;glgC
bsu00500;glgB
bsu00500;yugT
bsu00500;pgi
bsu00500;sacB
bsu00500;levB
bsu00500;pgcM
bsu00500;malL
bsu00500;yvdK
bsu00500;tuaD
bsu00500;gtaB
bsu00500;ywqF
bsu00500;sacA
bsu00500;sacP
bsu00500;sacX
bsu00500;yyzE
bsu00622;catE
bsu00622;ywhB
bsu00350;gabD
bsu00350;yhdR
bsu00350;yoaI
bsu00350;aspB
bsu00350;hisC
bsu00350;adhB
bsu00670;purT
bsu00670;purN
bsu00670;purH
bsu00670;yitJ
bsu00670;purU
bsu00670;fmt
bsu00670;thyA
bsu00670;dfrA
bsu00670;thyA
bsu00670;folD
bsu00670;gcvT
bsu00670;yqgN
bsu00670;glyA
bsu00220;ybgJ
bsu00220;nosA
bsu00220;yhdR
bsu00220;argC
bsu00220;argJ
bsu00220;argB
bsu00220;argD
bsu00220;argF
bsu00220;ylaM
bsu00220;ylmB
bsu00220;glnA
bsu00220;yodQ
bsu00220;aspB
bsu00220;gudB
bsu00220;argH
bsu00220;argG
bsu00220;ureC
bsu00220;ureB
bsu00220;ureA
bsu00220;rocG
bsu00220;argI
bsu00052;ycdG
bsu00052;yesZ
bsu00052;pgcA
bsu00052;yngB
bsu00052;yoxA
bsu00052;glcK
bsu00052;pfkA
bsu00052;melA
bsu00052;ytdA
bsu00052;yugT
bsu00052;ganA
bsu00052;malL
bsu00052;gtaB
bsu00052;sacA
bsu00052;galT
bsu00052;galK
bsu00052;galE
bsu01120;prs
bsu01120;cysK
bsu01120;cysE
bsu01120;ycbD
bsu01120;phoD
bsu01120;ycdF
bsu01120;ldh
bsu01120;nasE
bsu01120;nasD
bsu01120;nasC
bsu01120;nasB
bsu01120;hxlB
bsu01120;hxlA
bsu01120;yclM
bsu01120;gabT
bsu01120;gabD
bsu01120;gdh
bsu01120;phoB
bsu01120;yetO
bsu01120;yfnB
bsu01120;yfmT
bsu01120;yflL
bsu01120;acoA
bsu01120;acoB
bsu01120;acoC
bsu01120;acoL
bsu01120;catE
bsu01120;pgcA
bsu01120;phoA
bsu01120;citA
bsu01120;serC
bsu01120;yhfS
bsu01120;yisS
bsu01120;yisZ
bsu01120;sat
bsu01120;yitB
bsu01120;yitC
bsu01120;yitD
bsu01120;yitJ
bsu01120;manP
bsu01120;yjgC
bsu01120;ykgB
bsu01120;fruA
bsu01120;pdhA
bsu01120;pdhB
bsu01120;pdhC
bsu01120;pdhD
bsu01120;pycA
bsu01120;cysH
bsu01120;sat
bsu01120;cysC
bsu01120;rpe
bsu01120;sucC
bsu01120;sucD
bsu01120;asd
bsu01120;dapG
bsu01120;dapA
bsu01120;glnA
bsu01120;tkt
bsu01120;citB
bsu01120;yngH
bsu01120;yoxA
bsu01120;gltD
bsu01120;gltA
bsu01120;yoaD
bsu01120;yoaI
bsu01120;pps
bsu01120;dhaS
bsu01120;odhB
bsu01120;sucA
bsu01120;kdgA
bsu01120;kdgK
bsu01120;mgsA
bsu01120;dapB
bsu01120;serA
bsu01120;lysA
bsu01120;zwf
bsu01120;yqjI
bsu01120;yqjD
bsu01120;yqjC
bsu01120;lpdV
bsu01120;mmgD
bsu01120;mmgB
bsu01120;mmgA
bsu01120;folD
bsu01120;accC
bsu01120;accB
bsu01120;glcK
bsu01120;yqeC
bsu01120;adhB
bsu01120;cypB
bsu01120;yrhE
bsu01120;yrbE
bsu01120;sdhB
bsu01120;sdhA
bsu01120;sdhC
bsu01120;lysC
bsu01120;ysiB
bsu01120;glcD
bsu01120;glcF
bsu01120;gapB
bsu01120;mdh
bsu01120;icd
bsu01120;citZ
bsu01120;pyk
bsu01120;pfkA
bsu01120;accA
bsu01120;accD
bsu01120;nrnA
bsu01120;ackA
bsu01120;ytcI
bsu01120;acsA
bsu01120;ytkP
bsu01120;ytjP
bsu01120;pckA
bsu01120;yulE
bsu01120;yulC
bsu01120;pgi
bsu01120;dapF
bsu01120;thrB
bsu01120;thrC
bsu01120;hom
bsu01120;yutF
bsu01120;pucH
bsu01120;pucL
bsu01120;pucM
bsu01120;pucE
bsu01120;pucD
bsu01120;pucC
bsu01120;pucB
bsu01120;pucA
bsu01120;yurH
bsu01120;yusK
bsu01120;fadN
bsu01120;fumC
bsu01120;yvgQ
bsu01120;cysJ
bsu01120;yvaA
bsu01120;eno
bsu01120;pgm
bsu01120;tpiA
bsu01120;pgk
bsu01120;gapA
bsu01120;yvcT
bsu01120;yvkC
bsu01120;ureC
bsu01120;ureB
bsu01120;ureA
bsu01120;glyA
bsu01120;ywlF
bsu01120;glpX
bsu01120;ywjH
bsu01120;fbaA
bsu01120;narI
bsu01120;narJ
bsu01120;narH
bsu01120;narG
bsu01120;ywhB
bsu01120;eutD
bsu01120;ywdH
bsu01120;aldY
bsu01120;iolJ
bsu01120;iolI
bsu01120;iolG
bsu01120;iolE
bsu01120;iolD
bsu01120;iolC
bsu01120;iolB
bsu01120;aldX
bsu01120;gntK
bsu01120;gntZ
bsu01120;fbp
bsu01120;yycR
bsu00410;ycbD
bsu00410;gabT
bsu00410;yfmT
bsu00410;dhaS
bsu00410;panD
bsu00410;panC
bsu00410;speE
bsu00410;ywdH
bsu00410;aldY
bsu00410;mmsA
bsu00410;aldX
bsu00511;yesZ
bsu00511;lytD
bsu01503;cwlD
bsu01503;mprF
bsu01503;cwlC
bsu01503;yqiI
bsu01503;yrvJ
bsu01503;htrB
bsu01503;lytC
bsu01503;dltA
bsu01503;dltB
bsu01503;dltC
bsu01503;dltD
bsu00592;yusK
bsu02010;cbiO
bsu02010;cbiO
bsu02010;ybaF
bsu02010;feuC
bsu02010;feuB
bsu02010;feuA
bsu02010;natA
bsu02010;natB
bsu02010;adcA
bsu02010;adcC
bsu02010;adcB
bsu02010;opuAA
bsu02010;opuAB
bsu02010;opuAC
bsu02010;yckA
bsu02010;yckB
bsu02010;tcyC
bsu02010;tcyB
bsu02010;tcyA
bsu02010;yclN
bsu02010;yclO
bsu02010;yclP
bsu02010;yclQ
bsu02010;vmlR
bsu02010;lplA
bsu02010;lplB
bsu02010;lplC
bsu02010;yfmF
bsu02010;yfmE
bsu02010;yfmD
bsu02010;yfmC
bsu02010;yfiY
bsu02010;yfiZ
bsu02010;yfhA
bsu02010;ygaD
bsu02010;ssuB
bsu02010;ssuA
bsu02010;ssuC
bsu02010;yhcJ
bsu02010;yhfQ
bsu02010;bioY
bsu02010;oppA
bsu02010;oppB
bsu02010;oppC
bsu02010;oppD
bsu02010;oppF
bsu02010;dppB
bsu02010;dppC
bsu02010;dppD
bsu02010;dppE
bsu02010;thiX
bsu02010;thiW
bsu02010;ylmA
bsu02010;sunT
bsu02010;pstBB
bsu02010;pstBA
bsu02010;pstA
bsu02010;pstC
bsu02010;pstS
bsu02010;yrpE
bsu02010;glnQ
bsu02010;glnH
bsu02010;glnM
bsu02010;glnP
bsu02010;araQ
bsu02010;araP
bsu02010;araN
bsu02010;tcyN
bsu02010;tcyM
bsu02010;tcyL
bsu02010;tcyK
bsu02010;tcyJ
bsu02010;yteP
bsu02010;ytcQ
bsu02010;ytcP
bsu02010;msmE
bsu02010;amyD
bsu02010;amyC
bsu02010;bceB
bsu02010;bceA
bsu02010;ytrF
bsu02010;ytrE
bsu02010;ytrD
bsu02010;ytrC
bsu02010;ytrB
bsu02010;mntD
bsu02010;mntC
bsu02010;mntB
bsu02010;mntA
bsu02010;bioYB
bsu02010;yurJ
bsu02010;frlM
bsu02010;frlN
bsu02010;frlO
bsu02010;metN
bsu02010;metP
bsu02010;metQ
bsu02010;yusV
bsu02010;yvrA
bsu02010;yvrB
bsu02010;yvrC
bsu02010;fhuC
bsu02010;fhuG
bsu02010;fhuB
bsu02010;fhuD
bsu02010;yvgL
bsu02010;yvgM
bsu02010;opuBD
bsu02010;opuBC
bsu02010;opuBB
bsu02010;opuBA
bsu02010;opuCD
bsu02010;opuCC
bsu02010;opuCB
bsu02010;opuCA
bsu02010;ganQ
bsu02010;ganP
bsu02010;cycB
bsu02010;mdxG
bsu02010;mdxF
bsu02010;mdxE
bsu02010;bmrA
bsu02010;ftsX
bsu02010;ftsE
bsu02010;tagH
bsu02010;tagG
bsu02010;rbsD
bsu02010;rbsA
bsu02010;rbsC
bsu02010;rbsB
bsu02010;cydD
bsu02010;cydC
bsu02010;msmX
bsu02010;yxeO
bsu02010;yxeN
bsu02010;yxeM
bsu02010;yxeB
bsu02010;yydJ
bsu02010;yydI
bsu00072;yhfS
bsu00072;yngG
bsu00072;mmgA
bsu00072;yxjF
bsu00072;scoB
bsu00072;scoA
bsu00730;thiL
bsu00730;thiC
bsu00730;tenA
bsu00730;tenI
bsu00730;thiO
bsu00730;thiG
bsu00730;thiF
bsu00730;yjbV
bsu00730;thiN
bsu00730;dxs
bsu00730;iscS
bsu00730;nifS
bsu00730;ytbJ
bsu00730;iscS
bsu00730;thiE
bsu00730;thiM
bsu00780;fabF
bsu00780;fabI
bsu00780;fabG
bsu00780;fabG
bsu00780;birA
bsu00780;fabG
bsu00780;bioI
bsu00780;bioB
bsu00780;bioD
bsu00780;bioF
bsu00780;bioA
bsu00780;bioW
bsu00780;fabZ
bsu00360;yhdR
bsu00360;dat
bsu00360;aspB
bsu00360;hisC
bsu00360;mmgB
bsu00360;yurR
bsu03420;mfd
bsu03420;pcrA
bsu03420;ligA
bsu03420;yjcD
bsu03420;ligB
bsu03420;uvrC
bsu03420;polA
bsu03420;helD
bsu03420;uvrA
bsu03420;uvrB
bsu00521;pgcA
bsu00521;suhB
bsu00521;glcK
bsu00521;yrbE
bsu00521;spsL
bsu00521;spsK
bsu00521;spsJ
bsu00521;spsI
bsu00521;iolG
bsu02020;dnaA
bsu02020;glnT
bsu02020;ybgJ
bsu02020;glnJ
bsu02020;glnL
bsu02020;phoD
bsu02020;natK
bsu02020;natR
bsu02020;natA
bsu02020;natB
bsu02020;tlpC
bsu02020;comS
bsu02020;dctB
bsu02020;dctS
bsu02020;dctR
bsu02020;dctP
bsu02020;ydfH
bsu02020;ydfI
bsu02020;ydfJ
bsu02020;phoB
bsu02020;yesM
bsu02020;yesN
bsu02020;yflS
bsu02020;citS
bsu02020;citT
bsu02020;citM
bsu02020;mprF
bsu02020;phoA
bsu02020;yhfS
bsu02020;kinE
bsu02020;kinD
bsu02020;motA
bsu02020;mcpC
bsu02020;kinA
bsu02020;cheV
bsu02020;kinC
bsu02020;ctaA
bsu02020;cheY
bsu02020;cheB
bsu02020;cheA
bsu02020;cheW
bsu02020;sigD
bsu02020;glnA
bsu02020;yneI
bsu02020;des
bsu02020;desK
bsu02020;desR
bsu02020;yodJ
bsu02020;cheR
bsu02020;resE
bsu02020;resD
bsu02020;mleA
bsu02020;mmgA
bsu02020;spo0A
bsu02020;pstS
bsu02020;spo0B
bsu02020;ysbB
bsu02020;ysbA
bsu02020;lytT
bsu02020;lytS
bsu02020;phoR
bsu02020;phoP
bsu02020;ytsJ
bsu02020;ytxD
bsu02020;malS
bsu02020;bceB
bsu02020;bceA
bsu02020;bceS
bsu02020;bceR
bsu02020;ythA
bsu02020;ythB
bsu02020;tlpB
bsu02020;mcpA
bsu02020;tlpA
bsu02020;mcpB
bsu02020;kinB
bsu02020;kapB
bsu02020;yufL
bsu02020;yufM
bsu02020;maeN
bsu02020;comA
bsu02020;comP
bsu02020;comX
bsu02020;htrB
bsu02020;cssR
bsu02020;cssS
bsu02020;liaR
bsu02020;liaS
bsu02020;liaF
bsu02020;liaG
bsu02020;liaH
bsu02020;liaI
bsu02020;yvaQ
bsu02020;yvfT
bsu02020;sigL
bsu02020;sacB
bsu02020;yvzB
bsu02020;hag
bsu02020;csrA
bsu02020;degU
bsu02020;degS
bsu02020;glnK
bsu02020;ywkA
bsu02020;spo0F
bsu02020;narI
bsu02020;narJ
bsu02020;narH
bsu02020;narG
bsu02020;dltA
bsu02020;dltB
bsu02020;dltC
bsu02020;dltD
bsu02020;cydB
bsu02020;cydA
bsu02020;yxdM
bsu02020;yxdL
bsu02020;yxdK
bsu02020;yxdJ
bsu02020;walK
bsu02020;walR
bsu00290;ybgE
bsu00290;ilvA
bsu00290;ilvD
bsu00290;bcd
bsu00290;leuD
bsu00290;leuC
bsu00290;leuB
bsu00290;leuA
bsu00290;ilvC
bsu00290;ilvH
bsu00290;ilvB
bsu00290;alsS
bsu00290;ywaA
bsu00300;yclM
bsu00300;murF
bsu00300;patA
bsu00300;dapH
bsu00300;dapL
bsu00300;murE
bsu00300;asd
bsu00300;dapG
bsu00300;dapA
bsu00300;dapB
bsu00300;lysA
bsu00300;lysC
bsu00300;ytjP
bsu00300;dapF
bsu00300;hom
bsu00330;ycbD
bsu00330;ycgM
bsu00330;ycgN
bsu00330;yfmT
bsu00330;nosA
bsu00330;yhdR
bsu00330;dat
bsu00330;proG
bsu00330;proB
bsu00330;proA
bsu00330;speA
bsu00330;proJ
bsu00330;proH
bsu00330;dhaS
bsu00330;aspB
bsu00330;proI
bsu00330;bltD
bsu00330;speD
bsu00330;fadM
bsu00330;speB
bsu00330;speE
bsu00330;rocA
bsu00330;ywdH
bsu00330;aldY
bsu00330;aldX
bsu00330;argI
bsu00330;rocD
bsu00061;fabL
bsu00061;fabHB
bsu00061;yhfL
bsu00061;yhfT
bsu00061;fabHA
bsu00061;fabF
bsu00061;fabI
bsu00061;fabD
bsu00061;fabG
bsu00061;fabG
bsu00061;yngH
bsu00061;accC
bsu00061;accB
bsu00061;lcfA
bsu00061;accA
bsu00061;accD
bsu00061;fabG
bsu00061;fabZ
bsu00785;yhfJ
bsu00785;yqhM
bsu00785;lipA
bsu00680;hxlB
bsu00680;hxlA
bsu00680;serC
bsu00680;yitC
bsu00680;yitD
bsu00680;yjgC
bsu00680;yoaD
bsu00680;pps
bsu00680;serA
bsu00680;adhB
bsu00680;yrhE
bsu00680;mdh
bsu00680;pfkA
bsu00680;ackA
bsu00680;ytcI
bsu00680;acsA
bsu00680;eno
bsu00680;pgm
bsu00680;yvkC
bsu00680;glyA
bsu00680;glpX
bsu00680;fbaA
bsu00680;eutD
bsu00680;fbp
bsu00680;yycR
bsu00190;ndhF
bsu00190;ctaO
bsu00190;ndh
bsu00190;ctaA
bsu00190;ctaB
bsu00190;ctaC
bsu00190;ctaD
bsu00190;ctaE
bsu00190;ctaF
bsu00190;qcrC
bsu00190;qcrB
bsu00190;qcrA
bsu00190;sdhB
bsu00190;sdhA
bsu00190;sdhC
bsu00190;ythA
bsu00190;ythB
bsu00190;yumB
bsu00190;yutJ
bsu00190;hprP
bsu00190;atpC
bsu00190;atpD
bsu00190;atpG
bsu00190;atpA
bsu00190;atpH
bsu00190;atpF
bsu00190;atpE
bsu00190;atpB
bsu00190;qoxD
bsu00190;qoxC
bsu00190;qoxB
bsu00190;qoxA
bsu00190;cydB
bsu00190;cydA
bsu00190;ppaC
bsu03070;secE
bsu03070;secY
bsu03070;tatAD
bsu03070;tatCD
bsu03070;tatAY
bsu03070;tatCY
bsu03070;ftsY
bsu03070;ffh
bsu03070;tatAC
bsu03070;yqjG
bsu03070;secDF
bsu03070;yajC
bsu03070;secG
bsu03070;secA
bsu03070;spoIIIJ
bsu03010;ctc
bsu03010;rpmG
bsu03010;rplK
bsu03010;rplA
bsu03010;rplJ
bsu03010;rplL
bsu03010;ybxF
bsu03010;rpsL
bsu03010;rpsG
bsu03010;rpsJ
bsu03010;rplC
bsu03010;rplD
bsu03010;rplW
bsu03010;rplB
bsu03010;rpsS
bsu03010;rplV
bsu03010;rpsC
bsu03010;rplP
bsu03010;rpmC
bsu03010;rpsQ
bsu03010;rplN
bsu03010;rplX
bsu03010;rplE
bsu03010;rpsN
bsu03010;rpsH
bsu03010;rplF
bsu03010;rplR
bsu03010;rpsE
bsu03010;rpmD
bsu03010;rplO
bsu03010;rpmJ
bsu03010;rpsM
bsu03010;rpsK
bsu03010;rplQ
bsu03010;rplM
bsu03010;rpsI
bsu03010;rpsN
bsu03010;rpmF
bsu03010;rpmB
bsu03010;rpsP
bsu03010;rplS
bsu03010;rpsB
bsu03010;rpsO
bsu03010;rpsA
bsu03010;rpmG
bsu03010;rpsU
bsu03010;rpsT
bsu03010;rpmA
bsu03010;rplU
bsu03010;rplT
bsu03010;rpmI
bsu03010;rpsD
bsu03010;rpmE2
bsu03010;rpmE
bsu03010;rplI
bsu03010;rpsR
bsu03010;rpsF
bsu03010;rpmH
bsu03010;rrnO-16S
bsu03010;rrnW-23S
bsu03010;rrnW-5S
bsu03010;rrnE-23S
bsu03010;rrnE-5S
bsu03010;rrnI-23S
bsu03010;rrnI-5S
bsu03010;rrnH-16S
bsu03010;rrnD-23S
bsu03010;rrnD-5S
bsu03010;rrnB-16S
bsu03010;rrnO-23S
bsu03010;rrnB-23S
bsu03010;rrnB-5S
bsu03010;rrnD-16S
bsu03010;rrnI-16S
bsu03010;rrnH-5S
bsu03010;rrnG-16S
bsu03010;rrnA-5S
bsu03010;rrnG-23S
bsu03010;rrnG-5S
bsu03010;rrnH-23S
bsu03010;rrnO-5S
bsu03010;rrnE-16S
bsu03010;rrnA-16S
bsu03010;rrnA-23S
bsu03010;rrnJ-16S
bsu03010;rrnJ-23S
bsu03010;rrnJ-5S
bsu03010;rrnW-16S
bsu00281;yngG
bsu00281;mmgC
bsu00281;yusK
bsu00261;yclM
bsu00261;sat
bsu00261;sat
bsu00261;asd
bsu00261;dapG
bsu00261;dapA
bsu00261;dapB
bsu00261;lysC
bsu01110;guaB
bsu01110;ipk
bsu01110;prs
bsu01110;hprT
bsu01110;cysK
bsu01110;ispD
bsu01110;ispF
bsu01110;cysE
bsu01110;adk
bsu01110;purT
bsu01110;pssA
bsu01110;psd
bsu01110;ybgE
bsu01110;mmuM
bsu01110;ycbD
bsu01110;ansZ
bsu01110;ldh
bsu01110;aroK
bsu01110;ycgM
bsu01110;nasF
bsu01110;yclB
bsu01110;yclM
bsu01110;gmuF
bsu01110;purE
bsu01110;purK
bsu01110;purB
bsu01110;purC
bsu01110;purS
bsu01110;purQ
bsu01110;purL
bsu01110;purF
bsu01110;purM
bsu01110;purN
bsu01110;purH
bsu01110;purD
bsu01110;yerQ
bsu01110;yfmT
bsu01110;nosA
bsu01110;yfkN
bsu01110;acoA
bsu01110;acoB
bsu01110;acoC
bsu01110;acoL
bsu01110;gsaB
bsu01110;katA
bsu01110;yhcV
bsu01110;glpD
bsu01110;pgcA
bsu01110;citA
bsu01110;plsC
bsu01110;yhdR
bsu01110;hemZ
bsu01110;hemE
bsu01110;hemH
bsu01110;hemY
bsu01110;yhfS
bsu01110;asnO
bsu01110;yisP
bsu01110;yitJ
bsu01110;argC
bsu01110;argJ
bsu01110;argB
bsu01110;argD
bsu01110;argF
bsu01110;yjcI
bsu01110;yjcJ
bsu01110;manA
bsu01110;ctaO
bsu01110;hemD
bsu01110;proG
bsu01110;ykgB
bsu01110;proA
bsu01110;metE
bsu01110;patA
bsu01110;dapH
bsu01110;dapL
bsu01110;ykpB
bsu01110;pdhA
bsu01110;pdhB
bsu01110;pdhC
bsu01110;pdhD
bsu01110;ctaA
bsu01110;ctaB
bsu01110;ylbQ
bsu01110;ylmB
bsu01110;sumT
bsu01110;sirB
bsu01110;sirC
bsu01110;rpe
bsu01110;sdaAB
bsu01110;sdaAA
bsu01110;plsX
bsu01110;sucC
bsu01110;sucD
bsu01110;uppS
bsu01110;cdsA
bsu01110;dxr
bsu01110;ribC
bsu01110;asd
bsu01110;dapG
bsu01110;dapA
bsu01110;miaA
bsu01110;tkt
bsu01110;citB
bsu01110;yneS
bsu01110;yngH
bsu01110;yoxA
bsu01110;gltD
bsu01110;gltA
bsu01110;proH
bsu01110;dhaS
bsu01110;odhB
bsu01110;sucA
bsu01110;deoD
bsu01110;yodQ
bsu01110;ilvA
bsu01110;ilvD
bsu01110;metA
bsu01110;xpt
bsu01110;aspB
bsu01110;panD
bsu01110;panC
bsu01110;panB
bsu01110;dapB
bsu01110;aroE
bsu01110;tyrA
bsu01110;hisC
bsu01110;trpA
bsu01110;trpB
bsu01110;trpF
bsu01110;trpC
bsu01110;trpD
bsu01110;trpE
bsu01110;aroH
bsu01110;aroB
bsu01110;aroF
bsu01110;ndk
bsu01110;hepT
bsu01110;ubiE
bsu01110;hepS
bsu01110;gpsA
bsu01110;fni
bsu01110;aroD
bsu01110;ribH
bsu01110;ribA
bsu01110;ribE
bsu01110;ribD
bsu01110;lysA
bsu01110;pupG
bsu01110;ansA
bsu01110;proI
bsu01110;zwf
bsu01110;yqjI
bsu01110;bkdB
bsu01110;bkdAB
bsu01110;bkdAA
bsu01110;lpdV
bsu01110;bcd
bsu01110;mmgD
bsu01110;mmgA
bsu01110;dxs
bsu01110;ispA
bsu01110;accC
bsu01110;accB
bsu01110;yqhS
bsu01110;gcvPB
bsu01110;gcvPA
bsu01110;gcvT
bsu01110;glcK
bsu01110;ispG
bsu01110;ispH
bsu01110;hemN
bsu01110;aroE
bsu01110;yqeC
bsu01110;adhB
bsu01110;pheA
bsu01110;pheB
bsu01110;hemL
bsu01110;hemB
bsu01110;hemD
bsu01110;hemC
bsu01110;hemA
bsu01110;leuD
bsu01110;leuC
bsu01110;leuB
bsu01110;leuA
bsu01110;ilvC
bsu01110;ilvH
bsu01110;ilvB
bsu01110;sdhB
bsu01110;sdhA
bsu01110;sdhC
bsu01110;lysC
bsu01110;glcD
bsu01110;glcF
bsu01110;gapB
bsu01110;mdh
bsu01110;icd
bsu01110;citZ
bsu01110;pyk
bsu01110;pfkA
bsu01110;accA
bsu01110;accD
bsu01110;argH
bsu01110;argG
bsu01110;ytcI
bsu01110;hisJ
bsu01110;acsA
bsu01110;aroA
bsu01110;ytkP
bsu01110;asnB
bsu01110;metK
bsu01110;pckA
bsu01110;menC
bsu01110;menE
bsu01110;menB
bsu01110;ytxM
bsu01110;menD
bsu01110;menF
bsu01110;glgP
bsu01110;glgA
bsu01110;glgD
bsu01110;glgC
bsu01110;glgB
bsu01110;pgi
bsu01110;patB
bsu01110;dhbB
bsu01110;dhbE
bsu01110;dhbC
bsu01110;dhbA
bsu01110;dapF
bsu01110;thrB
bsu01110;thrC
bsu01110;hom
bsu01110;yusH
bsu01110;yusK
bsu01110;fadM
bsu01110;fumC
bsu01110;eno
bsu01110;pgm
bsu01110;tpiA
bsu01110;pgk
bsu01110;gapA
bsu01110;hisI
bsu01110;hisF
bsu01110;hisA
bsu01110;hisH
bsu01110;hisB
bsu01110;hisD
bsu01110;hisG
bsu01110;hisZ
bsu01110;yvyI
bsu01110;alsS
bsu01110;glyA
bsu01110;ywlF
bsu01110;glpX
bsu01110;ywjH
bsu01110;fbaA
bsu01110;ywdH
bsu01110;menA
bsu01110;ywaA
bsu01110;katX
bsu01110;aldY
bsu01110;katE
bsu01110;aldX
bsu01110;asnH
bsu01110;glxK
bsu01110;gntK
bsu01110;gntZ
bsu01110;fbp
bsu01110;argI
bsu01110;rocD
bsu00230;dnaN
bsu00230;guaB
bsu00230;dck
bsu00230;dgk
bsu00230;dnaX
bsu00230;holB
bsu00230;prs
bsu00230;hprT
bsu00230;rpoB
bsu00230;rpoC
bsu00230;adk
bsu00230;rpoA
bsu00230;purT
bsu00230;guaA
bsu00230;purE
bsu00230;purK
bsu00230;purB
bsu00230;purC
bsu00230;purS
bsu00230;purQ
bsu00230;purL
bsu00230;purF
bsu00230;purM
bsu00230;purN
bsu00230;purH
bsu00230;purD
bsu00230;yerA
bsu00230;yfkN
bsu00230;yhcV
bsu00230;pgcA
bsu00230;yisZ
bsu00230;sat
bsu00230;yjbM
bsu00230;guaD
bsu00230;adeC
bsu00230;sat
bsu00230;cysC
bsu00230;gmk
bsu00230;rpoZ
bsu00230;polC
bsu00230;pnpA
bsu00230;nrdE
bsu00230;nrdF
bsu00230;deoD
bsu00230;nrdF
bsu00230;nrdEB
bsu00230;yorL
bsu00230;xpt
bsu00230;ndk
bsu00230;pupG
bsu00230;drm
bsu00230;nudF
bsu00230;holA
bsu00230;relA
bsu00230;apt
bsu00230;ysnA
bsu00230;polA
bsu00230;pyk
bsu00230;dnaE
bsu00230;guaC
bsu00230;pucH
bsu00230;pucL
bsu00230;pucM
bsu00230;pucE
bsu00230;pucD
bsu00230;pucC
bsu00230;pucB
bsu00230;pucA
bsu00230;pucG
bsu00230;yurH
bsu00230;ureC
bsu00230;ureB
bsu00230;ureA
bsu00230;rpoE
bsu00230;ywaC
bsu00230;purA
bsu00590;bsaA
bsu00121;yxeI
bsu00600;yesZ
bsu00600;melA
bsu00627;phoD
bsu00627;phoB
bsu00627;yetO
bsu00627;yflL
bsu00627;phoA
bsu00627;cypB
bsu00627;yutF
bsu00620;ycbD
bsu00620;ldh
bsu00620;ydaP
bsu00620;yfmT
bsu00620;yflL
bsu00620;acoA
bsu00620;acoB
bsu00620;acoC
bsu00620;acoL
bsu00620;yhfS
bsu00620;pdhA
bsu00620;pdhB
bsu00620;pdhC
bsu00620;pdhD
bsu00620;pycA
bsu00620;yngH
bsu00620;pps
bsu00620;dhaS
bsu00620;mleA
bsu00620;lpdV
bsu00620;mmgA
bsu00620;accC
bsu00620;accB
bsu00620;leuA
bsu00620;ysfE
bsu00620;mdh
bsu00620;pyk
bsu00620;accA
bsu00620;accD
bsu00620;ytsJ
bsu00620;ackA
bsu00620;ytcI
bsu00620;acsA
bsu00620;malS
bsu00620;pckA
bsu00620;fumC
bsu00620;yvkC
bsu00620;ywkA
bsu00620;eutD
bsu00620;ywdH
bsu00620;ywbC
bsu00620;aldY
bsu00620;aldX
bsu00620;yyaH
bsu01210;ybgE
bsu01210;yclM
bsu01210;citA
bsu01210;yhdR
bsu01210;argC
bsu01210;argJ
bsu01210;argB
bsu01210;argD
bsu01210;ylmB
bsu01210;asd
bsu01210;dapG
bsu01210;citB
bsu01210;yodQ
bsu01210;ilvD
bsu01210;aspB
bsu01210;mmgD
bsu01210;leuD
bsu01210;leuC
bsu01210;leuB
bsu01210;leuA
bsu01210;ilvC
bsu01210;ilvH
bsu01210;ilvB
bsu01210;lysC
bsu01210;icd
bsu01210;citZ
bsu01210;alsS
bsu01210;ywaA
bsu03440;dnaN
bsu03440;recF
bsu03440;dnaX
bsu03440;recR
bsu03440;holB
bsu03440;priA
bsu03440;recG
bsu03440;polC
bsu03440;recA
bsu03440;yorL
bsu03440;yorK
bsu03440;recO
bsu03440;holA
bsu03440;yrrC
bsu03440;recJ
bsu03440;ruvB
bsu03440;ruvA
bsu03440;polA
bsu03440;dnaE
bsu03440;ssbA
bsu00471;ybgJ
bsu00471;ylaM
bsu00471;murD
bsu00471;yrpC
bsu00471;racE
bsu00471;murC
bsu00020;acoA
bsu00020;acoB
bsu00020;acoC
bsu00020;acoL
bsu00020;citA
bsu00020;pdhA
bsu00020;pdhB
bsu00020;pdhC
bsu00020;pdhD
bsu00020;pycA
bsu00020;sucC
bsu00020;sucD
bsu00020;citB
bsu00020;odhB
bsu00020;sucA
bsu00020;lpdV
bsu00020;mmgD
bsu00020;sdhB
bsu00020;sdhA
bsu00020;sdhC
bsu00020;mdh
bsu00020;icd
bsu00020;citZ
bsu00020;pckA
bsu00020;fumC
bsu00240;dnaN
bsu00240;dck
bsu00240;dnaX
bsu00240;tmk
bsu00240;holB
bsu00240;rpoB
bsu00240;rpoC
bsu00240;rpoA
bsu00240;ycgT
bsu00240;yfkN
bsu00240;carA
bsu00240;carB
bsu00240;pyrR
bsu00240;pyrB
bsu00240;pyrC
bsu00240;pyrAA
bsu00240;carB
bsu00240;pyrK
bsu00240;pyrD
bsu00240;pyrF
bsu00240;pyrE
bsu00240;rpoZ
bsu00240;pyrH
bsu00240;polC
bsu00240;pnpA
bsu00240;nrdE
bsu00240;nrdF
bsu00240;yncF
bsu00240;thyA
bsu00240;deoD
bsu00240;yosS
bsu00240;nrdF
bsu00240;nrdEB
bsu00240;yorL
bsu00240;thyA
bsu00240;ndk
bsu00240;cmk
bsu00240;pupG
bsu00240;cdd
bsu00240;holA
bsu00240;comEB
bsu00240;udk
bsu00240;polA
bsu00240;dnaE
bsu00240;yumC
bsu00240;trxB
bsu00240;upp
bsu00240;tdk
bsu00240;pyrG
bsu00240;rpoE
bsu00240;pdp
bsu03018;cshA
bsu03018;groEL
bsu03018;rnjA
bsu03018;pnpA
bsu03018;rnjB
bsu03018;ymdA
bsu03018;hfq
bsu03018;yocI
bsu03018;recQ
bsu03018;dnaK
bsu03018;pfkA
bsu03018;rnr
bsu03018;eno
bsu03018;rho
bsu00650;gabT
bsu00650;gabD
bsu00650;ycsA
bsu00650;bdhA
bsu00650;yhfS
bsu00650;yngG
bsu00650;buk
bsu00650;ptb
bsu00650;mmgB
bsu00650;mmgA
bsu00650;ilvH
bsu00650;ilvB
bsu00650;sdhB
bsu00650;sdhA
bsu00650;sdhC
bsu00650;fadN
bsu00650;alsD
bsu00650;alsS
bsu00650;yxjF
bsu00650;scoB
bsu00650;scoA
bsu00380;ycbD
bsu00380;yetO
bsu00380;yfmT
bsu00380;katA
bsu00380;yhfS
bsu00380;dhaS
bsu00380;sucA
bsu00380;mmgA
bsu00380;cypB
bsu00380;ywdH
bsu00380;katX
bsu00380;aldY
bsu00380;katE
bsu00380;aldX
bsu00920;cysK
bsu00920;cysE
bsu00920;ssuB
bsu00920;ssuA
bsu00920;ssuC
bsu00920;ssuD
bsu00920;yisZ
bsu00920;sat
bsu00920;yitB
bsu00920;yjcI
bsu00920;cysH
bsu00920;sat
bsu00920;cysC
bsu00920;metA
bsu00920;yrhB
bsu00920;nrnA
bsu00920;ytkP
bsu00920;yvgQ
bsu00920;cysJ
bsu00430;ggt
bsu00430;gudB
bsu00430;ackA
bsu00430;cdoA
bsu00430;ald
bsu00430;ywrD
bsu00430;eutD
bsu00430;rocG
bsu00460;ansZ
bsu00460;ggt
bsu00460;ansA
bsu00460;ywrD
bsu00460;glyA
bsu00970;serS
bsu00970;metS
bsu00970;lysS
bsu00970;gltX
bsu00970;cysS
bsu00970;gatC
bsu00970;gatA
bsu00970;gatB
bsu00970;trpS
bsu00970;ileS
bsu00970;fmt
bsu00970;proS
bsu00970;asnC
bsu00970;glyS
bsu00970;glyQ
bsu00970;alaS
bsu00970;aspS
bsu00970;hisS
bsu00970;valS
bsu00970;pheT
bsu00970;pheS
bsu00970;thrS
bsu00970;tyrS
bsu00970;leuS
bsu00970;argS
bsu00970;thrZ
bsu00970;tyrZ
bsu00970;trnY-Phe
bsu00970;trnSL-Met1
bsu00970;trnSL-Glu1
bsu00970;trnJ-Val
bsu00970;trnJ-Thr
bsu00970;trnJ-Lys
bsu00970;trnJ-Leu1
bsu00970;trnJ-Gly
bsu00970;trnJ-Leu2
bsu00970;trnJ-Arg
bsu00970;trnJ-Pro
bsu00970;trnY-Asp
bsu00970;trnJ-Ala
bsu00970;trnE-Met
bsu00970;trnE-Asp
bsu00970;trnI-Asn
bsu00970;trnI-Thr
bsu00970;trnI-Gly
bsu00970;trnI-Arg
bsu00970;trnI-Pro
bsu00970;trnI-Ala
bsu00970;trnD-Asn
bsu00970;trnY-Glu
bsu00970;trnD-Ser
bsu00970;trnD-Glu
bsu00970;trnD-Val
bsu00970;trnD-Met
bsu00970;trnD-Asp
bsu00970;trnD-Phe
bsu00970;trnD-Thr
bsu00970;trnD-Tyr
bsu00970;trnD-Trp
bsu00970;trnD-His
bsu00970;trnY-Lys
bsu00970;trnD-Gln
bsu00970;trnD-Gly
bsu00970;trnD-Cys
bsu00970;trnD-Leu1
bsu00970;trnD-Leu2
bsu00970;trnS-Asn
bsu00970;trnS-Ser
bsu00970;trnS-Glu
bsu00970;trnS-Gln
bsu00970;trnS-Lys
bsu00970;trnO-Ile
bsu00970;trnS-Leu1
bsu00970;trnS-Leu2
bsu00970;trnB-Val
bsu00970;trnB-Thr
bsu00970;trnB-Lys
bsu00970;trnB-Leu1
bsu00970;trnB-Gly1
bsu00970;trnB-Leu2
bsu00970;trnB-Arg
bsu00970;trnB-Pro
bsu00970;trnO-Ala
bsu00970;trnB-Ala
bsu00970;trnB-Met1
bsu00970;trnB-Met3
bsu00970;trnB-Ser1
bsu00970;trnB-Met2
bsu00970;trnB-Asp
bsu00970;trnB-Phe
bsu00970;trnB-His
bsu00970;trnB-Gly2
bsu00970;trnB-Ile2
bsu00970;trnSL-Ser1
bsu00970;trnB-Asn
bsu00970;trnB-Ser2
bsu00970;trnB-Glu
bsu00970;trnSL-Gln1
bsu00970;trnSL-Gln2
bsu00970;trnSL-Glu2
bsu00970;trnSL-Thr1
bsu00970;trnSL-Tyr1
bsu00970;trnSL-Val1
bsu00970;trnE-Arg
bsu00970;trnA-Ile
bsu00970;trnE-Gly
bsu00970;trnQ-Arg
bsu00970;trnSL-Gly1
bsu00970;trnSL-Val2
bsu00970;trnSL-Arg2
bsu00970;trnSL-Arg1
bsu00970;trnSL-Ala1
bsu00970;trnA-Ala
bsu03410;alkA
bsu03410;ligA
bsu03410;yfjP
bsu03410;yfhQ
bsu03410;yorK
bsu03410;ligB
bsu03410;nth
bsu03410;yqfS
bsu03410;recJ
bsu03410;mutM
bsu03410;polA
bsu03410;ung
bsu03410;yxlJ
bsu03410;exoAA
bsu00523;spsL
bsu00523;spsK
bsu00523;spsJ
bsu00523;spsI
bsu00362;catE
bsu00362;yhfS
bsu00362;mmgB
bsu00362;mmgA
bsu00362;ysiB
bsu00362;yusK
bsu00362;fadN
bsu00362;ywhB
bsu03020;rpoB
bsu03020;rpoC
bsu03020;rpoA
bsu03020;rpoZ
bsu03020;rpoE
bsu03030;dnaN
bsu03030;dnaX
bsu03030;holB
bsu03030;ligA
bsu03030;rnhB
bsu03030;polC
bsu03030;yorL
bsu03030;ligB
bsu03030;ypeP
bsu03030;ypdQ
bsu03030;dnaG
bsu03030;holA
bsu03030;rnhC
bsu03030;polA
bsu03030;dnaE
bsu03030;dnaC
bsu03030;ssbA
bsu00660;sucC
bsu00660;sucD
bsu00660;leuD
bsu00660;leuC
bsu00660;leuB
bsu00660;ilvH
bsu00660;ilvB
bsu00660;alsD
bsu00660;alsS
bsu01054;srfAA
bsu01054;srfAB
bsu01054;srfAC
bsu01054;ppsE
bsu01054;ppsD
bsu01054;ppsC
bsu01054;ppsB
bsu01054;ppsA
bsu01054;racX
bsu00010;ycbD
bsu00010;ldh
bsu00010;bglC
bsu00010;gmuD
bsu00010;yfmT
bsu00010;acoA
bsu00010;acoB
bsu00010;acoC
bsu00010;acoL
bsu00010;pgcA
bsu00010;ptsG
bsu00010;pdhA
bsu00010;pdhB
bsu00010;pdhC
bsu00010;pdhD
bsu00010;yoxA
bsu00010;dhaS
bsu00010;ypqE
bsu00010;lpdV
bsu00010;glcK
bsu00010;adhB
bsu00010;gapB
bsu00010;pyk
bsu00010;pfkA
bsu00010;ytcI
bsu00010;acsA
bsu00010;pckA
bsu00010;pgi
bsu00010;eno
bsu00010;pgm
bsu00010;tpiA
bsu00010;pgk
bsu00010;gapA
bsu00010;glpX
bsu00010;fbaA
bsu00010;ywdH
bsu00010;licH
bsu00010;aldY
bsu00010;bglH
bsu00010;aldX
bsu00010;bglA
bsu00010;yyzE
bsu00010;fbp
bsu00900;ipk
bsu00900;ispD
bsu00900;ispF
bsu00900;yhfS
bsu00900;uppS
bsu00900;dxr
bsu00900;hepT
bsu00900;hepS
bsu00900;fni
bsu00900;mmgA
bsu00900;dxs
bsu00900;ispA
bsu00900;ispG
bsu00900;ispH
bsu00480;ggt
bsu00480;bsaA
bsu00480;zwf
bsu00480;yqjI
bsu00480;yqeC
bsu00480;icd
bsu00480;yuiE
bsu00480;ywrD
bsu00480;speE
bsu00480;gntZ
bsu01502;ddl
bsu01502;murF
bsu01502;alrA
bsu01502;mraY
bsu01502;murG
bsu01502;alrB
bsu01502;yodJ
bsu00906;yisP
bsu03430;dnaN
bsu03430;dnaX
bsu03430;holB
bsu03430;pcrA
bsu03430;ligA
bsu03430;yjcD
bsu03430;polC
bsu03430;mutS
bsu03430;mutL
bsu03430;yorL
bsu03430;yorK
bsu03430;ligB
bsu03430;xseB
bsu03430;xseA
bsu03430;holA
bsu03430;recJ
bsu03430;mutSB
bsu03430;dnaE
bsu03430;helD
bsu03430;ssbA
bsu01100;dnaN
bsu01100;guaB
bsu01100;dacA
bsu01100;dck
bsu01100;dnaX
bsu01100;tmk
bsu01100;holB
bsu01100;ipk
bsu01100;glmU
bsu01100;prs
bsu01100;hprT
bsu01100;coaX
bsu01100;cysK
bsu01100;sul
bsu01100;folB
bsu01100;folK
bsu01100;ispD
bsu01100;ispF
bsu01100;gltX
bsu01100;cysE
bsu01100;rpoB
bsu01100;rpoC
bsu01100;adk
bsu01100;rpoA
bsu01100;ybbD
bsu01100;murQ
bsu01100;glmM
bsu01100;glmS
bsu01100;ndhF
bsu01100;ybcM
bsu01100;purT
bsu01100;pssA
bsu01100;psd
bsu01100;nagBB
bsu01100;ybgE
bsu01100;mmuM
bsu01100;ybgJ
bsu01100;ycbC
bsu01100;ycbD
bsu01100;gudD
bsu01100;phoD
bsu01100;ansZ
bsu01100;estA
bsu01100;ycdG
bsu01100;amyE
bsu01100;ldh
bsu01100;nadE
bsu01100;aroK
bsu01100;ycgM
bsu01100;ycgN
bsu01100;nasF
bsu01100;yciA
bsu01100;hxlB
bsu01100;hxlA
bsu01100;yclB
bsu01100;yclM
bsu01100;ycnD
bsu01100;gabT
bsu01100;gabD
bsu01100;ydaP
bsu01100;ddl
bsu01100;murF
bsu01100;alrA
bsu01100;phoB
bsu01100;gmuE
bsu01100;gmuF
bsu01100;thiL
bsu01100;moaC
bsu01100;ydiO
bsu01100;ydiP
bsu01100;gutB
bsu01100;ydjE
bsu01100;guaA
bsu01100;purE
bsu01100;purK
bsu01100;purB
bsu01100;purC
bsu01100;purS
bsu01100;purQ
bsu01100;purL
bsu01100;purF
bsu01100;purM
bsu01100;purN
bsu01100;purH
bsu01100;purD
bsu01100;yerA
bsu01100;gatC
bsu01100;gatA
bsu01100;gatB
bsu01100;yerQ
bsu01100;yesZ
bsu01100;ltaSA
bsu01100;yfnH
bsu01100;yfnB
bsu01100;yfmT
bsu01100;nosA
bsu01100;yflE
bsu01100;yfkN
bsu01100;acoA
bsu01100;acoB
bsu01100;acoC
bsu01100;acoL
bsu01100;catE
bsu01100;estB
bsu01100;fabL
bsu01100;gsaB
bsu01100;thiC
bsu01100;yhcV
bsu01100;glpK
bsu01100;pgcA
bsu01100;phoA
bsu01100;citA
bsu01100;plsC
bsu01100;yhdR
bsu01100;dat
bsu01100;hemZ
bsu01100;serC
bsu01100;hemE
bsu01100;hemH
bsu01100;hemY
bsu01100;fabHB
bsu01100;yhfL
bsu01100;yhfS
bsu01100;yhfT
bsu01100;asnO
bsu01100;yisP
bsu01100;yisZ
bsu01100;sat
bsu01100;yitB
bsu01100;yitJ
bsu01100;argC
bsu01100;argJ
bsu01100;argB
bsu01100;argD
bsu01100;carA
bsu01100;carB
bsu01100;argF
bsu01100;fabHA
bsu01100;fabF
bsu01100;ppnK
bsu01100;tenA
bsu01100;tenI
bsu01100;thiO
bsu01100;thiG
bsu01100;thiF
bsu01100;yjbV
bsu01100;fabI
bsu01100;yjcI
bsu01100;yjcJ
bsu01100;manP
bsu01100;manA
bsu01100;ctaO
bsu01100;yjgC
bsu01100;hemD
bsu01100;uxaC
bsu01100;yjmD
bsu01100;uxuA
bsu01100;uxaB
bsu01100;uxaA
bsu01100;ykcC
bsu01100;proG
bsu01100;ykgB
bsu01100;proB
bsu01100;proA
bsu01100;guaD
bsu01100;metE
bsu01100;mtnA
bsu01100;mtnK
bsu01100;ykrV
bsu01100;mtnW
bsu01100;mtnX
bsu01100;mtnB
bsu01100;mtnD
bsu01100;queC
bsu01100;queD
bsu01100;queE
bsu01100;ykvM
bsu01100;patA
bsu01100;dapH
bsu01100;dapL
bsu01100;moaE
bsu01100;moaD
bsu01100;fruA
bsu01100;ykpB
bsu01100;adeC
bsu01100;pdhA
bsu01100;pdhB
bsu01100;pdhC
bsu01100;pdhD
bsu01100;speA
bsu01100;suhB
bsu01100;ylaM
bsu01100;pycA
bsu01100;ctaA
bsu01100;ctaB
bsu01100;ctaC
bsu01100;ctaD
bsu01100;ctaE
bsu01100;ctaF
bsu01100;coaD
bsu01100;ylbQ
bsu01100;mraY
bsu01100;murD
bsu01100;murG
bsu01100;murB
bsu01100;ylmB
bsu01100;pyrR
bsu01100;pyrB
bsu01100;pyrC
bsu01100;pyrAA
bsu01100;carB
bsu01100;pyrK
bsu01100;pyrD
bsu01100;pyrF
bsu01100;pyrE
bsu01100;cysH
bsu01100;sat
bsu01100;cysC
bsu01100;sumT
bsu01100;sirB
bsu01100;sirC
bsu01100;gmk
bsu01100;rpoZ
bsu01100;coaBC
bsu01100;rpe
bsu01100;thiN
bsu01100;sdaAB
bsu01100;sdaAA
bsu01100;plsX
bsu01100;fabD
bsu01100;fabG
bsu01100;sucC
bsu01100;sucD
bsu01100;pyrH
bsu01100;cdsA
bsu01100;dxr
bsu01100;polC
bsu01100;ribC
bsu01100;asd
bsu01100;dapG
bsu01100;dapA
bsu01100;fabG
bsu01100;pgsA
bsu01100;miaA
bsu01100;nrdE
bsu01100;nrdF
bsu01100;glnA
bsu01100;xynB
bsu01100;xylA
bsu01100;xylB
bsu01100;alrB
bsu01100;yncF
bsu01100;thyA
bsu01100;tkt
bsu01100;citB
bsu01100;yneS
bsu01100;eglS
bsu01100;yngB
bsu01100;yngG
bsu01100;yngH
bsu01100;yoxA
bsu01100;ggt
bsu01100;gltD
bsu01100;gltA
bsu01100;proJ
bsu01100;proH
bsu01100;yoaD
bsu01100;yoaN
bsu01100;pps
bsu01100;dhaS
bsu01100;odhB
bsu01100;sucA
bsu01100;deoD
bsu01100;yodQ
bsu01100;yosS
bsu01100;nrdF
bsu01100;nrdEB
bsu01100;mtbP
bsu01100;yorL
bsu01100;ilvA
bsu01100;dfrA
bsu01100;thyA
bsu01100;ilvD
bsu01100;metA
bsu01100;ugtP
bsu01100;xpt
bsu01100;kdgA
bsu01100;kdgK
bsu01100;ponA
bsu01100;aspB
bsu01100;panD
bsu01100;panC
bsu01100;panB
bsu01100;birA
bsu01100;dapB
bsu01100;qcrC
bsu01100;qcrB
bsu01100;qcrA
bsu01100;aroE
bsu01100;tyrA
bsu01100;hisC
bsu01100;trpA
bsu01100;trpB
bsu01100;trpF
bsu01100;trpC
bsu01100;trpD
bsu01100;trpE
bsu01100;aroH
bsu01100;aroB
bsu01100;aroF
bsu01100;ndk
bsu01100;ubiE
bsu01100;folE
bsu01100;fni
bsu01100;cmk
bsu01100;gudB
bsu01100;serA
bsu01100;aroD
bsu01100;ribH
bsu01100;ribA
bsu01100;ribE
bsu01100;ribD
bsu01100;lysA
bsu01100;dacF
bsu01100;pupG
bsu01100;aspA
bsu01100;ansA
bsu01100;coaA
bsu01100;proI
bsu01100;zwf
bsu01100;yqjI
bsu01100;yqjD
bsu01100;yqjC
bsu01100;bkdB
bsu01100;bkdAB
bsu01100;bkdAA
bsu01100;lpdV
bsu01100;buk
bsu01100;bcd
bsu01100;ptb
bsu01100;mmgD
bsu01100;mmgB
bsu01100;mmgA
bsu01100;dxs
bsu01100;ispA
bsu01100;folD
bsu01100;accC
bsu01100;accB
bsu01100;yqhS
bsu01100;gcvPB
bsu01100;gcvPA
bsu01100;gcvT
bsu01100;glcK
bsu01100;yqgN
bsu01100;ispG
bsu01100;ispH
bsu01100;cdd
bsu01100;hemN
bsu01100;holA
bsu01100;comEB
bsu01100;nadD
bsu01100;aroE
bsu01100;yqeC
bsu01100;bltD
bsu01100;yrpC
bsu01100;csn
bsu01100;adhB
bsu01100;yrhE
bsu01100;yrhB
bsu01100;mccA
bsu01100;mtn
bsu01100;yrrT
bsu01100;udk
bsu01100;iscS
bsu01100;apt
bsu01100;yrbE
bsu01100;nadA
bsu01100;nadC
bsu01100;nadB
bsu01100;nifS
bsu01100;pheA
bsu01100;pheB
bsu01100;folC
bsu01100;hemL
bsu01100;hemB
bsu01100;hemD
bsu01100;hemC
bsu01100;hemA
bsu01100;leuD
bsu01100;leuC
bsu01100;leuB
bsu01100;leuA
bsu01100;ilvC
bsu01100;ilvH
bsu01100;ilvB
bsu01100;racE
bsu01100;sdhB
bsu01100;sdhA
bsu01100;sdhC
bsu01100;lysC
bsu01100;ysiB
bsu01100;lcfA
bsu01100;glcD
bsu01100;glcF
bsu01100;araD
bsu01100;araB
bsu01100;araA
bsu01100;ysdC
bsu01100;speD
bsu01100;gapB
bsu01100;coaE
bsu01100;polA
bsu01100;mdh
bsu01100;icd
bsu01100;citZ
bsu01100;pyk
bsu01100;pfkA
bsu01100;accA
bsu01100;accD
bsu01100;dnaE
bsu01100;nrnA
bsu01100;fabG
bsu01100;argH
bsu01100;argG
bsu01100;ackA
bsu01100;ppnK
bsu01100;ytcI
bsu01100;ytbJ
bsu01100;iscS
bsu01100;hisJ
bsu01100;acsA
bsu01100;aroA
bsu01100;murC
bsu01100;ytkP
bsu01100;ytjP
bsu01100;bioI
bsu01100;bioB
bsu01100;bioD
bsu01100;bioF
bsu01100;bioA
bsu01100;bioW
bsu01100;asnB
bsu01100;metK
bsu01100;pckA
bsu01100;luxS
bsu01100;ythA
bsu01100;ythB
bsu01100;menC
bsu01100;menE
bsu01100;menB
bsu01100;ytxM
bsu01100;menD
bsu01100;menF
bsu01100;ytdA
bsu01100;ytcA
bsu01100;glgP
bsu01100;glgA
bsu01100;glgD
bsu01100;glgC
bsu01100;glgB
bsu01100;gbsB
bsu01100;gbsA
bsu01100;cdoA
bsu01100;yugT
bsu01100;pgi
bsu01100;patB
bsu01100;yueK
bsu01100;ald
bsu01100;dhbC
bsu01100;yuiE
bsu01100;dapF
bsu01100;thrB
bsu01100;thrC
bsu01100;hom
bsu01100;lipA
bsu01100;pucH
bsu01100;pucL
bsu01100;pucM
bsu01100;pucE
bsu01100;pucD
bsu01100;pucC
bsu01100;pucB
bsu01100;pucA
bsu01100;sufS
bsu01100;yusH
bsu01100;yusK
bsu01100;fadN
bsu01100;fadM
bsu01100;fumC
bsu01100;yvqK
bsu01100;oxdC
bsu01100;yvgQ
bsu01100;cysJ
bsu01100;eno
bsu01100;pgm
bsu01100;tpiA
bsu01100;pgk
bsu01100;gapA
bsu01100;sacB
bsu01100;malL
bsu01100;yvdK
bsu01100;yvcT
bsu01100;hisI
bsu01100;hisF
bsu01100;hisA
bsu01100;hisH
bsu01100;hisB
bsu01100;hisD
bsu01100;hisG
bsu01100;hisZ
bsu01100;nagBA
bsu01100;yvkC
bsu01100;tuaD
bsu01100;mnaA
bsu01100;gtaB
bsu01100;yvyI
bsu01100;rbsK
bsu01100;alsS
bsu01100;ywrD
bsu01100;ywqF
bsu01100;fabZ
bsu01100;clsA
bsu01100;ureC
bsu01100;ureB
bsu01100;ureA
bsu01100;moaA
bsu01100;murAA
bsu01100;atpC
bsu01100;atpD
bsu01100;atpG
bsu01100;atpA
bsu01100;atpH
bsu01100;atpF
bsu01100;atpE
bsu01100;atpB
bsu01100;upp
bsu01100;glyA
bsu01100;ywlF
bsu01100;tdk
bsu01100;glpX
bsu01100;murAB
bsu01100;ywjH
bsu01100;fbaA
bsu01100;pyrG
bsu01100;rpoE
bsu01100;clsB
bsu01100;ywiE
bsu01100;speB
bsu01100;speE
bsu01100;ywhB
bsu01100;eutD
bsu01100;rocA
bsu01100;rocG
bsu01100;spsL
bsu01100;spsK
bsu01100;spsJ
bsu01100;spsI
bsu01100;ywdH
bsu01100;thiD
bsu01100;sacA
bsu01100;nfrA
bsu01100;qoxD
bsu01100;qoxC
bsu01100;qoxB
bsu01100;qoxA
bsu01100;galT
bsu01100;galK
bsu01100;thiE
bsu01100;thiM
bsu01100;menA
bsu01100;ywaA
bsu01100;cydB
bsu01100;cydA
bsu01100;aldY
bsu01100;galE
bsu01100;yxjF
bsu01100;hutH
bsu01100;hutU
bsu01100;hutI
bsu01100;hutG
bsu01100;pdp
bsu01100;yxeI
bsu01100;iolJ
bsu01100;iolG
bsu01100;iolE
bsu01100;iolD
bsu01100;iolC
bsu01100;iolB
bsu01100;mmsA
bsu01100;aldX
bsu01100;asnH
bsu01100;glxK
bsu01100;gntK
bsu01100;gntZ
bsu01100;fbp
bsu01100;yycR
bsu01100;argI
bsu01100;rocD
bsu01100;purA
bsu00270;cysK
bsu00270;cysE
bsu00270;ybgE
bsu00270;mmuM
bsu00270;ldh
bsu00270;yclM
bsu00270;ydiO
bsu00270;ydiP
bsu00270;yhdR
bsu00270;yitJ
bsu00270;yjcI
bsu00270;yjcJ
bsu00270;metE
bsu00270;mtnA
bsu00270;mtnK
bsu00270;ykrV
bsu00270;mtnW
bsu00270;mtnX
bsu00270;mtnB
bsu00270;mtnD
bsu00270;sdaAB
bsu00270;sdaAA
bsu00270;asd
bsu00270;dapG
bsu00270;mtbP
bsu00270;metA
bsu00270;aspB
bsu00270;yrhB
bsu00270;mccA
bsu00270;mtn
bsu00270;yrrT
bsu00270;lysC
bsu00270;speD
bsu00270;mdh
bsu00270;ytkP
bsu00270;metK
bsu00270;luxS
bsu00270;cdoA
bsu00270;patB
bsu00270;hom
bsu00270;speE
bsu00270;ywaA
bsu00401;yhdR
bsu00401;aspB
bsu00401;tyrA
bsu00401;hisC
bsu00561;ycbD
bsu00561;estA
bsu00561;yerQ
bsu00561;ltaSA
bsu00561;yfmT
bsu00561;yflE
bsu00561;estB
bsu00561;glpK
bsu00561;plsC
bsu00561;plsX
bsu00561;yneS
bsu00561;dhaS
bsu00561;ugtP
bsu00561;melA
bsu00561;ywdH
bsu00561;aldY
bsu00561;aldX
bsu00561;glxK
bsu00071;ycbD
bsu00071;yetO
bsu00071;yfmT
bsu00071;yhfL
bsu00071;yhfS
bsu00071;yhfT
bsu00071;dhaS
bsu00071;mmgA
bsu00071;adhB
bsu00071;cypB
bsu00071;ysiB
bsu00071;lcfA
bsu00071;yusK
bsu00071;fadN
bsu00071;ywdH
bsu00071;aldY
bsu00071;aldX
bsu00361;yfnB
bsu00361;catE
bsu00640;ldh
bsu00640;gabT
bsu00640;acoL
bsu00640;yhfS
bsu00640;pdhD
bsu00640;sucC
bsu00640;sucD
bsu00640;yngH
bsu00640;mgsA
bsu00640;yqjD
bsu00640;yqjC
bsu00640;bkdB
bsu00640;bkdAB
bsu00640;bkdAA
bsu00640;lpdV
bsu00640;prpB
bsu00640;prpD
bsu00640;mmgA
bsu00640;accC
bsu00640;accB
bsu00640;accA
bsu00640;accD
bsu00640;ackA
bsu00640;ytcI
bsu00640;acsA
bsu00640;eutD
bsu00640;mmsA
bsu03060;secE
bsu03060;secY
bsu03060;tatAD
bsu03060;tatCD
bsu03060;sipU
bsu03060;tatAY
bsu03060;tatCY
bsu03060;sipV
bsu03060;sipT
bsu03060;lspA
bsu03060;ftsY
bsu03060;ffh
bsu03060;tatAC
bsu03060;sipS
bsu03060;yqjG
bsu03060;sipW
bsu03060;secDF
bsu03060;yajC
bsu03060;secG
bsu03060;secA
bsu03060;spoIIIJ
bsu03060;scr
bsu00332;proB
bsu00332;proA
bsu00332;proJ
bsu00040;ycbD
bsu00040;gutB
bsu00040;yfmT
bsu00040;pel
bsu00040;uxaC
bsu00040;yjmD
bsu00040;uxuA
bsu00040;uxaB
bsu00040;uxaA
bsu00040;rpe
bsu00040;xylA
bsu00040;xylB
bsu00040;yngB
bsu00040;dhaS
bsu00040;kduI
bsu00040;kduD
bsu00040;araD
bsu00040;araB
bsu00040;araA
bsu00040;ytdA
bsu00040;ytcA
bsu00040;yulC
bsu00040;pelC
bsu00040;tuaD
bsu00040;gtaB
bsu00040;ywqF
bsu00040;ywdH
bsu00040;aldY
bsu00040;aldX
bsu01040;fabG
bsu01040;fabG
bsu01040;fabG
bsu00053;ycbC
bsu00053;ycbD
bsu00053;gudD
bsu00053;garD
bsu00053;yfmT
bsu00053;dhaS
bsu00053;ytcA
bsu00053;tuaD
bsu00053;ywqF
bsu00053;ywdH
bsu00053;aldY
bsu00053;aldX
bsu01220;catE
bsu01220;yoaI
bsu01220;adhB
bsu01220;ywhB
bsu02040;motB
bsu02040;motA
bsu02040;flgB
bsu02040;flgC
bsu02040;fliE
bsu02040;fliF
bsu02040;fliG
bsu02040;fliH
bsu02040;fliI
bsu02040;fliJ
bsu02040;fliK
bsu02040;flgD
bsu02040;flgG
bsu02040;fliM
bsu02040;fliY
bsu02040;fliZ
bsu02040;fliP
bsu02040;fliQ
bsu02040;fliR
bsu02040;flhB
bsu02040;flhA
bsu02040;ytxE
bsu02040;ytxD
bsu02040;yvzB
bsu02040;fliT
bsu02040;fliS
bsu02040;fliD
bsu02040;hag
bsu02040;flgL
bsu02040;flgK
bsu02040;flgM
bsu02040;flhP
bsu02040;flhO
bsu00030;prs
bsu00030;ycdF
bsu00030;hxlB
bsu00030;hxlA
bsu00030;gdh
bsu00030;pgcA
bsu00030;ykgB
bsu00030;rpe
bsu00030;tkt
bsu00030;kdgA
bsu00030;kdgK
bsu00030;drm
bsu00030;zwf
bsu00030;yqjI
bsu00030;yqeC
bsu00030;pfkA
bsu00030;pgi
bsu00030;yvcT
bsu00030;rbsK
bsu00030;ywlF
bsu00030;glpX
bsu00030;ywjH
bsu00030;fbaA
bsu00030;deoC
bsu00030;gntK
bsu00030;gntZ
bsu00030;fbp
bsu00473;ddl
bsu00473;alrA
bsu00473;dat
bsu00473;alrB
bsu00473;dltA
bsu00473;dltC
bsu00790;pabB
bsu00790;pabA
bsu00790;pabC
bsu00790;sul
bsu00790;folB
bsu00790;folK
bsu00790;phoD
bsu00790;yciA
bsu00790;phoB
bsu00790;moaC
bsu00790;phoA
bsu00790;queC
bsu00790;queD
bsu00790;queE
bsu00790;ykvM
bsu00790;moaE
bsu00790;moaD
bsu00790;dfrA
bsu00790;folE
bsu00790;folC
bsu00790;moaA
bsu00550;dacA
bsu00550;ddl
bsu00550;murF
bsu00550;pbpF
bsu00550;pbpB
bsu00550;murE
bsu00550;mraY
bsu00550;murD
bsu00550;murG
bsu00550;murB
bsu00550;dacC
bsu00550;yodJ
bsu00550;ponA
bsu00550;dacF
bsu00550;dgkA
bsu00550;murC
bsu00550;yubB
bsu00550;bcrC
bsu00550;murAA
bsu00550;murAB
bsu00760;nadE
bsu00760;gabD
bsu00760;yfkN
bsu00760;ppnK
bsu00760;cinA
bsu00760;deoD
bsu00760;pupG
bsu00760;nadD
bsu00760;nadA
bsu00760;nadC
bsu00760;nadB
bsu00760;ppnK
bsu00760;yueK
bsu04122;moaC
bsu04122;thiS
bsu04122;thiF
bsu04122;moeB
bsu04122;moaE
bsu04122;moaD
bsu04122;mnmA
bsu04122;iscS
bsu04122;nifS
bsu04122;ytbJ
bsu04122;iscS
bsu04122;moaA
bsu00860;nasF
bsu00860;gsaB
bsu00860;hemZ
bsu00860;hemE
bsu00860;hemH
bsu00860;hemY
bsu00860;ctaO
bsu00860;hemD
bsu00860;ctaA
bsu00860;ctaB
bsu00860;sumT
bsu00860;sirB
bsu00860;sirC
bsu00860;hemN
bsu00860;hemL
bsu00860;hemB
bsu00860;hemD
bsu00860;hemC
bsu00860;hemA
bsu00860;yvqK
bsu01053;menF
bsu01053;dhbF
bsu01053;dhbB
bsu01053;dhbE
bsu01053;dhbC
bsu01053;dhbA
bsu04931;glmS
bsu04931;ybcM
bsu04931;glgP
bsu00740;ycnD
bsu00740;ribC
bsu00740;ribH
bsu00740;ribA
bsu00740;ribE
bsu00740;ribD
bsu00740;nfrA
